arm,model,train_grid,test_grid,seed,unseen,normalize,nrmse,checkpoint,pred_n_P,pred_nrmse_P,pred_mae_P,pred_n_Q,pred_nrmse_Q,pred_mae_Q,pred_n_V,pred_nrmse_V,pred_mae_V,pred_n_theta,pred_nrmse_theta,pred_mae_theta,p95_P,p99_P,max_P,p95_Q,p99_Q,max_Q,p95_V,p99_V,max_V,p95_theta,p99_theta,max_theta,vm_n,vm_viol_rate_true,vm_viol_rate_pred,vm_false_secure,vm_false_alarm
within,gat,IEEE118,IEEE118,0,False,pu_zscore,0.0012472642119973,ckpt_norm/within_gat/within_gat_IEEE118_s0.pt,100,0.0122115593403577,23.151538848876957,5400,0.0020701398607343,2.6546623706817627,6400,0.00333310267888,0.0004442704957909,11700,0.0189982559531927,0.9487153887748718,41.3206901550293,78.04363250732422,109.28173828125,6.4127116203308105,17.693758010864258,226.102294921875,0.001138349995017,0.0026193729136139,0.0113746523857116,2.4094786643981934,14.618661880493164,44.42958068847656,6400,0.1332812458276748,0.1368750035762787,0.0046893316321074,0.0048674959689378
within,gat,IEEE118,IEEE118,100,False,pu_zscore,0.0018468636553734,ckpt_norm/within_gat/within_gat_IEEE118_s100.pt,100,0.0174479912966489,31.816974639892575,5400,0.003417287254706,4.998166561126709,6400,0.0031529911793768,0.0003612629079725,11700,0.0198096316307783,1.0976006984710691,76.1868667602539,138.69505310058594,143.527099609375,20.177295684814453,41.56696701049805,278.0029296875,0.0011645733611658,0.0024330012965947,0.0105576515197753,2.66723895072937,15.188639640808104,44.88351440429688,6400,0.1332812458276748,0.1340624988079071,0.0023446658160537,0.0012619433691725
within,gat,IEEE118,IEEE118,1000,False,pu_zscore,0.0016233465867117,ckpt_norm/within_gat/within_gat_IEEE118_s1000.pt,100,0.0183236878365278,38.57260894775391,5400,0.0027767193969339,2.808147668838501,6400,0.0025074523873627,0.0002907243324443,11700,0.0185879431664943,1.018458366394043,71.0404281616211,72.99858856201172,73.05224609375,8.39335823059082,27.1280574798584,320.669189453125,0.0009402066352777,0.0020917153451591,0.0087735652923583,2.782342433929444,13.119377136230469,44.1544189453125,6400,0.1332812458276748,0.1331250071525573,0.0023446658160537,0.0001802776241675
within,gat,IEEE118,IEEE118,300,False,pu_zscore,0.0014922526897862,ckpt_norm/within_gat/within_gat_IEEE118_s300.pt,100,0.0208041481673717,43.599754333496094,5400,0.0020980723202228,2.6462481021881104,6400,0.0029716554563492,0.0003503829357214,11700,0.0196875296533107,0.993891417980194,63.378562927246094,150.39463806152344,157.146484375,7.122341156005859,27.98160743713379,183.580078125,0.0011423777323216,0.0028056160081177,0.0090368390083312,2.6125073432922363,15.698164939880373,44.46673583984375,6400,0.1332812458276748,0.1353124976158142,0.0,0.0023436092305928
within,gat,IEEE118,IEEE118,700,False,pu_zscore,0.0018362551927566,ckpt_norm/within_gat/within_gat_IEEE118_s700.pt,100,0.0214452166110277,47.75530242919922,5400,0.0031216628849506,3.965609073638916,6400,0.0040531079284846,0.0003652221348602,11700,0.0200247187167406,1.11844003200531,70.2241439819336,93.61305236816406,99.728515625,12.006108283996582,30.7044734954834,247.466796875,0.0012942664325237,0.0026935993228107,0.0138026475906372,3.412439346313477,15.549603462219238,44.86042785644531,6400,0.1332812458276748,0.1324999928474426,0.0140679953619837,0.0012619433691725
within,gat,IEEE24,IEEE24,0,False,pu_zscore,0.0002394897746853,ckpt_norm/within_gat/within_gat_IEEE24_s0.pt,100,0.0008580255671404,0.6954787969589233,1100,0.0006151131237857,0.2757419347763061,1300,0.0007844621432013,5.2891235100105405e-05,2300,0.0006471434608101,0.0297908391803503,1.374444603919983,2.004819869995117,7.65313720703125,0.726664662361145,1.3204785585403442,4.6553955078125,0.0001303314638789,0.0002017796214204,0.0009004473686218,0.0684555023908615,0.1120290234684944,0.5019073486328125,1300,0.0192307699471712,0.0192307699471712,0.0,0.0
within,gat,IEEE24,IEEE24,100,False,pu_zscore,0.0003248702560085,ckpt_norm/within_gat/within_gat_IEEE24_s100.pt,100,0.0015298506477847,1.6502267122268677,1100,0.0006179837509989,0.2417292892932891,1300,0.0010598240187391,7.548300345661119e-05,2300,0.0006046563503332,0.0248956605792045,3.057128429412842,3.306051254272461,5.217132568359375,0.7672694325447083,1.949018955230713,3.1742095947265625,0.0001955300103873,0.0002874304191209,0.0011693239212036,0.0620871558785438,0.118541419506073,0.5289454460144043,1300,0.0192307699471712,0.0192307699471712,0.0,0.0
within,gat,IEEE24,IEEE24,1000,False,pu_zscore,0.0003745327703654,ckpt_norm/within_gat/within_gat_IEEE24_s1000.pt,100,0.001822639373131,1.921353816986084,1100,0.0006628055125474,0.2913297712802887,1300,0.0008310870616696,5.717538806493394e-05,2300,0.0006678701611235,0.0315210968255996,4.338079929351807,4.473623275756836,6.3212890625,0.8625079989433289,1.7333424091339111,2.303955078125,0.000145000158227,0.0002378708595642,0.0010278224945068,0.0744547024369239,0.1176650002598762,0.3439292907714844,1300,0.0192307699471712,0.0192307699471712,0.0,0.0
within,gat,IEEE24,IEEE24,300,False,pu_zscore,0.0002067900204565,ckpt_norm/within_gat/within_gat_IEEE24_s300.pt,100,0.0006776012014597,0.6701543927192688,1100,0.0005405346746556,0.2656744420528412,1300,0.0007850742549635,4.883853398496285e-05,2300,0.0011494529899209,0.0624521933495998,1.3885787725448608,2.5711758136749268,2.874114990234375,0.6741228699684143,0.923950493335724,2.8960437774658203,0.0001455664460081,0.0002269137476105,0.0008810758590698,0.1200496926903724,0.1721695661544799,0.4813232421875,1300,0.0192307699471712,0.0192307699471712,0.0,0.0
within,gat,IEEE24,IEEE24,700,False,pu_zscore,0.0002428046427667,ckpt_norm/within_gat/within_gat_IEEE24_s700.pt,100,0.0011553590884432,0.94642972946167,1100,0.0004459686460904,0.1905904859304428,1300,0.0007134085753932,4.873963553109206e-05,2300,0.0007001964841037,0.0297245979309082,2.306926965713501,3.007880210876465,9.26116943359375,0.482776790857315,0.989688754081726,3.370737075805664,0.0001144706766353,0.0002148575003957,0.000701904296875,0.0695710554718971,0.1359154880046844,0.5928764343261719,1300,0.0192307699471712,0.0192307699471712,0.0,0.0
within,gat,IEEE39,IEEE39,0,False,pu_zscore,0.0133248073980212,ckpt_norm/within_gat/within_gat_IEEE39_s0.pt,100,0.0104158651083707,11.620640754699709,1000,0.0335492268204689,20.346755981445312,2900,0.0475609190762043,0.0032060826197266,3800,0.0378900542855262,1.265852928161621,39.32872772216797,72.1702880859375,204.82879638671875,182.3028259277344,309.57476806640625,340.71807861328125,0.0195035580545663,0.0666880309581756,0.0825476050376892,7.820809364318848,18.446069717407227,39.50114059448242,2900,0.3062068819999695,0.3258620798587799,0.0090090092271566,0.0323061645030975
within,gat,IEEE39,IEEE39,100,False,pu_zscore,0.0140396067872643,ckpt_norm/within_gat/within_gat_IEEE39_s100.pt,100,0.0214136820286512,32.84357833862305,1000,0.0345766432583332,22.26187515258789,2900,0.0480325631797313,0.0034119945485144,3800,0.0384339243173599,1.300678253173828,52.625125885009766,215.47927856445312,355.5514831542969,177.74742126464844,305.65899658203125,353.549072265625,0.0189216937869787,0.0667969062924385,0.0817267298698425,8.111515998840332,19.18477249145508,39.68966674804688,2900,0.3062068819999695,0.3303448259830475,0.0078828828409314,0.0382703766226768
within,gat,IEEE39,IEEE39,1000,False,pu_zscore,0.0136836981400847,ckpt_norm/within_gat/within_gat_IEEE39_s1000.pt,100,0.0121426079422235,19.057037353515625,1000,0.0343793779611587,21.037044525146484,2900,0.0483109951019287,0.0033197891898453,3800,0.0385197699069976,1.2882182598114014,39.743125915527344,84.50414276123047,217.9632568359375,174.28115844726562,306.77349853515625,357.1670227050781,0.0180526264011859,0.0686055719852447,0.0818338990211486,8.635461807250977,19.71765899658203,38.71797943115234,2900,0.3062068819999695,0.3310344815254211,0.0078828828409314,0.0392644144594669
within,gat,IEEE39,IEEE39,300,False,pu_zscore,0.0134961968287825,ckpt_norm/within_gat/within_gat_IEEE39_s300.pt,100,0.011547933332622,21.230287551879883,1000,0.0339290536940097,20.795223236083984,2900,0.0474400036036968,0.0034195764455944,3800,0.0382649973034858,1.270838975906372,53.727088928222656,62.63174819946289,171.85134887695312,177.60374450683594,307.2398376464844,349.0473022460937,0.0191225167363882,0.06645268201828,0.0819824337959289,8.169947624206543,18.97208023071289,39.49101257324219,2900,0.3062068819999695,0.3251724243164062,0.0191441439092159,0.035785287618637
within,gat,IEEE39,IEEE39,700,False,pu_zscore,0.0135067021474242,ckpt_norm/within_gat/within_gat_IEEE39_s700.pt,100,0.0111886765807867,15.639155387878418,1000,0.0339777469635009,21.75724601745605,2900,0.0474370531737804,0.0032706388738006,3800,0.0381337106227874,1.188738465309143,24.2230224609375,83.8343276977539,216.04379272460935,176.91152954101562,308.0089416503906,348.2781982421875,0.0190272331237792,0.0667577907443046,0.0818578600883483,8.35826587677002,18.94948959350586,39.12765502929688,2900,0.3062068819999695,0.3244827687740326,0.0090090092271566,0.0303180906921625
within,gat,UK,UK,0,False,pu_zscore,0.0003487684007268,ckpt_norm/within_gat/within_gat_UK_s0.pt,100,0.0008149563218466,22.9831600189209,2400,0.000790933612734,7.825304985046387,500,0.001556072034873,2.281475099152885e-05,2800,0.0011594961397349,0.1076927632093429,53.36132049560547,63.22483444213867,63.34375,21.86383628845215,31.554895401000977,45.029296875,7.807015208527446e-05,0.0001219076075358,0.000323474407196,0.3237534463405609,0.7370169758796692,2.4156036376953125,500,0.0,0.0,,0.0
within,gat,UK,UK,100,False,pu_zscore,0.0002434231719234,ckpt_norm/within_gat/within_gat_UK_s100.pt,100,0.0007647395250387,21.505277633666992,2400,0.0004777525318786,3.954987049102783,500,0.0015013825614005,2.9017448468948714e-05,2800,0.0008512550266459,0.1021939292550087,45.36455154418945,55.56580352783203,56.47265625,11.78827953338623,24.034421920776367,77.6123046875,5.7974419178208336e-05,0.0001131326571339,0.0002365708351135,0.2357612252235412,0.416224718093872,1.6103973388671875,500,0.0,0.0,,0.0
within,gat,UK,UK,1000,False,pu_zscore,0.0002123685990227,ckpt_norm/within_gat/within_gat_UK_s1000.pt,100,0.0004490443679969,11.614749908447266,2400,0.0004949585418216,4.592169284820557,500,0.0007829517708159,1.2816905837098602e-05,2800,0.0007708727498538,0.0850617662072181,27.30817985534668,44.167274475097656,65.75,12.799802780151367,19.190814971923828,80.6005859375,3.791451308643445e-05,5.892518674954772e-05,0.0001465082168579,0.2342196851968765,0.4315065443515777,1.514495849609375,500,0.0,0.0,,0.0
within,gat,UK,UK,300,False,pu_zscore,0.0004135254130233,ckpt_norm/within_gat/within_gat_UK_s300.pt,100,0.0017547346651554,57.11753463745117,2400,0.000501642061863,4.308876514434815,500,0.0012657312909141,2.310156742169056e-05,2800,0.001061197486706,0.1178903728723526,93.12387084960938,102.09754180908205,103.826171875,13.334699630737305,24.00640106201172,61.98876953125,5.717572275898419e-05,0.000108000691398,0.0001705884933471,0.2899976372718811,0.5880489945411682,1.9299774169921875,500,0.0,0.0,,0.0
within,gat,UK,UK,700,False,pu_zscore,0.0004224812728352,ckpt_norm/within_gat/within_gat_UK_s700.pt,100,0.0015279375948011,40.478946685791016,2400,0.0007211087504401,5.411993026733398,500,0.0014554694062098,2.803742972901091e-05,2800,0.0011660460149869,0.115890271961689,96.22705078125,140.8155059814453,175.13671875,17.20721435546875,36.209659576416016,99.08984375,6.088612281018868e-05,9.495198901277035e-05,0.0002052187919616,0.3228401839733124,0.6425528526306152,2.764923095703125,500,0.0,0.0,,0.0
within,transformer,IEEE118,IEEE118,0,False,pu_zscore,0.0021681571379303,ckpt_norm/within_transformer/within_transformer_IEEE118_s0.pt,100,0.0288215354084968,67.36318969726562,5400,0.0035405973903834,3.3454959392547607,6400,0.0026126082520931,0.0002616964629851,11700,0.0189748350530862,0.853354811668396,104.9892349243164,110.8539581298828,111.04248046875,10.261316299438477,46.89507293701172,173.031494140625,0.0008838382200337,0.0019535198807716,0.0124699473381042,1.9560353755950928,16.038286209106445,42.349517822265625,6400,0.1332812458276748,0.1332812458276748,0.0046893316321074,0.00072111049667
within,transformer,IEEE118,IEEE118,100,False,pu_zscore,0.001222770079039,ckpt_norm/within_transformer/within_transformer_IEEE118_s100.pt,100,0.0064171417616307,9.7390775680542,5400,0.0022373732645064,2.2835323810577397,6400,0.0036180431488901,0.0003740901593118,11700,0.0197800416499376,1.0083444118499756,28.865795135498047,58.59788131713867,85.78125,8.128331184387207,30.12998962402344,232.103759765625,0.001405568094924,0.0032983722630888,0.0142226815223693,2.853726863861084,15.108720779418944,45.90509033203125,6400,0.1332812458276748,0.1306249946355819,0.0293083228170871,0.00144222099334
within,transformer,IEEE118,IEEE118,1000,False,pu_zscore,0.0012486074119806,ckpt_norm/within_transformer/within_transformer_IEEE118_s1000.pt,100,0.01306988671422,27.482505798339844,5400,0.0020625579636543,2.060187816619873,6400,0.0020115168299525,0.0002118081029038,11700,0.0180000141263008,0.7664543390274048,49.18439865112305,50.79218292236328,50.90771484375,5.543924331665039,31.46371078491211,113.760009765625,0.0007708481280133,0.0018868091283366,0.0082590579986572,1.744868516921997,14.466999053955078,41.92544555664063,6400,0.1332812458276748,0.1337500065565109,0.0058616646565496,0.00144222099334
within,transformer,IEEE118,IEEE118,300,False,pu_zscore,0.0016801564488559,ckpt_norm/within_transformer/within_transformer_IEEE118_s300.pt,100,0.0164938848465681,28.806535720825195,5400,0.002978463191539,2.209057331085205,6400,0.0038567965384572,0.0003521660692058,11700,0.0209127962589263,0.9913341403007508,89.09925842285156,92.2297134399414,92.34814453125,4.694526672363281,31.684064865112305,223.888916015625,0.0011312899878248,0.0034068804234266,0.0161733627319335,2.326311588287353,17.99184226989746,41.90399932861328,6400,0.1332812458276748,0.1340624988079071,0.0035169988404959,0.00144222099334
within,transformer,IEEE118,IEEE118,700,False,pu_zscore,0.0014219776494428,ckpt_norm/within_transformer/within_transformer_IEEE118_s700.pt,100,0.0102448612451553,19.55462455749512,5400,0.0026240162551403,2.7622461318969727,6400,0.0034037786535918,0.0002755170571617,11700,0.0200304742902517,0.9370081424713136,34.34601974487305,65.7300796508789,92.41748046875,11.272475242614746,36.62419509887695,153.6783447265625,0.0006871449295431,0.0032229851931333,0.0158735513687133,2.4235239028930664,16.79515838623047,44.58732604980469,6400,0.1332812458276748,0.1335937529802322,0.0058616646565496,0.0012619433691725
within,transformer,IEEE24,IEEE24,0,False,pu_zscore,0.0002053213247563,ckpt_norm/within_transformer/within_transformer_IEEE24_s0.pt,100,0.0007872720598243,0.8591341972351074,1100,0.0005055147339589,0.2419229447841644,1300,0.0006231211009435,4.242145223543048e-05,2300,0.0003778044774662,0.017269805073738,1.4416030645370483,2.8548686504364014,3.0975341796875,0.6806403398513794,1.1574774980545044,1.65802001953125,0.0001114725891966,0.0001731038209982,0.0007650852203369,0.0446716323494911,0.0697699561715126,0.2840790748596191,1300,0.0192307699471712,0.0192307699471712,0.0,0.0
within,transformer,IEEE24,IEEE24,100,False,pu_zscore,0.0002289397089043,ckpt_norm/within_transformer/within_transformer_IEEE24_s100.pt,100,0.0010638411622494,0.9428454637527466,1100,0.0004451368877198,0.1875543892383575,1300,0.0006770918844267,4.053015072713606e-05,2300,0.000509820994921,0.0242814663797616,1.7685668468475342,2.0417654514312744,8.821685791015625,0.4730574488639831,1.1647272109985352,3.38079833984375,0.0001068442579708,0.0001798642624635,0.0011489391326904,0.0561254285275936,0.085227645933628,0.3628597259521484,1300,0.0192307699471712,0.0192307699471712,0.0,0.0
within,transformer,IEEE24,IEEE24,1000,False,pu_zscore,0.000178320260602,ckpt_norm/within_transformer/within_transformer_IEEE24_s1000.pt,100,0.0008299977635033,0.8808547854423523,1100,0.0003453218087088,0.1878203749656677,1300,0.0008237484144046,6.330352334771305e-05,2300,0.0004112949536647,0.0190993752330541,1.5174071788787842,3.676152467727661,4.256591796875,0.4100079238414764,0.591218888759613,1.2105426788330078,0.0001437840837752,0.0002173579123336,0.0007425546646118,0.0533024854958057,0.0711864531040191,0.1617395877838134,1300,0.0192307699471712,0.0192307699471712,0.0,0.0
within,transformer,IEEE24,IEEE24,300,False,pu_zscore,0.0009289772133342,ckpt_norm/within_transformer/within_transformer_IEEE24_s300.pt,100,0.0051245898939669,6.330822944641113,1100,0.0009199326741509,0.3523366749286651,1300,0.0008558534900657,6.266185664571822e-05,2300,0.0005646685021929,0.027455436065793,7.668701171875,7.70299768447876,8.0528564453125,1.6825841665267944,2.4855966567993164,5.0572509765625,0.0001704722526483,0.0002529317280277,0.0006439685821533,0.0647615939378738,0.1003933176398277,0.2906875610351562,1300,0.0192307699471712,0.0192307699471712,0.0,0.0
within,transformer,IEEE24,IEEE24,700,False,pu_zscore,0.0002222519105998,ckpt_norm/within_transformer/within_transformer_IEEE24_s700.pt,100,0.0011351925786584,1.2559908628463743,1100,0.0003354605578351,0.1489267796278,1300,0.0005940003320574,4.06659091822803e-05,2300,0.0005759824998676,0.0279513522982597,2.2284727096557617,2.4570930004119877,4.1849365234375,0.4395209550857544,0.8688105344772339,1.7850341796875,0.0001057445915648,0.0001506817352492,0.0006258487701416,0.0615675002336502,0.0924833118915557,0.4048123359680176,1300,0.0192307699471712,0.0192307699471712,0.0,0.0
within,transformer,IEEE39,IEEE39,0,False,pu_zscore,0.0136169418692588,ckpt_norm/within_transformer/within_transformer_IEEE39_s0.pt,100,0.0024931246880441,4.643223762512207,1000,0.0345505662262439,22.329057693481445,2900,0.0484697110950946,0.0031094814185053,3800,0.037860844284296,1.1960166692733765,11.412178993225098,13.214407920837402,20.55355834960937,176.0575408935547,309.9052734375,360.3136291503906,0.0185871869325637,0.0692745149135589,0.0833029150962829,8.144119262695312,18.712966918945312,38.99763107299805,2900,0.3062068819999695,0.3296551704406738,0.0022522523067891,0.0347912535071373
within,transformer,IEEE39,IEEE39,100,False,pu_zscore,0.013319032266736,ckpt_norm/within_transformer/within_transformer_IEEE39_s100.pt,100,0.0058387708850204,12.348069190979004,1000,0.0337161570787429,21.16606330871582,2900,0.0484641529619693,0.0033269699197262,3800,0.0378300733864307,1.206912636756897,20.06964874267578,29.793312072753903,58.998626708984375,177.52435302734375,310.4441833496094,345.84295654296875,0.0184624344110488,0.0688954442739486,0.0819036960601806,8.150903701782227,18.43378448486328,39.08326721191406,2900,0.3062068819999695,0.3220689594745636,0.0112612610682845,0.0278330016881227
within,transformer,IEEE39,IEEE39,1000,False,pu_zscore,0.0132734486833214,ckpt_norm/within_transformer/within_transformer_IEEE39_s1000.pt,100,0.0070202373899519,14.307775497436523,1000,0.0335647910833358,20.3200626373291,2900,0.0474259704351425,0.003368612146005,3800,0.0375756025314331,1.2897670269012451,17.3509464263916,41.614288330078125,99.81655883789062,182.61231994628903,309.91864013671875,340.37420654296875,0.0181015543639659,0.0660999417304992,0.0832837224006652,7.789456844329834,18.151559829711918,39.446083068847656,2900,0.3062068819999695,0.3237931132316589,0.0146396392956376,0.0318091437220573
within,transformer,IEEE39,IEEE39,300,False,pu_zscore,0.0134363397955894,ckpt_norm/within_transformer/within_transformer_IEEE39_s300.pt,100,0.0110777933150529,15.971809387207031,1000,0.0337994135916233,21.72537422180176,2900,0.047988012433052,0.0034192977473139,3800,0.0382530428469181,1.2714921236038208,54.69806671142578,73.38111114501953,181.3817138671875,179.40121459960938,311.69354248046875,343.9420166015625,0.0187477599829435,0.0664710775017738,0.0835657715797424,8.382744789123535,19.35068130493164,39.0474853515625,2900,0.3062068819999695,0.3231034576892853,0.0157657656818628,0.0313121266663074
within,transformer,IEEE39,IEEE39,700,False,pu_zscore,0.0136142615228891,ckpt_norm/within_transformer/within_transformer_IEEE39_s700.pt,100,0.0133737362921237,20.15762710571289,1000,0.03412951156497,22.445587158203125,2900,0.0482093840837478,0.0033174604177474,3800,0.0380594246089458,1.2681092023849487,31.36967658996582,131.58871459960938,241.7193298339844,177.08473205566406,307.8164978027344,348.4706420898437,0.0191667769104242,0.0677609592676162,0.0817048549652099,8.136224746704102,18.997970581054688,39.098445892333984,2900,0.3062068819999695,0.3241379261016845,0.0090090092271566,0.0298210736364126
within,transformer,UK,UK,0,False,pu_zscore,0.0002633832627907,ckpt_norm/within_transformer/within_transformer_UK_s0.pt,100,0.0009761557448655,26.87612533569336,2400,0.0004343281907495,3.81264853477478,500,0.0012602236820384,1.440978030586848e-05,2800,0.0010967118432745,0.1312315762042999,65.595947265625,69.05408477783203,81.9228515625,10.614944458007812,17.737594604492188,62.3740234375,3.954171552322805e-05,6.981875048950315e-05,0.0003778338432312,0.3320274949073791,0.5571228265762329,1.9080657958984373,500,0.0,0.0,,0.0
within,transformer,UK,UK,100,False,pu_zscore,0.0004846343945246,ckpt_norm/within_transformer/within_transformer_UK_s100.pt,100,0.0020449897274374,66.21516418457031,2400,0.0005996010149829,4.95725679397583,500,0.0007505842368118,1.1171698133694008e-05,2800,0.0010059312917292,0.1202552169561386,106.857421875,109.0331039428711,109.216796875,14.110285758972168,30.57845115661621,100.1806640625,3.225803084205836e-05,6.264806143008173e-05,0.0001742243766784,0.3110477924346924,0.4981138706207275,1.8590087890625,500,0.0,0.0,,0.0
within,transformer,UK,UK,1000,False,pu_zscore,0.0002551603247411,ckpt_norm/within_transformer/within_transformer_UK_s1000.pt,100,0.0009834923548623,28.3399715423584,2400,0.0003947313234675,3.5288074016571045,500,0.0007595198694616,1.2343049093033189e-05,2800,0.0007176466169767,0.0770102590322494,58.52999114990234,76.16888427734375,116.4453125,9.035531044006348,18.66954803466797,48.201171875,3.190636198269203e-05,4.779892333317548e-05,0.0001623630523681,0.2046277970075607,0.3684098720550537,1.665771484375,500,0.0,0.0,,0.0
within,transformer,UK,UK,300,False,pu_zscore,0.000307362730382,ckpt_norm/within_transformer/within_transformer_UK_s300.pt,100,0.0011990276398137,34.067955017089844,2400,0.0004649258044082,3.568325996398926,500,0.00103880406823,1.7939806639333256e-05,2800,0.000650881731417,0.069516584277153,91.4359359741211,94.48936462402344,98.26953125,12.640347480773926,26.68668937683105,47.3818359375,4.573463957058266e-05,5.615771806333214e-05,0.0001988410949707,0.1904659420251846,0.3339903354644775,1.572113037109375,500,0.0,0.0,,0.0
within,transformer,UK,UK,700,False,pu_zscore,0.0002268941025249,ckpt_norm/within_transformer/within_transformer_UK_s700.pt,100,0.0009328517480753,24.648759841918945,2400,0.0003037941351067,2.7889604568481445,500,0.0008690521353855,1.2857914043706842e-05,2800,0.0008678159792907,0.0938945040106773,74.21244812011719,79.76217651367188,113.203125,7.802244663238525,13.605720520019531,45.693359375,3.6355839256430045e-05,8.046513539738953e-05,0.0001939535140991,0.2565469145774841,0.5029153227806091,1.938629150390625,500,0.0,0.0,,0.0
within,gcn,IEEE118,IEEE118,0,False,pu_zscore,0.0054184305481612,ckpt_norm/within_gcn/within_gcn_IEEE118_s0.pt,100,0.0649286061525344,114.51648712158205,5400,0.0098771527409553,6.572868824005127,6400,0.0058042178861796,0.000641803315375,11700,0.023458108305931,1.583511233329773,360.4995727539063,440.2725524902344,479.86279296875,14.99773120880127,63.14008331298828,883.366943359375,0.0018391394987702,0.0037268050946295,0.0241708755493164,6.435157775878906,16.30246925354004,44.923919677734375,6400,0.1332812458276748,0.1335937529802322,0.0164126604795455,0.00288444198668
within,gcn,IEEE118,IEEE118,100,False,pu_zscore,0.005750305019319,ckpt_norm/within_gcn/within_gcn_IEEE118_s100.pt,100,0.028581092134118,64.86332702636719,5400,0.0122355315834283,9.31077480316162,6400,0.0177132803946733,0.0014066761359572,11700,0.0347969755530357,2.53505802154541,95.06379699707033,102.83424377441406,139.92822265625,26.314836502075195,184.140869140625,635.8209228515625,0.0056749787181615,0.017605498433113,0.0509178638458251,11.06013298034668,25.10249328613281,48.182884216308594,6400,0.1332812458276748,0.1264062523841858,0.0785463079810142,0.0041463854722678
within,gcn,IEEE118,IEEE118,1000,False,pu_zscore,0.0149015830829739,ckpt_norm/within_gcn/within_gcn_IEEE118_s1000.pt,100,0.2188551723957061,448.48089599609375,5400,0.0238456018269062,20.73026657104492,6400,0.02719471976161,0.0027683237567543,11700,0.0559242367744445,5.411105632781982,986.093505859375,1112.433837890625,1168.5244140625,76.44808197021484,375.0678405761719,1420.2652587890625,0.0099612046033144,0.0268804337829351,0.0511916875839233,19.68900680541992,30.888357162475582,52.47991943359375,6400,0.1332812458276748,0.0865624994039535,0.3505275547504425,0.0
within,gcn,IEEE118,IEEE118,300,False,pu_zscore,0.0039524785242974,ckpt_norm/within_gcn/within_gcn_IEEE118_s300.pt,100,0.0473003722727298,82.65027618408203,5400,0.0071226395666599,5.121497631072998,6400,0.0059450049884617,0.0007786128553561,11700,0.0231567528098821,1.732535719871521,277.16265869140625,358.8487854003906,399.94287109375,16.732601165771484,53.34127807617188,716.97802734375,0.0017548374598845,0.0036258432082831,0.0256691575050354,6.192541122436523,16.546092987060547,43.86167907714844,6400,0.1332812458276748,0.1264062523841858,0.0515826493501663,0.0
within,gcn,IEEE118,IEEE118,700,False,pu_zscore,0.0059773907996714,ckpt_norm/within_gcn/within_gcn_IEEE118_s700.pt,100,0.0278516802936792,63.43150329589844,5400,0.0127493133768439,10.401164054870604,6400,0.0178449377417564,0.0013495030580088,11700,0.0372042208909988,2.543814182281494,92.3987274169922,107.30793762207033,142.57177734375,30.78815460205078,177.41737365722656,648.334228515625,0.0042328312993049,0.0184795632958412,0.0531480908393859,11.349894523620604,27.954294204711918,53.18955993652344,6400,0.1332812458276748,0.1234375014901161,0.0738569721579551,0.0
within,gcn,IEEE24,IEEE24,0,False,pu_zscore,0.0008031661855056,ckpt_norm/within_gcn/within_gcn_IEEE24_s0.pt,100,0.0040054558776319,3.63290810585022,1100,0.0013338037533685,0.451058030128479,1300,0.0022674326319247,0.0001734605175442,2300,0.0012495949631556,0.0504823960363864,8.942537307739258,15.707350730895996,26.32308959960937,1.8817580938339236,3.901761293411255,9.1771240234375,0.0003673998871818,0.0005284672952257,0.0018537044525146,0.105715312063694,0.2605056762695312,1.1458702087402344,1300,0.0192307699471712,0.0192307699471712,0.0,0.0
within,gcn,IEEE24,IEEE24,100,False,pu_zscore,0.00067445874447,ckpt_norm/within_gcn/within_gcn_IEEE24_s100.pt,100,0.0032260678708553,2.5916755199432373,1100,0.0012416118988767,0.4228540956974029,1300,0.0013908491237089,8.596874249633402e-05,2300,0.001254143891856,0.0444931387901306,7.365706920623779,10.375853538513184,25.56332397460937,1.429168939590454,2.652697801589966,13.768798828125,0.000200721580768,0.0005270988331176,0.0020879507064819,0.1232737302780151,0.3000928163528442,1.2655296325683594,1300,0.0192307699471712,0.0192307699471712,0.0,0.0
within,gcn,IEEE24,IEEE24,1000,False,pu_zscore,0.0520626492798328,ckpt_norm/within_gcn/within_gcn_IEEE24_s1000.pt,100,0.2775592505931854,295.4320373535156,1100,0.0664716735482215,16.388748168945312,1300,0.0380749031901359,0.0018488627392798,2300,0.0440257079899311,1.336307168006897,570.2526245117188,652.2206420898438,688.235107421875,101.88917541503906,218.2204742431641,317.3398132324219,0.0096682487055659,0.0116550363600254,0.013122022151947,7.582429885864258,10.994232177734377,14.115394592285156,1300,0.0192307699471712,0.017692307010293,0.0799999982118606,0.0
within,gcn,IEEE24,IEEE24,300,False,pu_zscore,0.0007920241332612,ckpt_norm/within_gcn/within_gcn_IEEE24_s300.pt,100,0.0040636155754327,3.8087661266326895,1100,0.0011952521745115,0.4145500361919403,1300,0.0020605167374014,0.0001507056149421,2300,0.0013073689769953,0.0508516356348991,8.39082145690918,13.989130973815918,23.980743408203125,1.4307479858398438,2.9558162689208984,10.59588623046875,0.0003490089147817,0.0005328702973201,0.0019601583480834,0.1339078545570373,0.2503942847251892,1.415508270263672,1300,0.0192307699471712,0.0192307699471712,0.0,0.0
within,gcn,IEEE24,IEEE24,700,False,pu_zscore,0.0006554055726155,ckpt_norm/within_gcn/within_gcn_IEEE24_s700.pt,100,0.0032650518696755,3.6726186275482178,1100,0.0010855642613023,0.494169533252716,1300,0.001471200492233,9.51908659772016e-05,2300,0.0013260233681648,0.0554364174604415,5.708398342132568,7.677759170532227,15.449188232421877,1.156348705291748,1.7924232482910156,8.0234375,0.0002189934166381,0.0004231676575727,0.0015416741371154,0.1242188587784767,0.2319347113370895,1.3411865234375,1300,0.0192307699471712,0.0192307699471712,0.0,0.0
within,gcn,IEEE39,IEEE39,0,False,pu_zscore,0.0134609034284949,ckpt_norm/within_gcn/within_gcn_IEEE39_s0.pt,100,0.0160283856093883,19.580814361572266,1000,0.0335382409393787,21.850481033325195,2900,0.0471327416598796,0.0035344711504876,3800,0.0381766110658645,1.479304313659668,50.85187149047852,147.40869140625,309.7292175292969,168.03775024414062,307.6959228515625,347.2647705078125,0.0186217352747917,0.0635077580809593,0.0834196805953979,7.777383327484131,18.2156982421875,39.47665786743164,2900,0.3062068819999695,0.3255172371864319,0.0157657656818628,0.0347912535071373
within,gcn,IEEE39,IEEE39,100,False,pu_zscore,0.0160004496574401,ckpt_norm/within_gcn/within_gcn_IEEE39_s100.pt,100,0.0356608144938945,54.45207214355469,1000,0.0379409156739711,33.21807861328125,2900,0.0430354885756969,0.0038064522668719,3800,0.0462926588952541,1.8157696723937988,113.97982788085938,348.73565673828125,523.1909790039062,189.02882385253903,311.1819152832031,337.9320678710937,0.015422168187797,0.0613197945058345,0.076716125011444,11.468841552734377,21.36064910888672,52.974308013916016,2900,0.3062068819999695,0.3282758593559265,0.0168918911367654,0.0392644144594669
within,gcn,IEEE39,IEEE39,1000,False,pu_zscore,0.0409187413752079,ckpt_norm/within_gcn/within_gcn_IEEE39_s1000.pt,100,0.1834873706102371,402.2791748046875,1000,0.0734186992049217,60.51083755493164,2900,0.066769927740097,0.0089920796453952,3800,0.055778682231903,3.175658226013184,723.4927978515625,1020.6419067382812,1210.341552734375,348.209228515625,637.2271118164062,741.3677368164062,0.0450972840189933,0.0672562941908836,0.08298921585083,13.691460609436035,23.37884330749512,53.89609146118164,2900,0.3062068819999695,0.3427586257457733,0.0461711697280406,0.0730616301298141
within,gcn,IEEE39,IEEE39,300,False,pu_zscore,0.0134974485263228,ckpt_norm/within_gcn/within_gcn_IEEE39_s300.pt,100,0.0214372109621763,31.49995803833008,1000,0.0331451669335365,21.582256317138672,2900,0.0472648851573467,0.0033139737788587,3800,0.0375725999474525,1.180712103843689,62.756927490234375,206.4076232910156,345.1438903808594,160.06405639648438,315.2021484375,356.22467041015625,0.0182206127792596,0.0642254874110221,0.083805501461029,7.572231769561768,18.553482055664062,40.80219650268555,2900,0.3062068819999695,0.3286207020282745,0.0135135138407349,0.0382703766226768
within,gcn,IEEE39,IEEE39,700,False,pu_zscore,0.0140511523932218,ckpt_norm/within_gcn/within_gcn_IEEE39_s700.pt,100,0.0283965561538934,46.0926513671875,1000,0.0337818451225757,23.864885330200195,2900,0.0473204776644706,0.0033791032619774,3800,0.0378714203834533,1.2747000455856323,81.17410278320312,263.638427734375,448.0454406738281,164.3799285888672,310.7720642089844,351.42242431640625,0.019111568108201,0.063496708869934,0.0855460166931152,7.720055103302002,18.3937931060791,40.24292755126953,2900,0.3062068819999695,0.3244827687740326,0.0146396392956376,0.0328031815588474
within,gcn,UK,UK,0,False,pu_zscore,0.000487194454763,ckpt_norm/within_gcn/within_gcn_UK_s0.pt,100,0.0012788267340511,36.34458160400391,2400,0.0010586869902908,9.405029296875,500,0.0017439480870962,2.6555419026408345e-05,2800,0.0023318119347095,0.2298117727041244,92.00491333007812,104.7100601196289,119.025390625,26.669553756713867,43.895992279052734,153.345703125,7.667836325708777e-05,0.000205664182431,0.0003007054328918,0.5817369818687439,1.26249361038208,5.8883056640625,500,0.0,0.0,,0.0
within,gcn,UK,UK,100,False,pu_zscore,0.0005395867628976,ckpt_norm/within_gcn/within_gcn_UK_s100.pt,100,0.0021222659852355,70.2428207397461,2400,0.000802306283731,6.400093078613281,500,0.0016402786131948,2.9202223231550303e-05,2800,0.0025900686159729,0.2609811127185821,98.35986328125,155.3212127685547,164.10986328125,20.420867919921875,31.24000740051269,157.8076171875,8.921026164898649e-05,0.0001297868147958,0.0001817345619201,0.8574581742286682,1.3389989137649536,6.6251373291015625,500,0.0,0.0,,0.0
within,gcn,UK,UK,1000,False,pu_zscore,0.0044323112815618,ckpt_norm/within_gcn/within_gcn_UK_s1000.pt,100,0.0173233579844236,375.57073974609375,2400,0.0066732480190694,50.913761138916016,500,0.0036557493731379,7.171845209086314e-05,2800,0.022995751351118,1.954738020896912,1353.1683349609375,1390.1873779296875,1401.0,215.2716522216797,267.5596008300781,841.384765625,0.0001461178035242,0.0002712173154577,0.0004928708076477,5.989745140075684,16.93489646911621,48.86827850341797,500,0.0,0.0,,0.0
within,gcn,UK,UK,300,False,pu_zscore,0.0005178153514862,ckpt_norm/within_gcn/within_gcn_UK_s300.pt,100,0.0010708512272685,27.247154235839844,2400,0.0012128830421715,10.596881866455078,500,0.0022349159698933,4.143810292589478e-05,2800,0.0026259061414748,0.282314270734787,66.39584350585938,124.84861755371094,153.5546875,27.359994888305664,48.920013427734375,198.1630859375,8.7738037109375e-05,0.0001676090905675,0.0004156827926635,0.8185033798217773,1.3560932874679563,5.35028076171875,500,0.0,0.0,,0.0
within,gcn,UK,UK,700,False,pu_zscore,0.0056253070943057,ckpt_norm/within_gcn/within_gcn_UK_s700.pt,100,0.0201662741601467,636.8388061523438,2400,0.0097078960388898,78.3313980102539,500,0.0032029701396822,5.701816189684905e-05,2800,0.0232514347881078,2.01713490486145,1102.5791015625,1335.300537109375,1335.986083984375,209.0142517089844,312.31329345703125,1678.0029296875,0.000136500573717,0.0003374941297806,0.0003918409347534,4.917225360870361,16.079757690429688,51.65105056762695,500,0.0,0.0,,0.0
within,arma_gnn,IEEE118,IEEE118,0,False,pu_zscore,0.0009154000435955,ckpt_norm/within_arma_gnn/within_arma_gnn_IEEE118_s0.pt,100,0.0100506208837032,18.35361862182617,5400,0.0013367283390834,1.5854341983795166,6400,0.0028720765840262,0.0002619090955704,11700,0.0158874671906232,0.6800440549850464,36.00642013549805,72.49036407470703,104.0625,5.204596042633057,13.048210144042969,137.67236328125,0.0006615279708057,0.0026894235052168,0.0135769248008728,1.2765883207321167,10.49746799468994,50.11299133300781,6400,0.1332812458276748,0.1314062476158142,0.0140679953619837,0.0
within,arma_gnn,IEEE118,IEEE118,100,False,pu_zscore,0.0008191671804524,ckpt_norm/within_arma_gnn/within_arma_gnn_IEEE118_s100.pt,100,0.0123233012855052,26.775135040283203,5400,0.0011494549689814,1.4706497192382812,6400,0.0032885137479752,0.0003070603997912,11700,0.0084874304011464,0.5983378887176514,46.22544097900391,46.47861099243164,47.06787109375,3.745462656021118,14.288070678710938,125.384033203125,0.0007423310889862,0.0031352713704109,0.0146665573120117,1.655997633934021,5.427224159240723,27.697067260742188,6400,0.1332812458276748,0.1353124976158142,0.0,0.0023436092305928
within,arma_gnn,IEEE118,IEEE118,1000,False,pu_zscore,0.0009281897218897,ckpt_norm/within_arma_gnn/within_arma_gnn_IEEE118_s1000.pt,100,0.0094083538278937,20.394428253173828,5400,0.0014645251212641,1.8294135332107544,6400,0.00292031140998,0.0002106126776197,11700,0.0152310552075505,0.5939720273017883,29.006786346435547,56.15946960449219,84.70263671875,5.480699062347412,17.12527847290039,149.684814453125,0.0005702282651327,0.0027918529231101,0.0142751932144165,1.19085955619812,9.436175346374512,49.3712158203125,6400,0.1332812458276748,0.1314062476158142,0.0140679953619837,0.0
within,arma_gnn,IEEE118,IEEE118,300,False,pu_zscore,0.0008459944510832,ckpt_norm/within_arma_gnn/within_arma_gnn_IEEE118_s300.pt,100,0.0088415266945958,18.195358276367188,5400,0.0012205556267872,1.5498621463775637,6400,0.0035177320241928,0.0002381715166848,11700,0.0154929170385003,0.6951331496238708,33.56490707397461,42.86444091796875,76.52001953125,4.897947788238525,16.93803596496582,140.32470703125,0.0005580812576226,0.0033965823240578,0.0162164568901062,1.579156756401062,9.216190338134766,49.63685607910156,6400,0.1332812458276748,0.1329687535762787,0.0046893316321074,0.000360555248335
within,arma_gnn,IEEE118,IEEE118,700,False,pu_zscore,0.0010047018295153,ckpt_norm/within_arma_gnn/within_arma_gnn_IEEE118_s700.pt,100,0.0094095459207892,19.42398834228516,5400,0.0016646237345412,1.930362105369568,6400,0.0036056276876479,0.0002960037090815,11700,0.0159269496798515,0.6450957655906677,36.99504089355469,38.61475372314453,62.9736328125,5.931656837463379,21.77802276611328,85.43994140625,0.0007080606883391,0.0029919492080807,0.0169118046760559,1.1198426485061646,10.046281814575195,51.150665283203125,6400,0.1332812458276748,0.1301562488079071,0.0234466586261987,0.0
within,arma_gnn,IEEE24,IEEE24,0,False,pu_zscore,0.000189786995179,ckpt_norm/within_arma_gnn/within_arma_gnn_IEEE24_s0.pt,100,0.0008836032357066,0.669602632522583,1100,0.0003678750654216,0.1785558462142944,1300,0.0009422343573532,7.779162842780352e-05,2300,0.0004137018986511,0.0164427608251571,1.7211512327194214,4.898343563079834,5.58984375,0.4588585495948791,0.8748680353164673,1.825000762939453,0.000157719841809,0.0002376610791543,0.0007128715515136,0.0392426960170269,0.0646291971206665,0.4571967124938965,1300,0.0192307699471712,0.0192307699471712,0.0,0.0
within,arma_gnn,IEEE24,IEEE24,100,False,pu_zscore,0.0002679705794434,ckpt_norm/within_arma_gnn/within_arma_gnn_IEEE24_s100.pt,100,0.0009401918505318,0.7330023050308228,1100,0.0007012243731878,0.3557979464530945,1300,0.0004501320072449,2.886588845285587e-05,2300,0.0004763747856486,0.0198339410126209,1.6974546909332275,4.443203449249268,6.608642578125,0.9449355602264404,1.2413458824157717,1.4855422973632812,7.117984932847321e-05,0.000139030846185,0.0006107091903686,0.0524823777377605,0.0914041548967361,0.3931922912597656,1300,0.0192307699471712,0.0192307699471712,0.0,0.0
within,arma_gnn,IEEE24,IEEE24,1000,False,pu_zscore,0.0001990434684557,ckpt_norm/within_arma_gnn/within_arma_gnn_IEEE24_s1000.pt,100,0.0010147599969059,0.8071706891059875,1100,0.0003029723011422,0.1474575251340866,1300,0.0005382007220759,3.4783392038661987e-05,2300,0.0005014766938984,0.0181704182177782,1.6368221044540403,5.021831512451172,6.847412109375,0.3867034614086151,0.5550684332847595,1.6816635131835938,7.962865493027493e-05,0.0001374745625071,0.0008764266967773,0.049971867352724,0.0791128128767013,0.5091419219970703,1300,0.0192307699471712,0.0192307699471712,0.0,0.0
within,arma_gnn,IEEE24,IEEE24,300,False,pu_zscore,0.0002599703730084,ckpt_norm/within_arma_gnn/within_arma_gnn_IEEE24_s300.pt,100,0.0013018472818657,1.3718987703323364,1100,0.000426934013376,0.2107662707567215,1300,0.0004491743165999,2.873118137358688e-05,2300,0.000375692237867,0.0158291589468717,2.226806640625,4.495321273803711,7.26123046875,0.5586049556732178,0.6834008097648621,2.023056030273437,6.980001489864662e-05,0.0001441496860934,0.000616431236267,0.0388989485800266,0.0591075792908668,0.3272781372070312,1300,0.0192307699471712,0.0192307699471712,0.0,0.0
within,arma_gnn,IEEE24,IEEE24,700,False,pu_zscore,0.0003246437117923,ckpt_norm/within_arma_gnn/within_arma_gnn_IEEE24_s700.pt,100,0.001699534477666,2.0074357986450195,1100,0.0004469093109946,0.1858972162008285,1300,0.0007240431150421,4.980284575140104e-05,2300,0.0006679589860141,0.0333978757262229,3.5189757347106934,3.6257457733154297,3.63916015625,0.7573898434638977,1.008946657180786,1.92333984375,0.0001488147681811,0.0001858592149801,0.0009000301361083,0.0631658062338829,0.0985281094908714,0.4525032043457031,1300,0.0192307699471712,0.0192307699471712,0.0,0.0
within,arma_gnn,IEEE39,IEEE39,0,False,pu_zscore,0.0004024294612463,ckpt_norm/within_arma_gnn/within_arma_gnn_IEEE39_s0.pt,100,0.0018724451074376,2.0654006004333496,1000,0.0006739341770298,0.7845662832260132,2900,0.0014810790307819,0.0002581134904175,3800,0.0016032194253057,0.0979704335331916,4.028717994689941,11.630162239074709,37.19088745117188,2.345950126647949,3.664995908737183,20.645294189453125,0.0007351160165853,0.0011946202721446,0.0030635595321655,0.2681515216827392,0.5694035291671753,2.506909132003784,2900,0.3062068819999695,0.3055172562599182,0.0078828828409314,0.002485089469701
within,arma_gnn,IEEE39,IEEE39,100,False,pu_zscore,0.0003912224492523,ckpt_norm/within_arma_gnn/within_arma_gnn_IEEE39_s100.pt,100,0.0018585606012493,2.762245178222656,1000,0.0006434351671487,0.7017938494682312,2900,0.0010955820325762,0.000161715390277,3800,0.0013250218471512,0.076886810362339,6.089057922363281,7.3579182624816895,33.195343017578125,2.158449411392212,3.606189727783203,17.90826416015625,0.0004701079742517,0.0010381534229964,0.0042022466659545,0.200872004032135,0.5383068919181824,2.0818514823913574,2900,0.3062068819999695,0.3051724135875702,0.0056306305341422,0.0009940357413142
within,arma_gnn,IEEE39,IEEE39,1000,False,pu_zscore,0.0003466802299953,ckpt_norm/within_arma_gnn/within_arma_gnn_IEEE39_s1000.pt,100,0.0015373131027445,2.3441433906555176,1000,0.0006186621030792,0.62906414270401,2900,0.0012165270745754,0.0002215093554696,3800,0.0011565070599317,0.068750187754631,5.9528117179870605,6.494826793670654,27.53768920898437,1.8007206916809082,3.888554811477661,18.25752258300781,0.000586086534895,0.0010120320366695,0.0025596618652343,0.1950486600399017,0.4292095303535461,1.9441180229187007,2900,0.3062068819999695,0.3082758486270904,0.0022522523067891,0.0039761429652571
within,arma_gnn,IEEE39,IEEE39,300,False,pu_zscore,0.0003289177839178,ckpt_norm/within_arma_gnn/within_arma_gnn_IEEE39_s300.pt,100,0.0012085272464901,1.7216293811798096,1000,0.0006636274047195,0.7138267755508423,2900,0.0011197210988029,0.0001844757643993,3800,0.0015332996845245,0.0943982228636741,5.849924087524414,7.519639015197754,20.85263061523437,2.071429967880249,4.817759990692139,14.101730346679688,0.0005335360765457,0.0010191301116719,0.0026807785034179,0.215391457080841,0.5790701508522034,2.403233289718628,2900,0.3062068819999695,0.3037931025028229,0.0078828828409314,0.0
within,arma_gnn,IEEE39,IEEE39,700,False,pu_zscore,0.0005790381692349,ckpt_norm/within_arma_gnn/within_arma_gnn_IEEE39_s700.pt,100,0.0028922834899276,3.721212387084961,1000,0.0008890225435607,0.8932116627693176,2900,0.0015896090772002,0.000210335565498,3800,0.0016207738080993,0.0784205123782157,13.364081382751465,16.158763885498047,48.326080322265625,3.2805120944976807,6.282193183898926,20.26715087890625,0.0006787569727748,0.0016613436164334,0.0052151679992675,0.2324221432209015,0.6912700533866882,2.376717329025269,2900,0.3062068819999695,0.3096551597118377,0.0011261261533945,0.0054671969264745
within,arma_gnn,UK,UK,0,False,pu_zscore,0.0002136496332241,ckpt_norm/within_arma_gnn/within_arma_gnn_UK_s0.pt,100,0.0007310685468837,21.82120132446289,2400,0.000388898391975,2.8521499633789062,500,0.000571880780626,8.924722351366654e-06,2800,0.0007955298642627,0.0778245031833648,46.87451171875,47.80845642089844,47.8916015625,7.681839942932129,15.62470817565918,111.2626953125,2.5343892048113048e-05,5.0271773943677545e-05,0.0001231431961059,0.2106288969516754,0.5134884715080261,1.5189208984375,500,0.0,0.0,,0.0
within,arma_gnn,UK,UK,100,False,pu_zscore,0.0001733293465804,ckpt_norm/within_arma_gnn/within_arma_gnn_UK_s100.pt,100,0.0006298871594481,19.520252227783203,2400,0.0002939419064205,2.381901741027832,500,0.0005257339216768,8.68666211317759e-06,2800,0.0005261062760837,0.0534458421170711,31.248275756835938,39.40509033203125,63.26171875,7.08851957321167,13.192489624023438,56.1025390625,2.832412428688258e-05,4.2081475839950144e-05,6.538629531860352e-05,0.146772488951683,0.323942631483078,1.095947265625,500,0.0,0.0,,0.0
within,arma_gnn,UK,UK,1000,False,pu_zscore,0.0001623288553673,ckpt_norm/within_arma_gnn/within_arma_gnn_UK_s1000.pt,100,0.000564158486668,14.932110786437988,2400,0.0002906387380789,2.358262062072754,500,0.0005528822075575,7.67838992032921e-06,2800,0.0005463462439365,0.0576549470424652,47.42812347412109,50.18009567260742,57.56640625,7.490900039672852,15.241610527038574,44.4755859375,2.513523941161111e-05,5.074682121630758e-05,0.0001269578933715,0.1646548509597778,0.2997265756130218,1.1544189453125,500,0.0,0.0,,0.0
within,arma_gnn,UK,UK,300,False,pu_zscore,0.0003189714043401,ckpt_norm/within_arma_gnn/within_arma_gnn_UK_s300.pt,100,0.0014040829846635,46.14768600463867,2400,0.0003300970711279,2.457329750061035,500,0.0015042535960674,2.9361248380155303e-05,2800,0.0005898137460462,0.060796570032835,74.98754119873047,82.52213287353516,85.630859375,8.114686012268066,19.7823543548584,33.0166015625,7.292329974006861e-05,9.662748198024929e-05,0.000108778476715,0.1637493222951889,0.3190027475357055,1.39263916015625,500,0.0,0.0,,0.0
within,arma_gnn,UK,UK,700,False,pu_zscore,0.0001572335895616,ckpt_norm/within_arma_gnn/within_arma_gnn_UK_s700.pt,100,0.0004995032213628,14.481802940368652,2400,0.0003059113514609,2.6764369010925293,500,0.0006145796505734,9.91117940429831e-06,2800,0.0007067116675898,0.0742304474115371,27.77549171447754,37.97158050537109,50.26171875,8.122714042663574,13.159546852111816,55.142578125,2.5880319299176332e-05,6.232509622350335e-05,0.0001222491264343,0.2158277481794357,0.4328187704086303,1.3567047119140625,500,0.0,0.0,,0.0
within,nnconv,IEEE118,IEEE118,0,False,pu_zscore,0.0015719680814072,ckpt_norm/within_nnconv/within_nnconv_IEEE118_s0.pt,100,0.0189847722649574,41.54819488525391,5400,0.002386049600318,2.067138195037842,6400,0.0038039346691221,0.0003015218244399,11700,0.0229720883071422,1.0984667539596558,69.3436279296875,119.93531799316406,149.34521484375,6.4377522468566895,22.30891227722168,312.68115234375,0.001192214898765,0.0031773285008966,0.0150806903839111,2.991314172744751,18.930255889892575,49.0174560546875,6400,0.1332812458276748,0.1320312470197677,0.0117233293130993,0.000360555248335
within,nnconv,IEEE118,IEEE118,100,False,pu_zscore,0.0014434466138482,ckpt_norm/within_nnconv/within_nnconv_IEEE118_s100.pt,100,0.0102478386834263,17.322734832763672,5400,0.0026585073210299,2.4944093227386475,6400,0.0033165756613016,0.0002962589205708,11700,0.020626725628972,1.0320504903793335,44.14799880981445,99.07093811035156,130.208984375,7.58172082901001,29.606882095336918,255.540771484375,0.0008646279457025,0.0035139832179993,0.0118096470832824,2.561962842941284,16.526521682739258,45.16290283203125,6400,0.1332812458276748,0.1306249946355819,0.0211019925773143,0.0001802776241675
within,nnconv,IEEE118,IEEE118,300,False,pu_zscore,0.0017373948357999,ckpt_norm/within_nnconv/within_nnconv_IEEE118_s300.pt,100,0.0261353533715009,60.22546005249024,5400,0.002403569407761,2.067582607269287,6400,0.0027271711733192,0.0002812106104101,11700,0.0188888330012559,1.0025715827941897,77.9734115600586,129.02389526367188,158.59814453125,5.711793422698975,29.73316192626953,272.125,0.0006726591964252,0.0020693461410701,0.0135658979415893,2.9246299266815186,14.60402774810791,43.72866821289063,6400,0.1332812458276748,0.135781243443489,0.0023446658160537,0.003244997235015
within,nnconv,IEEE24,IEEE24,0,False,pu_zscore,0.0004093161551281,ckpt_norm/within_nnconv/within_nnconv_IEEE24_s0.pt,100,0.001607273472473,1.406457543373108,1100,0.0009815965313464,0.4960477948188782,1300,0.0013136332854628,9.383458382217214e-05,2300,0.0011130727361887,0.0534714311361312,2.784019947052002,6.595889091491699,10.50482177734375,1.1055041551589966,1.689265251159668,4.8544921875,0.000238591353991,0.0003286197315901,0.0012955069541931,0.1360959112644195,0.1762280315160751,0.708242654800415,1300,0.0192307699471712,0.0192307699471712,0.0,0.0
within,nnconv,IEEE24,IEEE24,100,False,pu_zscore,0.0003710862074512,ckpt_norm/within_nnconv/within_nnconv_IEEE24_s100.pt,100,0.0017386785475537,1.8390936851501465,1100,0.0007095102337189,0.3040189743041992,1300,0.0017978572286665,0.0001312283420702,2300,0.0008573522209189,0.0368193984031677,3.393435478210449,4.13677453994751,8.020751953125,1.04456627368927,1.559220790863037,3.5584716796875,0.0003206223191227,0.000432054453995,0.0018429160118103,0.0917489603161811,0.1764363497495651,0.5715160369873047,1300,0.0192307699471712,0.0192307699471712,0.0,0.0
within,nnconv,IEEE24,IEEE24,300,False,pu_zscore,0.0004974316689185,ckpt_norm/within_nnconv/within_nnconv_IEEE24_s300.pt,100,0.0025521754287183,2.5030713081359863,1100,0.0007284503080882,0.2961120009422302,1300,0.0017298051388934,0.0001114823753596,2300,0.0015482828021049,0.0724644437432289,5.961858749389648,7.643935203552246,9.37310791015625,0.9569931030273438,1.7877495288848877,4.791015625,0.0002729802508838,0.0005191073869355,0.0018571615219116,0.1695399582386016,0.2700994312763214,0.8990345001220703,1300,0.0192307699471712,0.0192307699471712,0.0,0.0
within,nnconv,IEEE39,IEEE39,0,False,pu_zscore,0.0132328672334551,ckpt_norm/within_nnconv/within_nnconv_IEEE39_s0.pt,100,0.0089087495580315,17.682907104492188,1000,0.0333821773529052,22.350318908691406,2900,0.0486535392701625,0.0035404069349169,3800,0.0378870368003845,1.2306746244430542,38.840579986572266,64.01725006103516,74.38296508789062,173.65158081054688,307.4883117675781,341.65093994140625,0.0193339679390192,0.0678212121129036,0.0848078727722168,7.699939250946045,18.505691528320312,40.242897033691406,2900,0.3062068819999695,0.3289655148983001,0.0011261261533945,0.0333001986145973
within,nnconv,IEEE39,IEEE39,100,False,pu_zscore,0.0135018052533268,ckpt_norm/within_nnconv/within_nnconv_IEEE39_s100.pt,100,0.0150520615279674,36.2570686340332,1000,0.0337272845208644,22.114112854003903,2900,0.0474621877074241,0.0033412999473512,3800,0.0375588126480579,1.1599003076553345,42.130332946777344,49.05619812011719,50.707130432128906,175.02694702148438,308.8636779785156,340.27557373046875,0.0184211172163486,0.0661254525184631,0.0807363390922546,7.903119087219238,18.179035186767575,39.98297882080078,2900,0.3062068819999695,0.3241379261016845,0.0101351346820592,0.0303180906921625
within,nnconv,IEEE39,IEEE39,300,False,pu_zscore,0.0133293904364109,ckpt_norm/within_nnconv/within_nnconv_IEEE39_s300.pt,100,0.0059473309665918,13.688054084777832,1000,0.0337360724806785,20.36798477172852,2900,0.0486593358218669,0.0037372806109488,3800,0.0381144732236862,1.4113816022872925,20.4863338470459,21.52092742919922,23.000274658203125,176.83624267578125,309.7560729980469,346.53106689453125,0.0205093473196029,0.0682448893785476,0.0822639465332031,7.928569793701172,18.569297790527344,39.66245651245117,2900,0.3062068819999695,0.3213793039321899,0.0180180184543132,0.0298210736364126
within,nnconv,UK,UK,0,False,pu_zscore,0.0004002027853857,ckpt_norm/within_nnconv/within_nnconv_UK_s0.pt,100,0.0010371884563937,27.329702377319336,2400,0.000874561490491,5.908229351043701,500,0.0021011875942349,3.206074325134978e-05,2800,0.0011761193163692,0.1296031326055526,68.08914184570312,100.36254119873048,138.1796875,15.800389289855955,38.72163772583008,213.7275390625,8.815823821350932e-05,0.0001895383466035,0.0004230737686157,0.3331792950630188,0.7383323311805725,2.12933349609375,500,0.0,0.0,,0.0
within,nnconv,UK,UK,100,False,pu_zscore,0.0005093353101983,ckpt_norm/within_nnconv/within_nnconv_UK_s100.pt,100,0.0019879550673067,64.49885559082031,2400,0.0007696202374063,6.785169124603272,500,0.0017024026019498,3.09059614664875e-05,2800,0.0012110997922718,0.148085355758667,98.44529724121094,118.1505126953125,122.029296875,16.686969757080078,31.070030212402344,159.4736328125,6.660222425125539e-05,0.0001404747163178,0.0003054141998291,0.387411892414093,0.6143680214881897,1.58489990234375,500,0.0,0.0,,0.0
within,nnconv,UK,UK,300,False,pu_zscore,0.000504235853441,ckpt_norm/within_nnconv/within_nnconv_UK_s300.pt,100,0.0015682333614677,49.86886596679688,2400,0.000997100258246,7.645862579345703,500,0.0017337787430733,3.1099916668608785e-05,2800,0.0014676700811833,0.1799707561731338,79.364501953125,98.64147186279295,128.109375,25.598133087158203,46.74136352539063,166.87890625,5.742012945120223e-05,0.0001073577441275,0.0003624558448791,0.4440128803253174,0.7628044486045837,2.060165405273437,500,0.0,0.0,,0.0
within,gin,IEEE118,IEEE118,0,False,pu_zscore,0.0012254003668203,ckpt_norm/within_gin/within_gin_IEEE118_s0.pt,100,0.0092748804017901,21.14986038208008,5400,0.0023509517777711,3.218950033187866,6400,0.0019919911865144,0.0002123677113559,11700,0.0141297876834869,0.8530872464179993,31.27969741821289,39.17303085327149,40.278076171875,12.515277862548828,33.32732009887695,101.05712890625,0.0006995854200795,0.0015496156411245,0.0089732408523559,1.7672547101974487,8.630520820617676,42.57948303222656,6400,0.1332812458276748,0.1309375017881393,0.0234466586261987,0.0009013881208375
within,gin,IEEE118,IEEE118,100,False,pu_zscore,0.0007452437421306,ckpt_norm/within_gin/within_gin_IEEE118_s100.pt,100,0.0036990114022046,6.654501914978027,5400,0.0012807907769456,1.9461274147033687,6400,0.0026552774943411,0.000338260520948,11700,0.013845358043909,0.7444968819618225,16.12529182434082,17.98811912536621,45.49560546875,5.89948034286499,18.074552536010746,95.59716796875,0.0009686613338999,0.0021566536743193,0.0069265365600585,1.5815253257751465,8.264278411865234,41.70697021484375,6400,0.1332812458276748,0.1298437565565109,0.0328253209590911,0.001081665745005
within,gin,IEEE118,IEEE118,1000,False,pu_zscore,0.0006802103016525,ckpt_norm/within_gin/within_gin_IEEE118_s1000.pt,100,0.0038334962446242,6.752768516540527,5400,0.001061231130734,1.659263253211975,6400,0.0016739134443923,0.0002224495838163,11700,0.0141336629167199,0.6673215627670288,17.754905700683594,24.817279815673828,24.85546875,5.553778171539307,10.848615646362305,62.387939453125,0.000645199266728,0.0011245023924857,0.0073693394660949,1.6303234100341797,8.267539024353027,45.450340270996094,6400,0.1332812458276748,0.1323437541723251,0.0105509962886571,0.0005408328725025
within,gin,IEEE118,IEEE118,300,False,pu_zscore,0.0006730968598276,ckpt_norm/within_gin/within_gin_IEEE118_s300.pt,100,0.0056341127492487,11.179479598999023,5400,0.0008318935288116,1.4483747482299805,6400,0.0027944552712142,0.0003348804020788,11700,0.0154602602124214,0.8131024837493896,20.040918350219727,40.601348876953125,61.5068359375,4.152343273162842,8.139419555664062,77.09423828125,0.0011995731620118,0.0024182409979403,0.0095717906951904,1.7229444980621338,11.316080093383787,42.36196899414063,6400,0.1332812458276748,0.1282812505960464,0.0480656512081623,0.0016224986175075
within,gin,IEEE118,IEEE118,700,False,pu_zscore,0.0006376894307322,ckpt_norm/within_gin/within_gin_IEEE118_s700.pt,100,0.0027264265809208,5.115739822387695,5400,0.001009746803902,1.628995418548584,6400,0.0020164775196462,0.0002567648189142,11700,0.013470004312694,0.6689677834510803,12.067246437072754,13.664999961853027,29.70654296875,5.551952362060547,12.31007194519043,48.665771484375,0.0007879405166022,0.0014342996291816,0.0081863403320312,1.6453665494918823,7.211045742034912,42.029052734375,6400,0.1332812458276748,0.1343750059604644,0.0058616646565496,0.00216333149001
within,gin,IEEE24,IEEE24,0,False,pu_zscore,0.0003132575948256,ckpt_norm/within_gin/within_gin_IEEE24_s0.pt,100,0.0015712304739281,1.684717059135437,1100,0.0005083841388113,0.21658556163311,1300,0.0015624664956703,0.0001255870738532,2300,0.0006272628670558,0.0297650806605815,3.2825558185577397,3.520007848739624,3.808837890625,0.768657386302948,1.258439540863037,2.34906005859375,0.0002998769050464,0.0003842163132503,0.0005346536636352,0.0721229165792465,0.1196265071630477,0.4380741119384765,1300,0.0192307699471712,0.0184615384787321,0.0399999991059303,0.0
within,gin,IEEE24,IEEE24,100,False,pu_zscore,0.0003505858185235,ckpt_norm/within_gin/within_gin_IEEE24_s100.pt,100,0.0017675639828667,1.8839737176895144,1100,0.0005599133437499,0.2320980876684188,1300,0.0007843053317628,4.908401388092898e-05,2300,0.0006918435683473,0.0319672562181949,3.879137992858887,4.118597507476807,6.300079345703125,0.6468864679336548,1.4323410987854004,4.5634765625,0.000112789843115,0.0001941335212904,0.0008181929588317,0.085276611149311,0.1152681410312652,0.4260210990905761,1300,0.0192307699471712,0.0192307699471712,0.0,0.0
within,gin,IEEE24,IEEE24,1000,False,pu_zscore,0.000435713911429,ckpt_norm/within_gin/within_gin_IEEE24_s1000.pt,100,0.0019986536353826,1.6945456266403198,1100,0.0008716864977031,0.452971339225769,1300,0.0008652709075249,6.048651994206011e-05,2300,0.0007255238597281,0.0332858152687549,4.005194664001465,9.177190780639648,13.533477783203123,1.1075595617294312,1.2757636308670044,3.53179931640625,0.0001392333942931,0.0002427196595817,0.0010521411895751,0.0914565101265907,0.1446002274751663,0.3957152366638183,1300,0.0192307699471712,0.0192307699471712,0.0,0.0
within,gin,IEEE24,IEEE24,300,False,pu_zscore,0.0004266184405423,ckpt_norm/within_gin/within_gin_IEEE24_s300.pt,100,0.002270491560921,2.6286842823028564,1100,0.0005442076944746,0.2593850493431091,1300,0.0010803641052916,8.27001131256111e-05,2300,0.0006804395816288,0.0302049592137336,4.12791109085083,5.94533109664917,6.09820556640625,0.6523007750511169,1.269940733909607,3.119873046875,0.0002058237732853,0.0002581053995527,0.0005717277526855,0.0877285152673721,0.1528415083885193,0.3314361572265625,1300,0.0192307699471712,0.0192307699471712,0.0,0.0
within,gin,IEEE24,IEEE24,700,False,pu_zscore,0.0004010801494587,ckpt_norm/within_gin/within_gin_IEEE24_s700.pt,100,0.0021781174000352,1.7863861322402954,1100,0.0004498494090512,0.2089339643716812,1300,0.0008671426912769,6.458924326580018e-05,2300,0.0005540077690966,0.0244207065552473,4.254012584686279,9.575116157531738,16.01922607421875,0.5550074577331543,1.256219506263733,2.059864044189453,0.000168156606378,0.0002262491470901,0.0006218552589416,0.0608813315629959,0.0970122963190078,0.3632291555404663,1300,0.0192307699471712,0.0192307699471712,0.0,0.0
within,gin,IEEE39,IEEE39,0,False,pu_zscore,0.0128753501921892,ckpt_norm/within_gin/within_gin_IEEE39_s0.pt,100,0.0040405970066785,5.9119391441345215,1000,0.0327809043228626,19.33628463745117,2900,0.003340634284541,0.0005238021840341,3800,0.0223063584417104,0.541201651096344,14.927288055419922,19.106691360473636,71.06094360351562,164.07408142089844,311.0391540527344,351.6690673828125,0.002027356531471,0.0029538166709244,0.0059980154037475,0.8761624693870544,13.77218532562256,39.41847610473633,2900,0.3062068819999695,0.3058620691299438,0.0067567569203674,0.002485089469701
within,gin,IEEE39,IEEE39,100,False,pu_zscore,0.0129288146272301,ckpt_norm/within_gin/within_gin_IEEE39_s100.pt,100,0.0041348333470523,8.676342964172363,1000,0.0329133607447147,18.70377349853516,2900,0.0029770473483949,0.0005036450456827,3800,0.0226618982851505,0.5644488334655762,16.963998794555664,24.91189384460449,27.97079467773437,171.32138061523438,305.1540832519531,343.9217529296875,0.0016005963552743,0.0024344772100448,0.0067965984344482,0.8473665714263916,13.95459270477295,38.02080535888672,2900,0.3062068819999695,0.3065517246723175,0.0067567569203674,0.0034791252110153
within,gin,IEEE39,IEEE39,1000,False,pu_zscore,0.0130441393703222,ckpt_norm/within_gin/within_gin_IEEE39_s1000.pt,100,0.0090108672156929,15.202868461608888,1000,0.0330527313053607,22.17548179626465,2900,0.0037021441385149,0.0005657021538354,3800,0.0224335826933383,0.555715024471283,26.221614837646484,33.67609405517578,157.28224182128906,170.65322875976562,305.1337280273437,344.649658203125,0.0018645951058715,0.0036275635939091,0.0080461502075195,1.0303328037261963,13.678153038024902,39.608829498291016,2900,0.3062068819999695,0.3072413802146911,0.0067567569203674,0.0044731609523296
within,gin,IEEE39,IEEE39,300,False,pu_zscore,0.0132409958168864,ckpt_norm/within_gin/within_gin_IEEE39_s300.pt,100,0.007198812905699,14.620226860046388,1000,0.0336295962333679,19.72258758544922,2900,0.0028760575223714,0.0004838619497604,3800,0.0227147527039051,0.6177152395248413,26.68939971923828,29.64923667907715,88.30361938476562,178.13722229003906,311.0535583496094,345.2373046875,0.0014049530727788,0.0028725888114422,0.0040409564971923,0.9420876502990724,13.807943344116213,38.15586853027344,2900,0.3062068819999695,0.3075861930847168,0.0056306305341422,0.0044731609523296
within,gin,IEEE39,IEEE39,700,False,pu_zscore,0.0130001790821552,ckpt_norm/within_gin/within_gin_IEEE39_s700.pt,100,0.0065281516872346,14.839359283447266,1000,0.0330363810062408,18.538406372070312,2900,0.0026393432635813,0.000472027430078,3800,0.0222737807780504,0.4926263988018036,24.056076049804688,27.53609275817871,38.816986083984375,175.08932495117188,308.9267272949219,340.218017578125,0.0011487125884741,0.0020256265997886,0.0071392059326171,0.6833510994911194,13.860262870788574,39.11216354370117,2900,0.3062068819999695,0.3079310357570648,0.0067567569203674,0.0054671969264745
within,gin,UK,UK,0,False,pu_zscore,0.0003553773858584,ckpt_norm/within_gin/within_gin_UK_s0.pt,100,0.0012194101000204,33.38863754272461,2400,0.0006451121298596,5.360501766204834,500,0.0009982445044443,1.578593219164759e-05,2800,0.0010550301522016,0.1193073913455009,84.86833953857422,95.57828521728516,99.07421875,16.136390686035156,28.934223175048828,116.9248046875,4.680156416725367e-05,7.993221515789628e-05,0.0002122521400451,0.3144249022006988,0.5334905982017517,2.10626220703125,500,0.0,0.0,,0.0
within,gin,UK,UK,100,False,pu_zscore,0.0004907842958346,ckpt_norm/within_gin/within_gin_UK_s100.pt,100,0.0018708972493186,57.1694221496582,2400,0.0007742317975498,5.483065605163574,500,0.0008830592269077,1.6135454643517733e-05,2800,0.0011822644155472,0.1392825990915298,113.53378295898438,126.2995834350586,140.02734375,16.083044052124023,37.25751495361328,202.333984375,3.934502456104383e-05,5.418300861492753e-05,0.0001766085624694,0.4074604511260986,0.5991151928901672,2.123687744140625,500,0.0,0.0,,0.0
within,gin,UK,UK,1000,False,pu_zscore,0.0004942524828948,ckpt_norm/within_gin/within_gin_UK_s1000.pt,100,0.0016548029379919,38.95909118652344,2400,0.0009194637532345,7.420322418212891,500,0.0014410958392545,2.047419548034668e-05,2800,0.0013017937308177,0.1429309099912643,161.298583984375,163.52474975585938,165.587890625,21.444623947143555,33.01968002319336,229.6201171875,6.20424616499804e-05,9.008296183310448e-05,0.0003923177719116,0.3574233949184418,0.6689124703407288,2.881378173828125,500,0.0,0.0,,0.0
within,gin,UK,UK,300,False,pu_zscore,0.0007888554246164,ckpt_norm/within_gin/within_gin_UK_s300.pt,100,0.0029037466738373,86.24759674072266,2400,0.0013142958050593,9.933518409729004,500,0.0039317952468991,4.940485814586282e-05,2800,0.0021568404044955,0.2011375576257705,162.8922882080078,201.8483123779297,202.167236328125,28.35506629943848,58.91093444824219,313.2265625,0.0001713424862828,0.0002744423691183,0.0010973215103149,0.6150006651878357,1.2763510942459106,5.433807373046875,500,0.0,0.0,,0.0
within,gin,UK,UK,700,False,pu_zscore,0.000425857520895,ckpt_norm/within_gin/within_gin_UK_s700.pt,100,0.0016878506867215,50.15379333496094,2400,0.0006235672626644,5.103030681610107,500,0.0012579134199768,2.217745714006014e-05,2800,0.001068893354386,0.1195831596851348,104.58543395996094,120.6506118774414,124.5390625,15.21541690826416,27.735225677490234,132.361328125,5.4126976465340704e-05,8.90899682417512e-05,0.0002176761627197,0.3266548812389374,0.5816786289215088,2.207672119140625,500,0.0,0.0,,0.0
cross,arma_gnn,IEEE118,IEEE24,0,True,pu_zscore,0.534875750541687,ckpt_norm/cross_arma_gnn/cc_arma_gnn_IEEE118_s0.pt,100,2.853473663330078,3466.207275390625,1100,0.3651402294635772,118.77427673339844,1300,0.3249087631702423,0.0381882451474666,2300,0.9877997636795044,67.79425048828125,4679.92041015625,4985.45556640625,5005.8603515625,309.7450866699219,1069.4281005859375,2486.072509765625,0.0966820195317268,0.129300370812416,0.2167646288871765,159.3988494873047,197.889404296875,227.34683227539065,1300,0.0399999991059303,0.1676923036575317,0.942307710647583,0.1722756475210189
cross,arma_gnn,IEEE118,IEEE39,0,True,pu_zscore,0.4449095427989959,ckpt_norm/cross_arma_gnn/cc_arma_gnn_IEEE118_s0.pt,100,6.884535789489746,6542.3330078125,1000,0.2253297120332718,317.818115234375,2900,0.2919345200061798,0.0634296163916587,3800,1.9509294033050537,158.63124084472656,6782.12109375,6831.59716796875,6831.85009765625,752.3262329101562,1075.7752685546875,1432.651123046875,0.1505405157804489,0.1681423038244247,0.2261186838150024,285.9861145019531,448.6867370605469,475.140380859375,2900,0.3834482729434967,0.386896550655365,0.4172661900520324,0.2651006579399109
cross,arma_gnn,IEEE118,IEEE118,0,False,pu_zscore,0.0036704156082123,ckpt_norm/cross_arma_gnn/cc_arma_gnn_IEEE118_s0.pt,100,0.0340129137039184,38.071434020996094,5400,0.0060871955938637,6.140079498291016,6400,0.0118096759542822,0.0008607645286247,11700,0.0272112824022769,2.399184226989746,225.7354888916016,265.8219909667969,321.71337890625,19.62075424194336,80.39268493652344,468.481689453125,0.0029155332595109,0.0100465817376971,0.0914602875709533,7.98199987411499,17.688987731933594,340.4765014648437,6400,0.1404687464237213,0.1371874958276748,0.0367074534296989,0.0021814214996993
cross,arma_gnn,IEEE118,UK,0,True,pu_zscore,0.1586722284555435,ckpt_norm/cross_arma_gnn/cc_arma_gnn_IEEE118_s0.pt,100,0.5550256371498108,16814.98046875,2400,0.2006670236587524,1583.1722412109375,500,13.557214736938477,0.3738176524639129,2800,12.625816345214844,1648.212890625,31090.1796875,33715.73046875,33829.23828125,4904.1240234375,7294.32421875,11357.962890625,1.065757393836975,1.2595937252044678,1.4150079488754272,3702.464599609375,5941.31640625,7080.15185546875,500,0.0,0.8759999871253967,,0.8759999871253967
cross,arma_gnn,IEEE118,IEEE24,100,True,pu_zscore,0.5958253145217896,ckpt_norm/cross_arma_gnn/cc_arma_gnn_IEEE118_s100.pt,100,2.91425895690918,3535.89697265625,1100,0.868721067905426,321.952392578125,1300,0.458994060754776,0.0522237755358219,2300,1.0692591667175293,70.82073211669922,4723.36767578125,5357.54833984375,5417.09423828125,1125.5323486328125,1469.7431640625,4475.189453125,0.1261884272098541,0.156462475657463,0.2015546560287475,171.3457794189453,202.3750915527344,238.18429565429688,1300,0.0399999991059303,0.4246153831481933,0.5384615659713745,0.4230769276618957
cross,arma_gnn,IEEE118,IEEE39,100,True,pu_zscore,0.5284947752952576,ckpt_norm/cross_arma_gnn/cc_arma_gnn_IEEE118_s100.pt,100,7.127218246459961,6771.42333984375,1000,0.7371995449066162,1173.7509765625,2900,0.3783934116363525,0.077876441180706,3800,2.3826022148132324,201.74722290039065,7072.22705078125,7127.70068359375,7128.0244140625,1952.4310302734373,2126.953369140625,2473.06298828125,0.1879374831914901,0.2397420704364776,0.3699670433998108,339.75555419921875,379.8971557617188,414.64349365234375,2900,0.3834482729434967,0.7675862312316895,0.1600719392299652,0.7225950956344604
cross,arma_gnn,IEEE118,IEEE118,100,False,pu_zscore,0.0034330985508859,ckpt_norm/cross_arma_gnn/cc_arma_gnn_IEEE118_s100.pt,100,0.0284548923373222,42.10973739624024,5400,0.0056434241123497,6.029427528381348,6400,0.0121691972017288,0.0008286106749437,11700,0.0271802693605422,2.2580432891845703,150.667724609375,212.83627319335935,314.0712890625,19.262598037719727,70.92018127441406,415.996337890625,0.0027779387310147,0.0105933295562863,0.1012107133865356,8.097887992858887,18.34992027282715,344.3478088378906,6400,0.1404687464237213,0.1364062428474426,0.0378197990357875,0.0014542810386046
cross,arma_gnn,IEEE118,UK,100,True,pu_zscore,0.1715507358312606,ckpt_norm/cross_arma_gnn/cc_arma_gnn_IEEE118_s100.pt,100,0.5649999380111694,16860.40625,2400,0.3011846542358398,1804.099609375,500,14.082932472229004,0.3938965499401092,2800,8.468291282653809,1070.0020751953125,31573.744140625,34280.01953125,34402.42578125,7162.451171875,15710.4189453125,21482.8203125,1.0676695108413696,1.2755061388015747,1.3414149284362793,2979.272216796875,3705.519287109375,4755.96435546875,500,0.0,0.9959999918937684,,0.9959999918937684
cross,arma_gnn,IEEE118,IEEE24,1000,True,pu_zscore,0.5989622473716736,ckpt_norm/cross_arma_gnn/cc_arma_gnn_IEEE118_s1000.pt,100,2.8701272010803223,3475.2353515625,1100,0.9408037662506104,319.29840087890625,1300,0.3976291418075561,0.0432637184858322,2300,1.1123849153518677,71.31029510498047,4979.24462890625,5322.89990234375,5326.67431640625,886.22900390625,2199.632080078125,5328.75048828125,0.1247776076197624,0.1369147151708603,0.2411327362060547,182.7298126220703,223.24087524414065,253.2441253662109,1300,0.0399999991059303,0.3261538445949554,0.6153846383094788,0.3237179517745971
cross,arma_gnn,IEEE118,IEEE39,1000,True,pu_zscore,0.5523875951766968,ckpt_norm/cross_arma_gnn/cc_arma_gnn_IEEE118_s1000.pt,100,7.346221446990967,6981.21630859375,1000,0.8004449009895325,1266.5089111328125,2900,0.5359016060829163,0.1069317087531089,3800,2.455605745315552,215.4340667724609,7229.24853515625,7278.92578125,7279.19775390625,2283.71728515625,2304.387451171875,2535.27197265625,0.2592862546443939,0.3959194123744964,0.3985825181007385,318.36346435546875,360.7799987792969,418.8579711914063,2900,0.3834482729434967,0.7575861811637878,0.2841726541519165,0.7835570573806763
cross,arma_gnn,IEEE118,IEEE118,1000,False,pu_zscore,0.0036215709988027,ckpt_norm/cross_arma_gnn/cc_arma_gnn_IEEE118_s1000.pt,100,0.0318672470748424,39.33592987060547,5400,0.0060137873515486,5.095820426940918,6400,0.012163707986474,0.000797928776592,11700,0.0274682883173227,2.206461191177368,187.6668701171875,254.3946533203125,330.4287109375,15.4506196975708,72.41114044189453,467.40234375,0.0028671799227595,0.0100122038275003,0.104469895362854,8.16297721862793,21.72039031982422,346.19775390625,6400,0.1404687464237213,0.13671875,0.0367074534296989,0.0016360661247745
cross,arma_gnn,IEEE118,UK,1000,True,pu_zscore,0.2075065374374389,ckpt_norm/cross_arma_gnn/cc_arma_gnn_IEEE118_s1000.pt,100,0.6172415614128113,19705.015625,2400,0.4150931239128113,3026.525390625,500,19.84077453613281,0.4548678994178772,2800,8.763686180114746,1174.4991455078125,31678.955078125,34311.52734375,34426.96484375,11624.537109375,14503.2060546875,22112.814453125,1.6953171491622925,2.0358307361602783,2.182626247406006,2516.43212890625,3397.850830078125,4418.74267578125,500,0.0,0.6019999980926514,,0.6019999980926514
cross,arma_gnn,IEEE118,IEEE24,300,True,pu_zscore,0.5165548920631409,ckpt_norm/cross_arma_gnn/cc_arma_gnn_IEEE118_s300.pt,100,2.801187753677368,3434.054931640625,1100,0.1947620064020156,84.22154998779297,1300,0.3169869184494018,0.031027402728796,2300,0.8748033046722412,50.07070159912109,3769.83447265625,4316.09228515625,4320.63671875,241.3983154296875,362.9063415527344,733.5867919921875,0.1353563219308853,0.1449259370565414,0.1804632544517517,118.01686096191406,272.7664489746094,300.7135314941406,1300,0.0399999991059303,0.0776923075318336,1.0,0.0809294879436492
cross,arma_gnn,IEEE118,IEEE39,300,True,pu_zscore,0.3101466000080108,ckpt_norm/cross_arma_gnn/cc_arma_gnn_IEEE118_s300.pt,100,4.622989654541016,4386.556640625,1000,0.2594451904296875,349.3039245605469,2900,0.3256691098213196,0.0669611617922782,3800,1.561096429824829,106.75977325439452,4532.6435546875,4567.12451171875,6169.82177734375,963.4354858398438,1290.662109375,1483.5343017578125,0.1765266358852386,0.2223382443189621,0.2811331748962402,384.4056091308594,441.155517578125,464.6429138183594,2900,0.3834482729434967,0.3793103396892547,0.4811151027679443,0.2925055921077728
cross,arma_gnn,IEEE118,IEEE118,300,False,pu_zscore,0.0037892465479671,ckpt_norm/cross_arma_gnn/cc_arma_gnn_IEEE118_s300.pt,100,0.0415285415947437,61.24968719482422,5400,0.0060625374317169,5.753855705261231,6400,0.0120184672996401,0.0012504451442509,11700,0.0270822290331125,2.192524671554565,250.50369262695312,340.42596435546875,348.854736328125,17.823402404785156,68.69918823242188,487.421630859375,0.0033997555729001,0.0111684659495949,0.0756534337997436,7.376936435699463,15.679784774780272,343.5076904296875,6400,0.1404687464237213,0.1306249946355819,0.0723025575280189,0.0003635702596511
cross,arma_gnn,IEEE118,UK,300,True,pu_zscore,0.1912897080183029,ckpt_norm/cross_arma_gnn/cc_arma_gnn_IEEE118_s300.pt,100,0.5488884449005127,16010.26171875,2400,0.2391702234745025,2133.30322265625,500,21.93396377563477,0.6980517506599426,2800,21.532201766967773,2943.38916015625,31735.53515625,34502.41796875,34624.83984375,5010.40185546875,8411.2587890625,12170.2421875,1.3535661697387695,1.492583990097046,1.544296383857727,6439.8037109375,9981.4375,11454.203125,500,0.0,1.0,,1.0
cross,arma_gnn,IEEE118,IEEE24,700,True,pu_zscore,0.697586178779602,ckpt_norm/cross_arma_gnn/cc_arma_gnn_IEEE118_s700.pt,100,3.4302096366882324,4180.17138671875,1100,1.005935788154602,351.164794921875,1300,0.2888195216655731,0.0327824652194976,2300,0.9865085482597352,53.245243072509766,5223.755859375,5503.51806640625,5538.01904296875,1423.424072265625,1888.904052734375,3974.82666015625,0.0886519029736518,0.1035129949450492,0.198710560798645,120.15961456298828,345.8758850097656,373.2053527832031,1300,0.0399999991059303,0.132307693362236,1.0,0.1378205120563507
cross,arma_gnn,IEEE118,IEEE39,700,True,pu_zscore,0.5848769545555115,ckpt_norm/cross_arma_gnn/cc_arma_gnn_IEEE118_s700.pt,100,7.566445350646973,7190.892578125,1000,0.9269862174987792,1371.7449951171875,2900,0.3851304650306701,0.0809621587395668,3800,1.6274434328079224,134.72271728515625,7412.537109375,7459.28125,7459.47314453125,2895.5009765625,2996.50927734375,3505.40185546875,0.174579843878746,0.2964342832565307,0.3139423131942749,280.5014038085937,340.7126159667969,479.6649169921875,2900,0.3834482729434967,0.4665517210960388,0.564748227596283,0.4860178828239441
cross,arma_gnn,IEEE118,IEEE118,700,False,pu_zscore,0.0034617043565958,ckpt_norm/cross_arma_gnn/cc_arma_gnn_IEEE118_s700.pt,100,0.0309674404561519,52.70371627807617,5400,0.005610377062112,6.3887248039245605,6400,0.0119193634018301,0.0009616033057682,11700,0.0272343847900629,2.275885581970215,171.71218872070312,219.98291015625,274.304443359375,27.390256881713867,62.444705963134766,422.259033203125,0.0031213695183396,0.0109746968373656,0.0803529620170593,7.419105052947998,15.634350776672363,346.7049560546875,6400,0.1404687464237213,0.1329687535762787,0.0656284764409065,0.0019996364135295
cross,arma_gnn,IEEE118,UK,700,True,pu_zscore,0.1872444152832031,ckpt_norm/cross_arma_gnn/cc_arma_gnn_IEEE118_s700.pt,100,0.5939253568649292,18304.599609375,2400,0.294514924287796,1959.5533447265625,500,9.292156219482422,0.2927156984806061,2800,14.662251472473145,1806.5234375,32537.125,35214.15234375,35332.75390625,7198.31298828125,12826.3974609375,26897.255859375,0.5882472991943359,0.6674920916557312,0.6819920539855957,4524.2109375,8812.0439453125,10301.60546875,500,0.0,0.9120000004768372,,0.9120000004768372
cross,arma_gnn,IEEE24,IEEE24,0,False,pu_zscore,0.0049047204665839,ckpt_norm/cross_arma_gnn/cc_arma_gnn_IEEE24_s0.pt,100,0.0193170942366123,14.789899826049805,1100,0.0111047914251685,3.4115102291107178,1300,0.0115529093891382,0.0007833705749362,2300,0.0108132837340235,0.4564408659934997,49.20067596435547,83.82632446289062,126.59475708007812,11.498003005981444,27.55279541015625,83.47589111328125,0.0026031583547592,0.0054665757343173,0.0373753905296325,1.677370309829712,3.754928112030029,11.293701171875,1300,0.0399999991059303,0.0430769212543964,0.0769230797886848,0.0064102564938366
cross,arma_gnn,IEEE24,IEEE39,0,True,pu_zscore,0.0962765961885452,ckpt_norm/cross_arma_gnn/cc_arma_gnn_IEEE24_s0.pt,100,1.0984046459197998,1032.40283203125,1000,0.176287293434143,222.686767578125,2900,0.3335396647453308,0.068134605884552,3800,0.5393005609512329,46.018680572509766,1215.4893798828125,1261.6875,1261.884033203125,675.923828125,949.1641235351562,1120.50537109375,0.1866047382354736,0.2151473313570022,0.2358972430229187,80.15840911865234,95.0601043701172,119.66437530517578,2900,0.3834482729434967,0.5193103551864624,0.3552158176898956,0.4412751793861389
cross,arma_gnn,IEEE24,IEEE118,0,True,pu_zscore,0.1175465881824493,ckpt_norm/cross_arma_gnn/cc_arma_gnn_IEEE24_s0.pt,100,2.4317281246185303,5458.33203125,5400,0.0909163132309913,245.64276123046875,6400,0.2335815280675888,0.0445124022662639,11700,0.6004917025566101,209.0145263671875,6400.34521484375,6593.75390625,6615.796875,512.7916870117188,986.9320068359376,2338.698486328125,0.0789931118488311,0.1352731436491012,0.1915249824523925,300.05322265625,327.6279296875,372.5005493164063,6400,0.1404687464237213,0.0175000000745058,0.9955506324768066,0.0196327939629554
cross,arma_gnn,IEEE24,UK,0,True,pu_zscore,0.1295475661754608,ckpt_norm/cross_arma_gnn/cc_arma_gnn_IEEE24_s0.pt,100,0.5404433012008667,15826.353515625,2400,0.1381331086158752,1182.642822265625,500,6.935324668884277,0.2184746414422989,2800,1.9230784177780151,256.89990234375,30925.3359375,33670.609375,33784.53125,3063.463623046875,4309.44921875,7919.11083984375,0.4894982278347015,0.6207433938980103,0.6978620886802673,590.4359741210938,790.601806640625,1158.7177734375,500,0.0,0.9340000152587892,,0.9340000152587892
cross,arma_gnn,IEEE24,IEEE24,100,False,pu_zscore,0.004465720616281,ckpt_norm/cross_arma_gnn/cc_arma_gnn_IEEE24_s100.pt,100,0.0194206088781356,18.449602127075195,1100,0.0087994020432233,2.94990348815918,1300,0.0126478467136621,0.0008147757616825,2300,0.0099774915724992,0.4212335348129272,46.95878219604492,79.67031860351562,108.36264038085938,11.60232162475586,23.96543312072754,40.704010009765625,0.0025595063343644,0.005846360232681,0.0483285188674926,1.5540021657943726,3.7985355854034415,10.520160675048828,1300,0.0399999991059303,0.0384615398943424,0.0961538478732109,0.0024038462433964
cross,arma_gnn,IEEE24,IEEE39,100,True,pu_zscore,0.1040637046098709,ckpt_norm/cross_arma_gnn/cc_arma_gnn_IEEE24_s100.pt,100,1.2212496995925903,1150.225341796875,1000,0.1873673945665359,238.6778564453125,2900,0.2113320380449295,0.0430016666650772,3800,0.4778391122817993,41.03208160400391,1336.476806640625,1381.263427734375,1381.4495849609375,754.1595458984375,1028.8397216796875,1203.14306640625,0.1168849393725395,0.1483872234821319,0.1804274916648864,69.69107055664062,80.83649444580078,97.64128875732422,2900,0.3834482729434967,0.2951724231243133,0.5116906762123108,0.1750559210777282
cross,arma_gnn,IEEE24,IEEE118,100,True,pu_zscore,0.1323528736829757,ckpt_norm/cross_arma_gnn/cc_arma_gnn_IEEE24_s100.pt,100,2.42729115486145,5445.3388671875,5400,0.1317780762910843,391.60198974609375,6400,0.291885495185852,0.056102629750967,11700,0.8493396639823914,296.56182861328125,6425.630859375,6624.60107421875,6649.96533203125,728.6486206054688,875.094482421875,2129.25244140625,0.1118338629603385,0.1718664169311523,0.1857863068580627,421.9808654785156,476.3141479492188,568.2839965820312,6400,0.1404687464237213,0.7948437333106995,0.2224694043397903,0.7976731657981873
cross,arma_gnn,IEEE24,UK,100,True,pu_zscore,0.128492921590805,ckpt_norm/cross_arma_gnn/cc_arma_gnn_IEEE24_s100.pt,100,0.5285494327545166,15457.8603515625,2400,0.1489260792732238,1097.318603515625,500,3.440571546554565,0.1084072738885879,2800,1.4474948644638062,193.43609619140625,30506.7578125,33088.81640625,33197.1171875,3460.0986328125,5971.134765625,10646.720703125,0.203949436545372,0.2523365020751953,0.260384738445282,411.1994018554688,515.7771606445312,563.25830078125,500,0.0,0.6620000004768372,,0.6620000004768372
cross,arma_gnn,IEEE24,IEEE24,1000,False,pu_zscore,0.0044193677604198,ckpt_norm/cross_arma_gnn/cc_arma_gnn_IEEE24_s1000.pt,100,0.0191158223897218,14.875609397888184,1100,0.0087595414370298,2.9851298332214355,1300,0.0121501656249165,0.0007845484069548,2300,0.0105630001053214,0.4887674152851105,55.4472885131836,80.55243682861328,96.97299194335938,10.041560173034668,22.27002716064453,49.17598724365234,0.0030063472222536,0.0062492424622178,0.0372441411018371,1.6574996709823608,3.3817081451416016,11.382442474365234,1300,0.0399999991059303,0.0407692305743694,0.0576923079788684,0.0032051282469183
cross,arma_gnn,IEEE24,IEEE39,1000,True,pu_zscore,0.1138321682810783,ckpt_norm/cross_arma_gnn/cc_arma_gnn_IEEE24_s1000.pt,100,1.3092153072357178,1233.6787109375,1000,0.2090600579977035,258.69952392578125,2900,0.2158407717943191,0.0450437143445014,3800,0.555389404296875,47.88077163696289,1431.4881591796875,1473.7281494140625,1473.935791015625,910.8242797851562,1192.684326171875,1375.3076171875,0.1125563159584999,0.1442067474126815,0.1660584807395935,78.80648040771484,93.89787292480467,118.16553497314452,2900,0.3834482729434967,0.385172426700592,0.3965827226638794,0.2494407147169113
cross,arma_gnn,IEEE24,IEEE118,1000,True,pu_zscore,0.1170245856046676,ckpt_norm/cross_arma_gnn/cc_arma_gnn_IEEE24_s1000.pt,100,2.433515310287476,5461.73388671875,5400,0.0857655555009841,213.44219970703125,6400,0.6069312691688538,0.122414119541645,11700,0.6085885763168335,212.47450256347656,6413.09375,6606.69921875,6630.8525390625,458.3024597167969,1101.873291015625,2508.109130859375,0.2273232191801071,0.320122092962265,0.4387718439102173,300.3270263671875,348.0694274902344,422.103515625,6400,0.1404687464237213,0.953125,0.2224694043397903,0.9818214774131776
cross,arma_gnn,IEEE24,UK,1000,True,pu_zscore,0.129004955291748,ckpt_norm/cross_arma_gnn/cc_arma_gnn_IEEE24_s1000.pt,100,0.5422236323356628,16071.4873046875,2400,0.1332301944494247,983.9121704101562,500,3.717761516571045,0.1246044859290123,2800,1.2959578037261963,164.7466583251953,30652.6640625,33243.98828125,33354.93359375,2346.343017578125,5717.56396484375,10525.6494140625,0.1917571276426315,0.2101112902164459,0.2228267788887024,397.6456604003906,561.23193359375,743.916748046875,500,0.0,0.9700000286102296,,0.9700000286102296
cross,arma_gnn,IEEE24,IEEE24,300,False,pu_zscore,0.0051352311857044,ckpt_norm/cross_arma_gnn/cc_arma_gnn_IEEE24_s300.pt,100,0.023431222885847,18.078693389892575,1100,0.0092839105054736,3.061978816986084,1300,0.0111529342830181,0.0006549531826749,2300,0.0087457140907645,0.3607963919639587,60.71924209594727,99.81477355957033,139.60052490234375,11.583386421203612,23.08723258972168,52.26138687133789,0.0023780479095876,0.0067745274864137,0.0361440777778625,1.4129334688186646,2.82562255859375,10.189773559570312,1300,0.0399999991059303,0.0407692305743694,0.0384615398943424,0.0024038462433964
cross,arma_gnn,IEEE24,IEEE39,300,True,pu_zscore,0.0852852240204811,ckpt_norm/cross_arma_gnn/cc_arma_gnn_IEEE24_s300.pt,100,1.0649726390838623,997.6892700195312,1000,0.1411631554365158,193.3567352294922,2900,0.2153041511774063,0.044788509607315,3800,0.3599569201469421,31.632234573364254,1202.82373046875,1252.318603515625,1252.54345703125,484.9371948242188,734.1364135742188,906.43798828125,0.1158514022827148,0.1405314803123474,0.1772776246070861,53.1588134765625,63.86462020874024,83.68890380859375,2900,0.3834482729434967,0.5127586126327515,0.0575539581477642,0.2455257326364517
cross,arma_gnn,IEEE24,IEEE118,300,True,pu_zscore,0.1108843758702278,ckpt_norm/cross_arma_gnn/cc_arma_gnn_IEEE24_s300.pt,100,2.248969078063965,5041.78271484375,5400,0.0851871445775032,170.2293701171875,6400,0.2469557672739029,0.047181412577629,11700,0.6273341178894043,217.8360290527344,6003.67041015625,6200.0048828125,6224.162109375,559.150634765625,1240.3067626953125,2686.158203125,0.0854996144771575,0.1519531905651092,0.202605128288269,319.13629150390625,350.8451538085937,398.8592529296875,6400,0.1404687464237213,0.0020312499254941,0.9955506324768066,0.0016360661247745
cross,arma_gnn,IEEE24,UK,300,True,pu_zscore,0.1318129450082779,ckpt_norm/cross_arma_gnn/cc_arma_gnn_IEEE24_s300.pt,100,0.5243262052536011,15281.29296875,2400,0.1743033826351165,1456.142333984375,500,5.884484767913818,0.1711212992668151,2800,1.735664963722229,219.3851318359375,30486.65625,33189.15625,33307.203125,3526.238525390625,5963.05322265625,10644.3095703125,0.3648589253425598,0.6862825751304626,0.7813729643821716,591.1834106445312,671.4567260742188,802.6786499023438,500,0.0,0.7879999876022339,,0.7879999876022339
cross,arma_gnn,IEEE24,IEEE24,700,False,pu_zscore,0.0054647070355713,ckpt_norm/cross_arma_gnn/cc_arma_gnn_IEEE24_s700.pt,100,0.024389399215579,17.45732879638672,1100,0.0103541538119316,3.3962113857269287,1300,0.0131757035851478,0.0008449302986264,2300,0.0095690619200468,0.425752580165863,57.33629989624024,99.85636901855467,155.58160400390625,14.513100624084473,27.798240661621094,46.92631912231445,0.0030680915806442,0.0068824514746665,0.043506383895874,1.4951225519180298,3.368138313293457,9.990550994873049,1300,0.0399999991059303,0.0399999991059303,0.0576923079788684,0.0024038462433964
cross,arma_gnn,IEEE24,IEEE39,700,True,pu_zscore,0.1111506596207618,ckpt_norm/cross_arma_gnn/cc_arma_gnn_IEEE24_s700.pt,100,1.307942032814026,1231.399169921875,1000,0.2010023146867752,256.1510009765625,2900,0.2247064709663391,0.0447332225739955,3800,0.4511351883411407,38.46836853027344,1433.411376953125,1479.2330322265625,1479.4168701171875,871.4105834960938,1146.4324951171875,1325.585693359375,0.1292978525161743,0.1630865484476089,0.1849420666694641,68.2318344116211,79.24376678466797,99.66400909423828,2900,0.3834482729434967,0.3027586340904236,0.508093535900116,0.1851230412721634
cross,arma_gnn,IEEE24,IEEE118,700,True,pu_zscore,0.1183562353253364,ckpt_norm/cross_arma_gnn/cc_arma_gnn_IEEE24_s700.pt,100,2.383476972579956,5346.52978515625,5400,0.1022969186305999,279.6493835449219,6400,0.2515685558319092,0.0457846112549304,11700,0.6226718425750732,214.3741455078125,6319.51806640625,6517.0185546875,6541.67529296875,588.90478515625,1080.3896484375,2429.87939453125,0.1094549521803855,0.1496474295854568,0.1766492128372192,327.3363952636719,368.4955749511719,449.1708984375,6400,0.1404687464237213,0.6379687786102295,0.4137931168079376,0.6464279294013977
cross,arma_gnn,IEEE24,UK,700,True,pu_zscore,0.1326977312564849,ckpt_norm/cross_arma_gnn/cc_arma_gnn_IEEE24_s700.pt,100,0.5257720947265625,15323.04296875,2400,0.1784689724445343,1577.1014404296875,500,6.33374547958374,0.1625880897045135,2800,1.4534775018692017,181.5648956298828,30549.51953125,33188.8515625,33302.78125,3505.1982421875,4348.923828125,9452.8857421875,0.5016950368881226,0.6344782114028931,0.7019986510276794,488.3327941894531,556.3125610351562,612.5275268554688,500,0.0,0.6539999842643738,,0.6539999842643738
cross,arma_gnn,IEEE39,IEEE24,0,True,pu_zscore,0.0926119834184646,ckpt_norm/cross_arma_gnn/cc_arma_gnn_IEEE39_s0.pt,100,0.4091281592845917,453.2278137207031,1100,0.171485036611557,84.92886352539062,1300,0.2560957670211792,0.0300530064851045,2300,0.308272510766983,22.44312858581543,761.6736450195312,991.6734619140624,992.667724609375,231.35723876953125,260.3388977050781,492.33880615234375,0.0759233981370925,0.0842177867889404,0.1142772436141967,40.61865234375,46.19223785400391,61.31174850463867,1300,0.0399999991059303,0.1953846216201782,0.5961538553237915,0.1866987198591232
cross,arma_gnn,IEEE39,IEEE39,0,False,pu_zscore,0.006868140771985,ckpt_norm/cross_arma_gnn/cc_arma_gnn_IEEE39_s0.pt,100,0.0419982485473156,29.36042213439941,1000,0.0169881917536258,18.54750633239746,2900,0.0249253567308187,0.0037629101425409,3800,0.0370892323553562,1.8732272386550903,78.779541015625,122.3286590576172,157.9278564453125,49.966304779052734,148.9623565673828,211.1972503662109,0.0118596162647008,0.031228095293045,0.0548574924468994,7.737864971160889,15.252931594848633,24.8330078125,2900,0.3834482729434967,0.3810344934463501,0.0188848916441202,0.0078299771994352
cross,arma_gnn,IEEE39,IEEE118,0,True,pu_zscore,0.0974151343107223,ckpt_norm/cross_arma_gnn/cc_arma_gnn_IEEE39_s0.pt,100,1.9823814630508425,4434.90380859375,5400,0.1002066507935524,170.64877319335938,6400,0.1792050302028656,0.0308564379811286,11700,0.3419035077095032,116.28623962402344,5408.40234375,5605.64208984375,5629.9296875,757.5384521484375,1437.4384765625,3092.968994140625,0.079826682806015,0.1243399232625961,0.1719021797180175,186.5840759277344,207.37203979492188,229.00767517089844,6400,0.1404687464237213,0.1924999952316284,0.8765294551849365,0.2037811279296875
cross,arma_gnn,IEEE39,UK,0,True,pu_zscore,0.1286899596452713,ckpt_norm/cross_arma_gnn/cc_arma_gnn_IEEE39_s0.pt,100,0.5420156717300415,15989.7197265625,2400,0.1276174783706665,868.5053100585938,500,4.702721118927002,0.1491712480783462,2800,2.326977252960205,304.4270324707031,31155.0859375,33717.99609375,33826.984375,2488.3037109375,6271.3955078125,10693.2734375,0.3292275071144104,0.3889006972312927,0.4422400593757629,734.41162109375,897.8857421875,1083.624267578125,500,0.0,0.9539999961853028,,0.9539999961853028
cross,arma_gnn,IEEE39,IEEE24,100,True,pu_zscore,0.1609214693307876,ckpt_norm/cross_arma_gnn/cc_arma_gnn_IEEE39_s100.pt,100,0.8142247200012207,932.7756958007812,1100,0.1965814083814621,94.34365844726562,1300,0.2913603484630584,0.0337333865463733,2300,0.3137626349925995,23.322118759155277,1416.3074951171875,1426.0386962890625,1502.7303466796875,180.1842498779297,316.13165283203125,785.4988403320312,0.0799381509423255,0.1031680405139923,0.1429701447486877,39.979637145996094,48.519073486328125,75.89276123046875,1300,0.0399999991059303,0.2484615445137024,0.75,0.2483974397182464
cross,arma_gnn,IEEE39,IEEE39,100,False,pu_zscore,0.005261440295726,ckpt_norm/cross_arma_gnn/cc_arma_gnn_IEEE39_s100.pt,100,0.0328954085707664,27.106971740722656,1000,0.0129383774474263,12.972674369812012,2900,0.0201620627194643,0.0029033133760094,3800,0.0293249320238828,1.4487470388412476,42.388450622558594,77.00537109375,83.1669921875,41.35902404785156,107.45032501220705,165.81491088867188,0.0096662454307079,0.0262670703232288,0.0451040863990783,5.696923732757568,12.694991111755373,25.761802673339844,2900,0.3834482729434967,0.3786206841468811,0.0206834524869918,0.0050335568375885
cross,arma_gnn,IEEE39,IEEE118,100,True,pu_zscore,0.0950089320540428,ckpt_norm/cross_arma_gnn/cc_arma_gnn_IEEE39_s100.pt,100,1.9178237915039065,4287.06640625,5400,0.1021806448698043,169.66668701171875,6400,0.285622626543045,0.0576531775295734,11700,0.3094252943992615,103.3874053955078,5268.078125,5466.296875,5491.01708984375,762.0392456054688,1499.09912109375,3193.89990234375,0.0950447991490364,0.1486687511205673,0.2038284540176391,172.7797088623047,191.7490234375,226.44076538085935,6400,0.1404687464237213,0.0737499967217445,0.996662974357605,0.0852572247385978
cross,arma_gnn,IEEE39,UK,100,True,pu_zscore,0.1324837803840637,ckpt_norm/cross_arma_gnn/cc_arma_gnn_IEEE39_s100.pt,100,0.5506496429443359,16331.96484375,2400,0.1421040892601013,1038.34912109375,500,4.48398494720459,0.1566822975873947,2800,2.52681303024292,339.43896484375,31370.955078125,34069.7421875,34194.6015625,2814.40869140625,6273.70361328125,10463.0546875,0.2303907126188278,0.2510160207748413,0.2766558527946472,747.838134765625,911.0296630859376,1056.690185546875,500,0.0,0.962000012397766,,0.962000012397766
cross,arma_gnn,IEEE39,IEEE24,1000,True,pu_zscore,0.1389512121677398,ckpt_norm/cross_arma_gnn/cc_arma_gnn_IEEE39_s1000.pt,100,0.6179553270339966,696.8692016601562,1100,0.2656745910644531,135.48733520507812,1300,0.271380215883255,0.0337918885052204,2300,0.2278849631547927,16.256816864013672,1128.5592041015625,1153.7921142578125,1219.3369140625,334.0352783203125,352.834716796875,452.0931091308594,0.0707751959562301,0.0977040976285934,0.1373124122619629,33.28105163574219,40.11525344848633,52.48702239990234,1300,0.0399999991059303,0.0923076942563057,0.9038461446762084,0.0921474322676658
cross,arma_gnn,IEEE39,IEEE39,1000,False,pu_zscore,0.0062212771736085,ckpt_norm/cross_arma_gnn/cc_arma_gnn_IEEE39_s1000.pt,100,0.032002467662096,21.11328125,1000,0.0158344507217407,13.747257232666016,2900,0.0244073178619146,0.0032772868871688,3800,0.0315864384174346,1.4820032119750977,66.81465148925781,91.23961639404295,140.7283935546875,50.46758270263672,154.23471069335938,231.0703125,0.0122549869120121,0.0314725711941719,0.0559474825859069,6.615259170532227,12.73748016357422,24.545425415039062,2900,0.3834482729434967,0.3793103396892547,0.0179856121540069,0.0044742729514837
cross,arma_gnn,IEEE39,IEEE118,1000,True,pu_zscore,0.0991579592227935,ckpt_norm/cross_arma_gnn/cc_arma_gnn_IEEE39_s1000.pt,100,1.973929524421692,4416.2412109375,5400,0.1138796433806419,217.16221618652344,6400,0.3416416347026825,0.0700358375906944,11700,0.2780223190784454,90.02027893066406,5382.5986328125,5578.6015625,5603.30419921875,843.618408203125,1562.835693359375,3276.44873046875,0.1139001995325088,0.1745922267436981,0.222325325012207,163.13002014160156,184.69439697265625,224.53602600097656,6400,0.1404687464237213,0.3887499868869781,0.6518353819847107,0.395382672548294
cross,arma_gnn,IEEE39,UK,1000,True,pu_zscore,0.1287555247545242,ckpt_norm/cross_arma_gnn/cc_arma_gnn_IEEE39_s1000.pt,100,0.5379210114479065,15846.650390625,2400,0.1336140185594558,875.2185668945312,500,4.810025691986084,0.1468199789524078,2800,2.5316174030303955,320.3269348144531,30880.3828125,33559.8671875,33679.6875,2622.78466796875,6250.18505859375,10926.876953125,0.3784812092781067,0.4464771747589111,0.5113646388053894,810.3594360351562,1011.7259521484376,1248.0167236328125,500,0.0,0.9679999947547911,,0.9679999947547911
cross,arma_gnn,IEEE39,IEEE24,300,True,pu_zscore,0.0841376483440399,ckpt_norm/cross_arma_gnn/cc_arma_gnn_IEEE39_s300.pt,100,0.2543941438198089,259.4790344238281,1100,0.2278776615858078,117.8769760131836,1300,0.285094678401947,0.0344249531626701,2300,0.2340040355920791,17.455886840820312,503.55364990234375,546.2664794921875,577.02685546875,266.6349182128906,322.1641845703125,481.1139526367188,0.0744978040456771,0.0913038924336433,0.1701770424842834,31.0360107421875,35.37761306762695,46.29644012451172,1300,0.0399999991059303,0.0769230797886848,0.9230769276618958,0.0769230797886848
cross,arma_gnn,IEEE39,IEEE39,300,False,pu_zscore,0.0068385563790798,ckpt_norm/cross_arma_gnn/cc_arma_gnn_IEEE39_s300.pt,100,0.030695067718625,21.7191104888916,1000,0.0177202969789505,16.04416847229004,2900,0.0267715714871883,0.0035330306272953,3800,0.0315015166997909,1.6131051778793335,50.08575439453125,106.2770538330078,115.2015380859375,55.90437698364258,150.05422973632812,243.0382080078125,0.014670006930828,0.0336431637406349,0.0569023489952087,6.446558475494385,13.002029418945312,24.533447265625,2900,0.3834482729434967,0.3765517175197601,0.026079136878252,0.0050335568375885
cross,arma_gnn,IEEE39,IEEE118,300,True,pu_zscore,0.102898009121418,ckpt_norm/cross_arma_gnn/cc_arma_gnn_IEEE39_s300.pt,100,2.050966262817383,4592.388671875,5400,0.1166782528162002,225.5431060791016,6400,0.2987825572490692,0.060616984963417,11700,0.3062136173248291,102.1932601928711,5550.29541015625,5746.02783203125,5770.97900390625,873.8565063476562,1574.7904052734375,3271.83251953125,0.0959065183997154,0.1632823050022125,0.2074730396270752,172.35523986816406,194.28463745117188,224.134033203125,6400,0.1404687464237213,0.1215625032782554,0.7775306105613708,0.1050718054175376
cross,arma_gnn,IEEE39,UK,300,True,pu_zscore,0.1285046339035034,ckpt_norm/cross_arma_gnn/cc_arma_gnn_IEEE39_s300.pt,100,0.5358191728591919,15704.2353515625,2400,0.1361733376979828,1003.1326293945312,500,5.102837085723877,0.1716925352811813,2800,2.244038820266724,292.7040405273437,30870.755859375,33505.75,33628.33984375,2595.542236328125,6172.09765625,10681.859375,0.3240785002708435,0.3585595190525055,0.3951355814933777,702.2951049804688,944.6930541992188,1149.22900390625,500,0.0,0.9739999771118164,,0.9739999771118164
cross,arma_gnn,IEEE39,IEEE24,700,True,pu_zscore,0.1769243776798248,ckpt_norm/cross_arma_gnn/cc_arma_gnn_IEEE39_s700.pt,100,0.9090434908866882,1065.3330078125,1100,0.1950524598360061,88.50532531738281,1300,0.215950533747673,0.0270766597241163,2300,0.3282764256000519,24.261070251464844,1567.3970947265625,1644.8175048828125,1676.255126953125,285.42730712890625,303.2819519042969,361.1463317871094,0.0527195297181606,0.0674885958433151,0.120158851146698,41.716102600097656,60.676395416259766,67.95785522460938,1300,0.0399999991059303,0.2238461524248123,0.8846153616905212,0.2283653914928436
cross,arma_gnn,IEEE39,IEEE39,700,False,pu_zscore,0.0069646253250539,ckpt_norm/cross_arma_gnn/cc_arma_gnn_IEEE39_s700.pt,100,0.0386181510984897,31.466440200805664,1000,0.0175783485174179,16.19191551208496,2900,0.0257679540663957,0.003768676193431,3800,0.034158855676651,1.9190107583999636,54.06904983520508,99.63339233398438,110.09375,54.49882125854492,159.22596740722656,231.7275390625,0.0131184644997119,0.0326888188719749,0.0525227785110473,6.777099609375,13.557931900024414,24.1988525390625,2900,0.3834482729434967,0.3799999952316284,0.0224820151925086,0.0083892615512013
cross,arma_gnn,IEEE39,IEEE118,700,True,pu_zscore,0.0982592478394508,ckpt_norm/cross_arma_gnn/cc_arma_gnn_IEEE39_s700.pt,100,1.9597980976104736,4383.3310546875,5400,0.1067117601633071,187.68296813964844,6400,0.2931400537490845,0.056163378059864,11700,0.3535042405128479,119.91976165771484,5357.8583984375,5554.04833984375,5578.54150390625,801.9078979492188,1497.36328125,3192.06494140625,0.1103909611701965,0.1760589331388473,0.2207038402557373,188.27127075195312,204.8440399169922,244.72625732421875,6400,0.1404687464237213,0.2078125029802322,0.7908787727355957,0.2075986117124557
cross,arma_gnn,IEEE39,UK,700,True,pu_zscore,0.12968610227108,ckpt_norm/cross_arma_gnn/cc_arma_gnn_IEEE39_s700.pt,100,0.5416349172592163,15954.0341796875,2400,0.1337586492300033,1023.39697265625,500,9.187828063964844,0.3204812407493591,2800,2.773335218429565,369.1592712402344,30964.060546875,33556.96484375,33668.7578125,2337.9140625,5941.98095703125,9954.2177734375,0.4942628443241119,0.5702977180480957,0.5953591465950012,833.1966552734375,1003.413818359375,1198.7701416015625,500,0.0,0.9980000257492064,,0.9980000257492064
cross,arma_gnn,UK,IEEE24,0,True,pu_zscore,7.91425085067749,ckpt_norm/cross_arma_gnn/cc_arma_gnn_UK_s0.pt,100,27.117734909057617,33297.02734375,1100,20.46470642089844,11348.2109375,1300,0.2003979682922363,0.0244066044688224,2300,0.4916405975818634,35.7968864440918,33869.90234375,34669.1875,34792.53515625,18459.830078125,18909.01953125,20102.736328125,0.0496424958109855,0.0599844232201576,0.0864027738571167,64.11444854736328,70.09558868408203,85.89945983886719,1300,0.0399999991059303,0.0,1.0,0.0
cross,arma_gnn,UK,IEEE39,0,True,pu_zscore,2.8838820457458496,ckpt_norm/cross_arma_gnn/cc_arma_gnn_UK_s0.pt,100,38.310638427734375,36421.68359375,1000,4.399494171142578,5213.927734375,2900,0.2523081302642822,0.0519378557801246,3800,0.1905289888381958,14.894180297851562,36961.1796875,37195.79296875,37292.31640625,19761.353515625,20190.06640625,20467.658203125,0.134256824851036,0.1614383161067962,0.1861206889152526,32.68598937988281,39.66335678100586,46.91471099853516,2900,0.3834482729434967,0.0,1.0,0.0
cross,arma_gnn,UK,IEEE118,0,True,pu_zscore,0.829562783241272,ckpt_norm/cross_arma_gnn/cc_arma_gnn_UK_s0.pt,100,15.077468872070312,34019.9375,5400,1.1916654109954834,3112.914794921875,6400,0.1349098533391952,0.0225810464471578,11700,0.3777357637882232,131.22265625,34916.65625,35125.53515625,35152.40234375,7728.72119140625,13688.5556640625,14602.2666015625,0.054094910621643,0.1092462837696075,0.1602603793144226,193.7261505126953,216.1926727294922,260.561767578125,6400,0.1404687464237213,0.0,1.0,0.0
cross,arma_gnn,UK,UK,0,False,pu_zscore,0.0036452002823352,ckpt_norm/cross_arma_gnn/cc_arma_gnn_UK_s0.pt,100,0.0115007339045405,258.2336730957031,2400,0.007305693347007,47.3365478515625,500,0.0401802882552146,0.0003863036690745,2800,0.0115513699129223,1.021281123161316,622.6961059570312,926.6599731445312,2516.6806640625,143.1580352783203,325.89501953125,1314.0263671875,0.0010944810928776,0.0041229450143873,0.0234431624412536,3.1880147457122803,7.153741836547852,20.510330200195312,500,0.0,0.0,,0.0
cross,arma_gnn,UK,IEEE24,100,True,pu_zscore,5.431205749511719,ckpt_norm/cross_arma_gnn/cc_arma_gnn_UK_s100.pt,100,20.858428955078125,25600.89453125,1100,12.841473579406738,7173.267578125,1300,0.7772981524467468,0.098121054470539,2300,0.5755026936531067,42.4386100769043,26911.10546875,29547.7265625,29779.6796875,13631.0830078125,14895.625,25069.765625,0.1796126514673233,0.2041244059801101,0.2963794469833374,81.3089599609375,98.58562469482422,133.40164184570312,1300,0.0399999991059303,0.8892307877540588,0.1923076957464218,0.8926281929016113
cross,arma_gnn,UK,IEEE39,100,True,pu_zscore,1.9035005569458008,ckpt_norm/cross_arma_gnn/cc_arma_gnn_UK_s100.pt,100,26.11752700805664,24828.875,1000,2.6777384281158447,2923.209228515625,2900,0.2534576654434204,0.0549115315079689,3800,0.2537596523761749,18.72869300842285,25340.068359375,25737.2421875,25778.90234375,10355.2978515625,12240.2646484375,18123.80078125,0.1292124092578888,0.1549445539712906,0.1917287707328796,46.5872688293457,58.86522674560547,86.85488891601562,2900,0.3834482729434967,0.0831034481525421,0.9001798629760742,0.0727069377899169
cross,arma_gnn,UK,IEEE118,100,True,pu_zscore,0.1878233850002288,ckpt_norm/cross_arma_gnn/cc_arma_gnn_UK_s100.pt,100,2.2874209880828857,5126.3076171875,5400,0.3528240323066711,628.5101318359375,6400,0.1488954275846481,0.0252397637814283,11700,0.3104905486106872,104.74758911132812,6099.6923828125,6248.89306640625,6829.79638671875,1426.6954345703125,7171.76708984375,7275.51806640625,0.0631321370601654,0.1134022921323776,0.1646866202354431,172.7347869873047,200.9460906982422,256.7940368652344,6400,0.1404687464237213,0.0,1.0,0.0
cross,arma_gnn,UK,UK,100,False,pu_zscore,0.0037210469599813,ckpt_norm/cross_arma_gnn/cc_arma_gnn_UK_s100.pt,100,0.0114804282784461,261.8502502441406,2400,0.0076100621372461,45.82280731201172,500,0.0370702147483825,0.000569456431549,2800,0.0105042532086372,1.095937967300415,844.2194213867188,1133.732666015625,1933.802734375,154.30429077148438,344.9892883300781,1317.5322265625,0.0013261733110994,0.0041536428034305,0.0224437713623046,3.0891244411468506,6.347970962524414,17.55535888671875,500,0.0,0.0,,0.0
cross,arma_gnn,UK,IEEE24,1000,True,pu_zscore,6.363179683685303,ckpt_norm/cross_arma_gnn/cc_arma_gnn_UK_s1000.pt,100,25.840784072875977,31716.052734375,1100,14.16563892364502,8011.95458984375,1300,0.2768080234527588,0.0319089666008949,2300,0.5634199976921082,34.36174774169922,33639.7421875,35516.796875,35727.05859375,14287.830078125,15347.015625,17271.1875,0.0780330449342727,0.0792557075619697,0.1014619469642639,101.18085479736328,120.28600311279295,147.57760620117188,1300,0.0399999991059303,0.0007692307699471,1.0,0.0008012820617295
cross,arma_gnn,UK,IEEE39,1000,True,pu_zscore,2.067689180374145,ckpt_norm/cross_arma_gnn/cc_arma_gnn_UK_s1000.pt,100,26.968950271606445,25638.564453125,1000,3.2789113521575928,4517.5693359375,2900,0.2540057897567749,0.0538848675787448,3800,0.3849204182624817,29.59380149841309,26025.001953125,26211.302734375,26931.9140625,10890.89453125,11022.78515625,14185.0341796875,0.1341853737831115,0.1619082242250442,0.1844419836997985,71.18161010742188,88.2685317993164,118.62922668457033,2900,0.3834482729434967,0.0031034483108669,1.0,0.0050335568375885
cross,arma_gnn,UK,IEEE118,1000,True,pu_zscore,0.1574289053678512,ckpt_norm/cross_arma_gnn/cc_arma_gnn_UK_s1000.pt,100,1.824653387069702,4073.14501953125,5400,0.3010838031768799,579.9566650390625,6400,0.1515488028526306,0.0261851642280817,11700,0.2371135950088501,75.41831970214844,5078.99853515625,5236.251953125,5393.73291015625,1633.6788330078125,5496.21826171875,6114.36572265625,0.0601165294647216,0.1155076250433921,0.166628897190094,144.87860107421875,181.89166259765625,258.2527770996094,6400,0.1404687464237213,0.0,1.0,0.0
cross,arma_gnn,UK,UK,1000,False,pu_zscore,0.0038806837983429,ckpt_norm/cross_arma_gnn/cc_arma_gnn_UK_s1000.pt,100,0.013361900113523,333.888916015625,2400,0.0070445258170366,38.796913146972656,500,0.039902176707983,0.0004377087461762,2800,0.0116105582565069,1.104753494262695,694.5962524414062,1221.5887451171875,2571.224609375,144.62156677246094,324.2934265136719,1361.89892578125,0.0011667935177683,0.0040992735885083,0.0228726267814636,3.65549898147583,7.089608669281006,19.007339477539062,500,0.0,0.0,,0.0
cross,arma_gnn,UK,IEEE24,300,True,pu_zscore,5.666938304901123,ckpt_norm/cross_arma_gnn/cc_arma_gnn_UK_s300.pt,100,26.926982879638672,33060.8515625,1100,9.379436492919922,5195.14892578125,1300,0.2623327374458313,0.030271952971816,2300,0.5157818794250488,30.70621681213379,34293.48828125,34995.19140625,35297.31640625,10763.326171875,11038.9833984375,11478.68359375,0.0714715346693992,0.0754644498229026,0.0823259353637695,91.9572525024414,110.47380828857422,146.3059844970703,1300,0.0399999991059303,0.0,1.0,0.0
cross,arma_gnn,UK,IEEE39,300,True,pu_zscore,2.384748935699463,ckpt_norm/cross_arma_gnn/cc_arma_gnn_UK_s300.pt,100,32.522178649902344,30917.15234375,1000,3.411092519760132,4828.12060546875,2900,0.219031885266304,0.0462446026504039,3800,0.4646541476249695,37.87034606933594,31632.7109375,32582.94140625,32597.341796875,13497.166015625,13963.111328125,15220.5166015625,0.1159826144576072,0.1432765573263168,0.1641081571578979,78.21902465820312,90.53058624267578,116.603759765625,2900,0.3834482729434967,0.0341379307210445,0.9172661900520324,0.0039149885997176
cross,arma_gnn,UK,IEEE118,300,True,pu_zscore,0.6947982311248779,ckpt_norm/cross_arma_gnn/cc_arma_gnn_UK_s300.pt,100,14.893775939941406,33605.16015625,5400,0.6868624687194824,1688.04541015625,6400,0.1343372911214828,0.0225754603743553,11700,0.3669413030147552,125.8442840576172,34491.28515625,34695.078125,35035.15234375,4432.7138671875,8431.849609375,9566.1884765625,0.0554249845445156,0.1060760244727134,0.159359335899353,196.71969604492188,235.8631134033203,291.45751953125,6400,0.1404687464237213,0.0001562499965075,0.9988876581192015,0.0
cross,arma_gnn,UK,UK,300,False,pu_zscore,0.0038240747526288,ckpt_norm/cross_arma_gnn/cc_arma_gnn_UK_s300.pt,100,0.0128712207078933,323.80889892578125,2400,0.0071492232382297,42.4538688659668,500,0.0445051528513431,0.0004277993575669,2800,0.0115331755951046,1.0781865119934082,713.7507934570312,1223.372314453125,2443.130859375,128.75723266601562,323.92041015625,1356.61328125,0.0012520909076556,0.0044508459977805,0.0234354138374328,3.456479072570801,7.360944747924805,19.2879638671875,500,0.0,0.0,,0.0
cross,arma_gnn,UK,IEEE24,700,True,pu_zscore,0.7520074844360352,ckpt_norm/cross_arma_gnn/cc_arma_gnn_UK_s700.pt,100,1.5916469097137451,1841.4552001953125,1100,2.2881813049316406,1174.1524658203125,1300,0.1893142610788345,0.0223224852234125,2300,1.0320838689804075,77.6360855102539,2738.995361328125,4683.5029296875,4727.77392578125,2571.284423828125,2834.588134765625,3682.153564453125,0.0453188419342041,0.063414566218853,0.0897705554962158,142.30194091796875,188.4445953369141,227.6506500244141,1300,0.0399999991059303,0.0,1.0,0.0
cross,arma_gnn,UK,IEEE39,700,True,pu_zscore,1.820906162261963,ckpt_norm/cross_arma_gnn/cc_arma_gnn_UK_s700.pt,100,26.00859260559082,24718.404296875,1000,2.2385735511779785,2559.314453125,2900,0.2606232166290283,0.0532089658081531,3800,0.8332740068435669,68.37765502929688,26396.740234375,27067.90234375,28144.91015625,10547.79296875,11056.59375,12522.74609375,0.1389691680669784,0.1674747914075851,0.1904411911964416,121.67220306396484,136.6873321533203,162.5102081298828,2900,0.3834482729434967,0.0,1.0,0.0
cross,arma_gnn,UK,IEEE118,700,True,pu_zscore,0.3962669968605041,ckpt_norm/cross_arma_gnn/cc_arma_gnn_UK_s700.pt,100,8.032207489013672,18114.822265625,5400,0.4642712771892547,1125.811279296875,6400,0.1439240574836731,0.0241105556488037,11700,0.3547641932964325,117.56228637695312,19083.982421875,19829.7265625,19856.51953125,4333.8818359375,4888.33984375,6071.56103515625,0.0589634180068969,0.1144320666790008,0.1665928363800048,201.5941619873047,229.57904052734372,272.83612060546875,6400,0.1404687464237213,0.0,1.0,0.0
cross,arma_gnn,UK,UK,700,False,pu_zscore,0.0034240069799125,ckpt_norm/cross_arma_gnn/cc_arma_gnn_UK_s700.pt,100,0.0106316963210701,259.9670715332031,2400,0.0069625619798898,38.5102767944336,500,0.0415337271988391,0.0004455765592865,2800,0.0122430175542831,1.1974738836288452,686.5162963867188,1044.081298828125,1800.26953125,137.53512573242188,305.6395263671875,1245.48486328125,0.0011993676889687,0.0041317474097013,0.0233762860298156,3.1291491985321045,6.988762378692627,20.925392150878903,500,0.0,0.0,,0.0
cross,transformer,IEEE118,IEEE24,0,True,pu_zscore,0.2506182789802551,ckpt_norm/cross_transformer/cc_transformer_IEEE118_s0.pt,100,1.0214775800704956,1202.73681640625,1100,0.4354038536548614,191.28021240234372,1300,0.2771521806716919,0.0304362904280424,2300,1.7584658861160278,121.81592559814452,1776.3956298828125,1854.0819091796875,1860.4345703125,616.8453369140625,689.160888671875,752.6951904296875,0.0792643800377845,0.1319747120141983,0.2300120592117309,269.4063720703125,344.4292907714844,632.800537109375,1300,0.0399999991059303,0.0761538445949554,0.7692307829856873,0.0697115361690521
cross,transformer,IEEE118,IEEE39,0,True,pu_zscore,0.3258637487888336,ckpt_norm/cross_transformer/cc_transformer_IEEE118_s0.pt,100,4.5042595863342285,4277.3935546875,1000,0.2677103579044342,350.7392883300781,2900,0.7635177969932556,0.1435408145189285,3800,3.4442689418792725,276.14471435546875,4522.87939453125,4576.2802734375,4576.54833984375,1085.048828125,1236.060546875,1462.143310546875,0.4477610290050506,0.5132395029067993,0.5936961770057678,597.0391845703125,640.2461547851562,748.8701782226562,2900,0.3834482729434967,0.5848276019096375,0.4550359845161438,0.609619677066803
cross,transformer,IEEE118,IEEE118,0,False,pu_zscore,0.0037689611781388,ckpt_norm/cross_transformer/cc_transformer_IEEE118_s0.pt,100,0.0427714698016643,81.96739959716797,5400,0.0057565597817301,6.223939418792725,6400,0.0126394890248775,0.0010364960180595,11700,0.0285204704850912,2.4886717796325684,151.46484375,301.6444396972656,358.13232421875,24.731447219848636,61.90834426879883,445.2734375,0.0033296339679509,0.0122167002409696,0.0751393437385559,9.570246696472168,24.88216209411621,346.67236328125,6400,0.1404687464237213,0.1404687464237213,0.0378197990357875,0.0061806943267583
cross,transformer,IEEE118,UK,0,True,pu_zscore,0.235868826508522,ckpt_norm/cross_transformer/cc_transformer_IEEE118_s0.pt,100,0.5921277403831482,17944.12890625,2400,0.3792789578437805,2650.3330078125,500,37.559417724609375,0.934542953968048,2800,25.2854061126709,2466.024169921875,32583.77734375,34785.046875,34875.01953125,10559.138671875,14569.7412109375,17437.34375,2.6292638778686523,2.7179648876190186,2.8244574069976807,9701.5625,12826.8583984375,15459.5537109375,500,0.0,0.9959999918937684,,0.9959999918937684
cross,transformer,IEEE118,IEEE24,100,True,pu_zscore,0.3551375269889831,ckpt_norm/cross_transformer/cc_transformer_IEEE118_s100.pt,100,1.639171838760376,1985.8262939453125,1100,0.5798630118370056,284.8827209472656,1300,0.8198409080505371,0.0841442942619323,2300,1.327688694000244,87.81017303466797,2456.927978515625,2527.955810546875,2533.47998046875,681.4610595703125,923.1215209960938,1122.971435546875,0.2907891571521759,0.333258718252182,0.336165189743042,194.4835357666016,254.11329650878903,344.6858215332031,1300,0.0399999991059303,0.6138461828231812,0.6153846383094788,0.6233974099159241
cross,transformer,IEEE118,IEEE39,100,True,pu_zscore,0.2817731499671936,ckpt_norm/cross_transformer/cc_transformer_IEEE118_s100.pt,100,4.139224529266357,3929.9267578125,1000,0.2250706255435943,306.88592529296875,2900,0.5337755680084229,0.0981049835681915,3800,1.95730984210968,151.36680603027344,4174.0703125,4228.25634765625,4228.5302734375,809.84033203125,956.3206787109376,1124.62744140625,0.3227255940437317,0.4245395362377167,0.5190874934196472,378.36126708984375,450.8404235839844,501.383056640625,2900,0.3834482729434967,0.5055172443389893,0.4604316651821136,0.4843400418758392
cross,transformer,IEEE118,IEEE118,100,False,pu_zscore,0.0037355376407504,ckpt_norm/cross_transformer/cc_transformer_IEEE118_s100.pt,100,0.0287950504571199,44.3840446472168,5400,0.0063539138063788,6.26552677154541,6400,0.0120265567675232,0.0010123249376192,11700,0.0284845139831304,2.4082863330841064,103.32990264892578,221.4833221435547,344.811767578125,24.01087951660156,82.01243591308594,444.419189453125,0.0023914098273962,0.0117497108876705,0.0746445059776306,9.239947319030762,24.47039604187012,345.6332397460937,6400,0.1404687464237213,0.1446875035762787,0.0233592875301837,0.0087256859987974
cross,transformer,IEEE118,UK,100,True,pu_zscore,0.2339125573635101,ckpt_norm/cross_transformer/cc_transformer_IEEE118_s100.pt,100,0.5714123845100403,16392.609375,2400,0.536311149597168,3568.044189453125,500,8.388588905334473,0.2387868463993072,2800,7.844695568084717,833.7650146484375,32871.3203125,35241.8046875,35352.38671875,12804.404296875,27017.431640625,29324.875,0.5333500504493713,0.5894033312797546,0.601940929889679,2910.686767578125,4018.802490234375,5235.7333984375,500,0.0,0.7519999742507935,,0.7519999742507935
cross,transformer,IEEE118,IEEE24,1000,True,pu_zscore,0.4166736602783203,ckpt_norm/cross_transformer/cc_transformer_IEEE118_s1000.pt,100,1.971755623817444,2393.581298828125,1100,0.6114727854728699,194.9015655517578,1300,0.4481033682823181,0.0437589362263679,2300,1.7171417474746704,115.8289031982422,2952.073974609375,3068.12451171875,3175.355712890625,1213.8316650390625,1321.69775390625,1460.426513671875,0.1344913989305496,0.2256113290786743,0.3878418207168579,302.6854858398437,334.267822265625,363.6880187988281,1300,0.0399999991059303,0.2607692182064056,0.75,0.2612179517745971
cross,transformer,IEEE118,IEEE39,1000,True,pu_zscore,0.29800745844841,ckpt_norm/cross_transformer/cc_transformer_IEEE118_s1000.pt,100,3.9787983894348153,3777.486572265625,1000,0.2221015393733978,282.9878234863281,2900,0.5707392692565918,0.1165871173143386,3800,3.736995220184326,296.0894470214844,4016.395751953125,4069.313720703125,4069.5791015625,1013.569580078125,1302.3902587890625,1491.349853515625,0.2849323451519012,0.3342112004756927,0.4973657727241516,630.7646484375,677.3107299804688,725.9721069335938,2900,0.3834482729434967,0.7872413992881775,0.091726616024971,0.7119686603546143
cross,transformer,IEEE118,IEEE118,1000,False,pu_zscore,0.0034426068887114,ckpt_norm/cross_transformer/cc_transformer_IEEE118_s1000.pt,100,0.020553508773446,29.188417434692383,5400,0.0056191408075392,5.65378999710083,6400,0.0117429960519075,0.0008754322770982,11700,0.0298796258866786,2.55737853050232,65.77751159667969,196.49801635742188,308.136474609375,20.63765335083008,72.4839096069336,425.03466796875,0.0029122019186615,0.0111701590940356,0.0758647918701171,9.504002571105955,24.19788360595703,344.31060791015625,6400,0.1404687464237213,0.1343750059604644,0.0545050054788589,0.0018178513273596
cross,transformer,IEEE118,UK,1000,True,pu_zscore,0.3142663240432739,ckpt_norm/cross_transformer/cc_transformer_IEEE118_s1000.pt,100,0.5892146825790405,18197.626953125,2400,0.6946152448654175,4643.0517578125,500,23.55994415283203,0.5205286741256714,2800,25.2055606842041,2382.107421875,32352.849609375,34935.6484375,35053.87109375,20554.876953125,25564.583984375,30125.818359375,2.123414993286133,2.279388427734375,2.493360996246338,10022.9560546875,13902.59765625,14651.6630859375,500,0.0,0.8479999899864197,,0.8479999899864197
cross,transformer,IEEE118,IEEE24,300,True,pu_zscore,0.2664196491241455,ckpt_norm/cross_transformer/cc_transformer_IEEE118_s300.pt,100,1.2766715288162231,1529.0289306640625,1100,0.3777196109294891,160.9892578125,1300,0.2748795449733734,0.0308021493256092,2300,1.0428006649017334,64.30369567871094,2053.28515625,2212.24169921875,2304.473876953125,521.7653198242188,700.4345703125,786.130126953125,0.0795342400670051,0.0942032113671302,0.1737324595451355,173.2742462158203,311.2900085449219,416.1451416015625,1300,0.0399999991059303,0.191538468003273,0.4807692170143127,0.1778846085071563
cross,transformer,IEEE118,IEEE39,300,True,pu_zscore,0.2498943507671356,ckpt_norm/cross_transformer/cc_transformer_IEEE118_s300.pt,100,2.9497976303100586,2796.45751953125,1000,0.3671647310256958,533.708251953125,2900,0.4740795493125915,0.089130625128746,3800,2.688938856124878,193.08660888671875,3047.5654296875,3102.77197265625,3103.0546875,1279.8792724609375,1593.564453125,1770.891357421875,0.299054354429245,0.3570160567760467,0.4352700710296631,503.6978454589844,565.5341796875,634.2557983398438,2900,0.3834482729434967,0.5837931036949158,0.3354316651821136,0.5335570573806763
cross,transformer,IEEE118,IEEE118,300,False,pu_zscore,0.0038490472361445,ckpt_norm/cross_transformer/cc_transformer_IEEE118_s300.pt,100,0.0379546619951725,67.13516235351562,5400,0.0062741790898144,6.454773426055908,6400,0.0124108707532286,0.0010569049045443,11700,0.0285143945366144,2.669931411743164,148.01620483398438,271.68121337890625,372.9619140625,24.157638549804688,102.2097625732422,352.4931640625,0.0039333985187113,0.0114904101938009,0.0745899081230163,9.038744926452637,24.69289970397949,349.457763671875,6400,0.1404687464237213,0.1446875035762787,0.0289210230112075,0.0096346121281385
cross,transformer,IEEE118,UK,300,True,pu_zscore,0.4802983403205871,ckpt_norm/cross_transformer/cc_transformer_IEEE118_s300.pt,100,0.6007251739501953,18869.587890625,2400,1.2634128332138062,7863.71240234375,500,28.001256942749023,0.7071046233177185,2800,16.372800827026367,1732.2430419921875,31479.78515625,33433.01171875,33554.08984375,33721.21484375,48514.55859375,53337.734375,2.5628693103790283,2.770798683166504,2.934603691101074,6044.349609375,10065.9501953125,12590.599609375,500,0.0,0.8840000033378601,,0.8840000033378601
cross,transformer,IEEE118,IEEE24,700,True,pu_zscore,0.4102316796779632,ckpt_norm/cross_transformer/cc_transformer_IEEE118_s700.pt,100,2.117452621459961,2572.509765625,1100,0.3876712322235107,180.55532836914065,1300,0.5354427695274353,0.0552020967006683,2300,1.266069769859314,84.37905883789062,3114.15283203125,3197.840087890625,3203.918701171875,561.2020874023438,616.6035766601562,693.609619140625,0.1781728714704513,0.2620547413825989,0.3260059952735901,193.26239013671875,239.6802215576172,283.5634460449219,1300,0.0399999991059303,0.4169230759143829,0.7307692170143127,0.4230769276618957
cross,transformer,IEEE118,IEEE39,700,True,pu_zscore,0.301226943731308,ckpt_norm/cross_transformer/cc_transformer_IEEE118_s700.pt,100,4.244059085845947,4029.824951171875,1000,0.2436665892601013,319.26885986328125,2900,0.398495465517044,0.0865911841392517,3800,2.912425756454468,231.4998779296875,4271.25732421875,4325.1201171875,4325.390625,971.1980590820312,1082.4820556640625,1215.216552734375,0.1877350956201553,0.2102247774600982,0.2509889602661133,541.2552490234375,599.243408203125,659.5162963867188,2900,0.3834482729434967,0.7544827461242676,0.2455036044120788,0.7544742822647095
cross,transformer,IEEE118,IEEE118,700,False,pu_zscore,0.0034671621397137,ckpt_norm/cross_transformer/cc_transformer_IEEE118_s700.pt,100,0.0247379299253225,35.38933181762695,5400,0.0056827417574822,5.477807998657227,6400,0.0120899323374032,0.0008798165363259,11700,0.0288636330515146,2.542618751525879,127.02483367919922,193.14134216308597,318.626708984375,23.15321350097656,67.78179931640625,428.417236328125,0.0030714175663888,0.0121100265532732,0.0748175978660583,9.301383972167969,25.661605834960938,348.4844665527344,6400,0.1404687464237213,0.1420312523841858,0.0289210230112075,0.006544264499098
cross,transformer,IEEE118,UK,700,True,pu_zscore,0.2428185939788818,ckpt_norm/cross_transformer/cc_transformer_IEEE118_s700.pt,100,0.6546761989593506,20673.33984375,2400,0.5000195503234863,3278.1328125,500,9.927484512329102,0.2814917266368866,2800,13.848662376403809,1431.5523681640625,34215.62109375,36580.00390625,36689.078125,14087.908203125,19208.365234375,24310.76171875,0.541207492351532,1.0321446657180786,1.108280897140503,5230.8701171875,6945.94287109375,9156.34765625,500,0.0,0.7940000295639038,,0.7940000295639038
cross,transformer,IEEE24,IEEE24,0,False,pu_zscore,0.0080918688327074,ckpt_norm/cross_transformer/cc_transformer_IEEE24_s0.pt,100,0.0195970516651868,16.294330596923828,1100,0.0231490600854158,7.800872802734375,1300,0.0253297742456197,0.0018819764954969,2300,0.0330617390573024,1.5616673231124878,52.93339538574219,83.00787353515625,118.56594848632812,22.520761489868164,53.713897705078125,148.8104705810547,0.0061101554892957,0.0158925745636224,0.0595899820327758,6.204607963562012,11.748990058898926,19.220020294189453,1300,0.0399999991059303,0.0276923067867755,0.4615384638309479,0.0064102564938366
cross,transformer,IEEE24,IEEE39,0,True,pu_zscore,0.1461116820573806,ckpt_norm/cross_transformer/cc_transformer_IEEE24_s0.pt,100,1.7193875312805176,1622.3179931640625,1000,0.2591942548751831,329.4515991210937,2900,0.247024804353714,0.0500018745660781,3800,0.7694723010063171,65.58980560302734,1863.2674560546875,1916.505859375,1916.7725830078125,1152.6197509765625,1440.5584716796875,1627.663330078125,0.130832239985466,0.1618368327617645,0.196471095085144,116.18846130371094,127.44876098632812,148.68560791015625,2900,0.3834482729434967,0.2175862044095993,0.6402877569198608,0.1291946321725845
cross,transformer,IEEE24,IEEE118,0,True,pu_zscore,0.115688145160675,ckpt_norm/cross_transformer/cc_transformer_IEEE24_s0.pt,100,2.542391777038574,5707.95556640625,5400,0.0838907957077026,155.8969268798828,6400,0.1738841831684112,0.0315159857273101,11700,0.3746497333049774,128.56764221191406,6669.53515625,6865.8916015625,6890.3173828125,572.4376220703125,1249.7257080078125,2703.80078125,0.0734800100326538,0.10703706741333,0.1627144813537597,194.40049743652344,212.86831665039065,236.6300048828125,6400,0.1404687464237213,0.0001562499965075,0.9988876581192015,0.0
cross,transformer,IEEE24,UK,0,True,pu_zscore,0.1363548040390014,ckpt_norm/cross_transformer/cc_transformer_IEEE24_s0.pt,100,0.5598158240318298,16779.291015625,2400,0.1408282965421676,982.6537475585938,500,4.929098129272461,0.1599584817886352,2800,5.017946720123291,618.98095703125,31385.984375,33296.95703125,33416.9609375,3036.0703125,5592.2705078125,11361.1337890625,0.2803721725940704,0.3083640933036804,0.322083055973053,1561.5379638671875,1698.3221435546875,2030.145263671875,500,0.0,0.977999985218048,,0.977999985218048
cross,transformer,IEEE24,IEEE24,100,False,pu_zscore,0.0102313347160816,ckpt_norm/cross_transformer/cc_transformer_IEEE24_s100.pt,100,0.0382997840642929,27.786245346069336,1100,0.0239173881709575,7.861472129821777,1300,0.0241365730762481,0.0019745402969419,2300,0.0327547900378704,1.3960455656051636,103.6921615600586,125.6619644165039,283.4371337890625,26.53787040710449,59.66444778442383,158.24957275390625,0.0065884147770702,0.015183980576694,0.0311033129692077,6.299403667449951,12.386609077453612,20.20254898071289,1300,0.0399999991059303,0.033076923340559,0.4230769276618957,0.0104166669771075
cross,transformer,IEEE24,IEEE39,100,True,pu_zscore,0.1456510871648788,ckpt_norm/cross_transformer/cc_transformer_IEEE24_s100.pt,100,1.7345247268676758,1636.2288818359375,1000,0.252500057220459,283.4111328125,2900,0.291143000125885,0.0595592148602008,3800,0.8193824291229248,70.87335205078125,1882.773681640625,1936.96923828125,1937.24365234375,1177.67041015625,1467.7647705078125,1659.4744873046875,0.1573297381401062,0.2005714476108551,0.2337158918380737,114.12840270996094,133.36814880371094,158.36947631835938,2900,0.3834482729434967,0.072413794696331,0.9856114983558656,0.1085011214017868
cross,transformer,IEEE24,IEEE118,100,True,pu_zscore,0.1167255043983459,ckpt_norm/cross_transformer/cc_transformer_IEEE24_s100.pt,100,2.5375208854675293,5695.5908203125,5400,0.0923103019595146,162.68919372558594,6400,0.179475337266922,0.0317162945866584,11700,0.3688049018383026,125.09098052978516,6675.36328125,6873.6181640625,6898.1396484375,693.9281616210938,1346.661865234375,2873.59619140625,0.0780146196484565,0.1269650161266327,0.1779682636260986,194.5490875244141,211.56546020507807,236.32162475585935,6400,0.1404687464237213,0.0,1.0,0.0
cross,transformer,IEEE24,UK,100,True,pu_zscore,0.1269230395555496,ckpt_norm/cross_transformer/cc_transformer_IEEE24_s100.pt,100,0.4946969747543335,14087.6640625,2400,0.1618087887763977,1211.2099609375,500,6.500250339508057,0.2063212841749191,2800,5.160551071166992,672.4176635742188,30018.689453125,32869.40234375,32988.78515625,3418.083984375,6766.79541015625,11405.978515625,0.3461866378784179,0.4056746959686279,0.4155410528182983,1555.69287109375,1840.17919921875,2145.612060546875,500,0.0,0.8320000171661377,,0.8320000171661377
cross,transformer,IEEE24,IEEE24,1000,False,pu_zscore,0.0077342144213616,ckpt_norm/cross_transformer/cc_transformer_IEEE24_s1000.pt,100,0.0154408439993858,11.1879301071167,1100,0.022932332009077,7.494184970855713,1300,0.0255288761109113,0.0019047323148697,2300,0.0334420092403888,1.678211331367493,27.50102996826172,84.63801574707031,109.958251953125,21.459901809692383,58.13841247558594,149.5208282470703,0.0059357024729251,0.016003243625164,0.0388442277908325,6.09881591796875,11.40833854675293,19.124549865722656,1300,0.0399999991059303,0.0292307697236537,0.4423076808452606,0.0072115384973585
cross,transformer,IEEE24,IEEE39,1000,True,pu_zscore,0.1440305709838867,ckpt_norm/cross_transformer/cc_transformer_IEEE24_s1000.pt,100,1.6623754501342771,1567.63330078125,1000,0.2600111961364746,313.7412109375,2900,0.2630381882190704,0.0552877336740493,3800,0.8110683560371399,69.74308013916016,1805.8514404296875,1858.871337890625,1859.1407470703125,1163.545166015625,1452.1685791015625,1640.415771484375,0.1329635232686996,0.1655237376689911,0.2084016799926757,117.84652709960938,135.54689025878906,160.26026916503906,2900,0.3834482729434967,0.1406896561384201,0.8291366696357727,0.1219239383935928
cross,transformer,IEEE24,IEEE118,1000,True,pu_zscore,0.1107392758131027,ckpt_norm/cross_transformer/cc_transformer_IEEE24_s1000.pt,100,2.377335548400879,5333.95751953125,5400,0.0930223017930984,182.37486267089844,6400,0.171302929520607,0.0294435117393732,11700,0.3624741733074188,120.32866668701172,6286.197265625,6480.55029296875,6504.87548828125,633.7430419921875,1311.001220703125,2975.416015625,0.0748730674386024,0.1149299219250679,0.1684603691101074,197.10855102539065,216.99896240234372,265.1999816894531,6400,0.1404687464237213,0.0001562499965075,0.9988876581192015,0.0
cross,transformer,IEEE24,UK,1000,True,pu_zscore,0.1275366395711898,ckpt_norm/cross_transformer/cc_transformer_IEEE24_s1000.pt,100,0.4693245589733124,12582.5234375,2400,0.1975194066762924,1486.89306640625,500,6.680964946746826,0.2052920907735824,2800,4.1406354904174805,494.6864318847656,29244.857421875,32198.115234375,32329.03515625,4380.3193359375,7853.29443359375,10867.7080078125,0.430096685886383,0.4571202397346496,0.4669826626777649,1351.841796875,1547.16259765625,1701.0504150390625,500,0.0,0.9160000085830688,,0.9160000085830688
cross,transformer,IEEE24,IEEE24,300,False,pu_zscore,0.0097973542287945,ckpt_norm/cross_transformer/cc_transformer_IEEE24_s300.pt,100,0.0341308861970901,25.64488220214844,1100,0.0241945385932922,8.149866104125977,1300,0.0286877155303955,0.0020231863018125,2300,0.0332866013050079,1.729705810546875,90.33763885498048,133.23043823242188,167.70159912109375,24.878711700439453,62.888519287109375,155.16412353515625,0.0064200633205473,0.0159306395798921,0.0667373538017273,5.969820022583008,11.595187187194824,18.66974258422852,1300,0.0399999991059303,0.0276923067867755,0.4615384638309479,0.0064102564938366
cross,transformer,IEEE24,IEEE39,300,True,pu_zscore,0.1393235772848129,ckpt_norm/cross_transformer/cc_transformer_IEEE24_s300.pt,100,1.6583926677703855,1563.8353271484375,1000,0.2424119859933853,288.0365600585937,2900,0.255326360464096,0.0539876967668533,3800,0.7630871534347534,65.0093765258789,1805.440673828125,1858.332275390625,1858.597412109375,1132.1103515625,1420.621826171875,1608.306396484375,0.1316566616296768,0.1651322543621063,0.1914060711860656,110.71580505371094,121.4332046508789,143.80462646484375,2900,0.3834482729434967,0.0086206896230578,0.9847122430801392,0.0044742729514837
cross,transformer,IEEE24,IEEE118,300,True,pu_zscore,0.1174334958195686,ckpt_norm/cross_transformer/cc_transformer_IEEE24_s300.pt,100,2.4923460483551025,5594.84765625,5400,0.1044133529067039,243.53587341308597,6400,0.1604805737733841,0.0269720964133739,11700,0.3863000571727752,130.85940551757812,6548.3447265625,6743.5302734375,6767.89501953125,605.311279296875,1339.2432861328125,2889.352783203125,0.070585012435913,0.112057127058506,0.1733125448226928,202.98501586914065,222.78005981445312,249.05941772460935,6400,0.1404687464237213,0.0001562499965075,0.9988876581192015,0.0
cross,transformer,IEEE24,UK,300,True,pu_zscore,0.1428703069686889,ckpt_norm/cross_transformer/cc_transformer_IEEE24_s300.pt,100,0.5076877474784851,14458.51171875,2400,0.2263185381889343,2014.3414306640625,500,3.432206153869629,0.0955123603343963,2800,6.417369365692139,789.1431884765625,30160.62890625,32915.7890625,33035.98046875,4492.2138671875,6327.849609375,10200.634765625,0.2642264664173126,0.3174634873867035,0.3731064796447754,2154.146240234375,2585.667724609375,3506.9521484375,500,0.0,0.6520000100135803,,0.6520000100135803
cross,transformer,IEEE24,IEEE24,700,False,pu_zscore,0.0090084597468376,ckpt_norm/cross_transformer/cc_transformer_IEEE24_s700.pt,100,0.0305451322346925,19.62332534790039,1100,0.022581048309803,6.395613670349121,1300,0.0246235933154821,0.0017755698645487,2300,0.0322141163051128,1.5222628116607666,84.02193450927734,105.61927795410156,211.8248291015625,23.022459030151367,59.16135787963867,158.8692626953125,0.0059236576780676,0.015482067130506,0.0559291839599609,5.868825435638428,12.22984790802002,19.393611907958984,1300,0.0399999991059303,0.0284615382552146,0.4230769276618957,0.0056089744903147
cross,transformer,IEEE24,IEEE39,700,True,pu_zscore,0.1440054178237915,ckpt_norm/cross_transformer/cc_transformer_IEEE24_s700.pt,100,1.6866724491119385,1591.06396484375,1000,0.2553514540195465,314.5411376953125,2900,0.266442596912384,0.0517427809536457,3800,0.8078175187110901,70.25384521484375,1830.55908203125,1883.4117431640625,1883.676513671875,1123.584228515625,1411.6842041015625,1598.9964599609375,0.1496842205524444,0.1810719668865203,0.203559398651123,113.21888732910156,124.84630584716795,147.28631591796875,2900,0.3834482729434967,0.0037931033875793,0.9901078939437866,0.0
cross,transformer,IEEE24,IEEE118,700,True,pu_zscore,0.1080851182341575,ckpt_norm/cross_transformer/cc_transformer_IEEE24_s700.pt,100,2.276020765304565,5102.6513671875,5400,0.0968837216496467,191.28619384765625,6400,0.164893239736557,0.0285540372133255,11700,0.3846190273761749,129.85877990722656,6073.19091796875,6270.564453125,6295.0400390625,636.417236328125,1396.761962890625,3095.543701171875,0.0713298469781875,0.1114672124385833,0.1643860340118408,202.0981292724609,220.12417602539065,258.9959411621094,6400,0.1404687464237213,0.0001562499965075,0.9988876581192015,0.0
cross,transformer,IEEE24,UK,700,True,pu_zscore,0.1371346861124038,ckpt_norm/cross_transformer/cc_transformer_IEEE24_s700.pt,100,0.5369955897331238,15797.2177734375,2400,0.171384647488594,1295.2060546875,500,10.477473258972168,0.3263784348964691,2800,5.639634132385254,698.5606689453125,30889.3671875,33549.4765625,33667.8203125,4465.76171875,6014.88427734375,11282.126953125,0.6721939444541931,0.6761723160743713,0.685357391834259,1790.3624267578125,2082.5,2442.6123046875,500,0.0,1.0,,1.0
cross,transformer,IEEE39,IEEE24,0,True,pu_zscore,0.1229030415415763,ckpt_norm/cross_transformer/cc_transformer_IEEE39_s0.pt,100,0.546356201171875,574.804443359375,1100,0.2281966805458068,118.269775390625,1300,0.2382987290620803,0.0284654404968023,2300,0.3532556295394897,25.04216194152832,1117.6973876953125,1205.5731201171875,1207.0169677734375,240.62924194335935,321.1790466308594,475.3651123046875,0.0642194077372551,0.0809305384755134,0.1415609717369079,51.67413330078125,58.79043197631836,110.99496459960938,1300,0.0399999991059303,0.1146153882145881,0.807692289352417,0.1113782078027725
cross,transformer,IEEE39,IEEE39,0,False,pu_zscore,0.0146606238558888,ckpt_norm/cross_transformer/cc_transformer_IEEE39_s0.pt,100,0.0500876419246196,30.858980178833008,1000,0.0387365221977233,39.410118103027344,2900,0.0620327107608318,0.0092188473790884,3800,0.0651025176048278,3.5595083236694336,50.49928665161133,218.34603881835935,308.453857421875,156.32957458496094,282.2987365722656,372.5303955078125,0.0406443253159523,0.0630963370203971,0.1203065514564514,14.673826217651367,23.888408660888672,32.204139709472656,2900,0.3834482729434967,0.3731034398078918,0.0683453232049942,0.0257270690053701
cross,transformer,IEEE39,IEEE118,0,True,pu_zscore,0.1061932742595672,ckpt_norm/cross_transformer/cc_transformer_IEEE39_s0.pt,100,2.197983741760254,4924.68359375,5400,0.1070325300097465,185.5327606201172,6400,0.3020097613334656,0.0621838457882404,11700,0.3221423625946045,108.4762725830078,5902.9248046875,6101.0166015625,6125.5302734375,795.098876953125,1514.438232421875,3259.85205078125,0.1005108654499054,0.1572859436273574,0.2160931825637817,178.31912231445312,199.942626953125,256.3263244628906,6400,0.1404687464237213,0.1784375011920929,0.909899890422821,0.1928740292787552
cross,transformer,IEEE39,UK,0,True,pu_zscore,0.1825264245271682,ckpt_norm/cross_transformer/cc_transformer_IEEE39_s0.pt,100,0.5766327381134033,17407.1875,2400,0.3611391186714172,2433.7548828125,500,9.638422966003418,0.2805060148239136,2800,3.584707021713257,384.8679504394531,32104.681640625,34727.90234375,34845.06640625,9189.3837890625,16319.4853515625,16844.283203125,0.6019533276557922,0.878876805305481,1.0019407272338867,1429.6033935546875,1860.9658203125,2192.271484375,500,0.0,0.7919999957084656,,0.7919999957084656
cross,transformer,IEEE39,IEEE24,100,True,pu_zscore,0.122425228357315,ckpt_norm/cross_transformer/cc_transformer_IEEE39_s100.pt,100,0.5071278810501099,513.2391967773438,1100,0.2597591876983642,124.58992767333984,1300,0.4240924417972564,0.0527023784816265,2300,0.2868486940860748,21.14311408996582,1066.6849365234375,1157.98779296875,1163.95849609375,334.1191711425781,362.3724670410156,403.9204406738281,0.1060235574841499,0.121056780219078,0.1497000455856323,37.80744934082031,50.774169921875,107.19303894042967,1300,0.0399999991059303,0.3253846168518066,0.5961538553237915,0.3221153914928436
cross,transformer,IEEE39,IEEE39,100,False,pu_zscore,0.0149132525548338,ckpt_norm/cross_transformer/cc_transformer_IEEE39_s100.pt,100,0.0588662214577198,22.119617462158203,1000,0.0390980951488018,41.15919876098633,2900,0.0589293241500854,0.0088818976655602,3800,0.0650614798069,3.524230480194092,43.94759750366211,325.5008239746094,415.608642578125,161.76132202148438,287.3614196777344,513.4615478515625,0.038767572492361,0.0639180839061737,0.1115198731422424,15.133978843688965,23.32381248474121,29.235572814941406,2900,0.3834482729434967,0.3841379284858703,0.052158273756504,0.0335570462048053
cross,transformer,IEEE39,IEEE118,100,True,pu_zscore,0.1065745875239372,ckpt_norm/cross_transformer/cc_transformer_IEEE39_s100.pt,100,2.205545663833618,4941.7626953125,5400,0.1082395762205123,204.4777984619141,6400,0.282596617937088,0.0576393716037273,11700,0.3128877282142639,105.12889862060548,5921.86474609375,6120.23876953125,6144.76611328125,753.268310546875,1528.054443359375,3289.16455078125,0.0948148444294929,0.1500700861215591,0.1980565786361694,171.578857421875,195.2107696533203,245.3824005126953,6400,0.1404687464237213,0.0326562486588954,0.9977753162384032,0.037629522383213
cross,transformer,IEEE39,UK,100,True,pu_zscore,0.1440185904502868,ckpt_norm/cross_transformer/cc_transformer_IEEE39_s100.pt,100,0.5644351243972778,16970.017578125,2400,0.1928625404834747,1216.1717529296875,500,8.112435340881348,0.2429871261119842,2800,3.8305718898773193,475.3950805664063,31572.83984375,34114.19140625,34226.515625,4954.79736328125,10834.5966796875,12262.19140625,0.5402163863182068,0.577284574508667,0.6255536079406738,1105.3157958984375,1525.916259765625,1747.83056640625,500,0.0,0.9200000166893004,,0.9200000166893004
cross,transformer,IEEE39,IEEE24,1000,True,pu_zscore,0.1262133568525314,ckpt_norm/cross_transformer/cc_transformer_IEEE39_s1000.pt,100,0.5123581290245056,523.6541137695312,1100,0.2674892842769623,135.3000030517578,1300,0.2679378092288971,0.0287878159433603,2300,0.4407384395599365,31.24747657775879,1064.216064453125,1155.322021484375,1161.6842041015625,299.7558288574219,412.6010437011719,506.18267822265625,0.0755632221698761,0.0900319963693618,0.1432961225509643,65.71844482421875,87.75841522216797,117.8669662475586,1300,0.0399999991059303,0.052307691425085,0.7884615659713745,0.0456730760633945
cross,transformer,IEEE39,IEEE39,1000,False,pu_zscore,0.0146995037794113,ckpt_norm/cross_transformer/cc_transformer_IEEE39_s1000.pt,100,0.0636946484446525,29.808691024780277,1000,0.0383048914372921,38.13899993896485,2900,0.059414729475975,0.0099198846146464,3800,0.0623135603964328,3.5927350521087646,69.9201889038086,326.9085388183594,417.016357421875,157.68711853027344,280.4612731933594,489.136962890625,0.0378977768123149,0.0615168437361717,0.1103630661964416,14.261631965637209,22.792577743530277,31.91620635986328,2900,0.3834482729434967,0.3882758617401123,0.0503597110509872,0.0391498878598213
cross,transformer,IEEE39,IEEE118,1000,True,pu_zscore,0.1047319620847702,ckpt_norm/cross_transformer/cc_transformer_IEEE39_s1000.pt,100,2.17337417602539,4868.86376953125,5400,0.1033780202269554,183.0469207763672,6400,0.261465460062027,0.0527492985129356,11700,0.3331365883350372,113.66007232666016,5846.27587890625,6044.33154296875,6068.8447265625,746.534912109375,1473.330078125,3210.357421875,0.0935455039143562,0.1441119760274887,0.2151670455932617,177.57843017578125,200.10980224609372,246.1083984375,6400,0.1404687464237213,0.1398437470197677,0.9121245741844176,0.1483366638422012
cross,transformer,IEEE39,UK,1000,True,pu_zscore,0.127834752202034,ckpt_norm/cross_transformer/cc_transformer_IEEE39_s1000.pt,100,0.4861985146999359,13665.1259765625,2400,0.1736190766096115,1274.7474365234375,500,16.14278221130371,0.4711639881134033,2800,5.546726226806641,690.8594970703125,29175.02734375,32887.6953125,33002.984375,3667.209228515625,6907.638671875,11618.0791015625,1.159664511680603,1.2389769554138184,1.3335840702056885,1692.905029296875,2191.646484375,2410.867431640625,500,0.0,0.9760000109672546,,0.9760000109672546
cross,transformer,IEEE39,IEEE24,300,True,pu_zscore,0.1337376981973648,ckpt_norm/cross_transformer/cc_transformer_IEEE39_s300.pt,100,0.6202588081359863,665.4827270507812,1100,0.229036808013916,114.79087829589844,1300,0.2234696149826049,0.0256424769759178,2300,0.3016029298305511,21.33354949951172,1225.3372802734375,1315.011962890625,1326.298095703125,263.2821044921875,385.4395751953125,465.0757446289063,0.0602265372872352,0.0765562206506729,0.1669994592666626,43.68193435668945,55.550559997558594,117.5670928955078,1300,0.0399999991059303,0.1199999973177909,0.8269230723381042,0.1177884638309478
cross,transformer,IEEE39,IEEE39,300,False,pu_zscore,0.0176138971000909,ckpt_norm/cross_transformer/cc_transformer_IEEE39_s300.pt,100,0.092444509267807,62.3810920715332,1000,0.0452222414314746,41.09601211547852,2900,0.0545004233717918,0.0084395399317145,3800,0.0621769428253173,3.318549394607544,101.53977966308594,409.2590026855469,499.3668212890625,191.0271759033203,339.6551208496094,559.6678466796875,0.0346494130790233,0.0564530752599239,0.1117364168167114,14.497269630432127,23.55250740051269,28.41563415527344,2900,0.3834482729434967,0.3799999952316284,0.0557553954422473,0.0290827732533216
cross,transformer,IEEE39,IEEE118,300,True,pu_zscore,0.1043435335159301,ckpt_norm/cross_transformer/cc_transformer_IEEE39_s300.pt,100,2.176597118377685,4876.7958984375,5400,0.101772516965866,179.3397674560547,6400,0.2730630040168762,0.0549797117710113,11700,0.3220234513282776,107.50398254394533,5846.8974609375,6044.169921875,6068.64208984375,738.9263916015625,1419.1007080078125,3155.32373046875,0.0969614386558532,0.1480636149644851,0.2048453092575073,174.57447814941406,196.65074157714844,248.65460205078125,6400,0.1404687464237213,0.0603124983608722,1.0,0.070169061422348
cross,transformer,IEEE39,UK,300,True,pu_zscore,0.1306729167699813,ckpt_norm/cross_transformer/cc_transformer_IEEE39_s300.pt,100,0.540787398815155,15982.23828125,2400,0.1429278552532196,1016.8338623046876,500,19.99313163757324,0.5588998198509216,2800,2.6338448524475098,306.8051452636719,30737.2265625,33932.375,34377.38671875,2750.844970703125,5602.9267578125,11558.8818359375,1.370716571807861,1.6209229230880735,1.6297141313552856,998.5849609375,1226.899169921875,1638.61474609375,500,0.0,0.8140000104904175,,0.8140000104904175
cross,transformer,IEEE39,IEEE24,700,True,pu_zscore,0.1180486232042312,ckpt_norm/cross_transformer/cc_transformer_IEEE39_s700.pt,100,0.5324724912643433,553.2054443359375,1100,0.2118393033742904,105.63477325439452,1300,0.2770581841468811,0.0312153976410627,2300,0.3469581604003906,23.498943328857425,1099.7462158203125,1179.85205078125,1199.39599609375,245.4110412597656,378.3449401855469,453.9673156738281,0.0770580992102623,0.1047792509198188,0.1462595462799072,52.833133697509766,75.8270492553711,99.0151824951172,1300,0.0399999991059303,0.2315384596586227,0.8846153616905212,0.2363782078027725
cross,transformer,IEEE39,IEEE39,700,False,pu_zscore,0.0154017070308327,ckpt_norm/cross_transformer/cc_transformer_IEEE39_s700.pt,100,0.0576921701431274,41.01491165161133,1000,0.0405541136860847,38.8462142944336,2900,0.0602907091379165,0.0092621212825179,3800,0.0648809075355529,3.560185432434082,81.98265075683594,215.93038940429688,306.0382080078125,167.81320190429688,293.5210876464844,482.1845703125,0.039190337061882,0.0628022775053978,0.1182412505149841,14.73202419281006,23.659448623657227,28.38916015625,2900,0.3834482729434967,0.3810344934463501,0.0557553954422473,0.0307606272399425
cross,transformer,IEEE39,IEEE118,700,True,pu_zscore,0.108299121260643,ckpt_norm/cross_transformer/cc_transformer_IEEE39_s700.pt,100,2.258737564086914,5062.96240234375,5400,0.1034096553921699,184.3588714599609,6400,0.2344598770141601,0.0465011149644851,11700,0.3617936968803406,123.4083023071289,6038.7490234375,6236.6826171875,6261.1875,775.7234497070312,1454.1661376953125,3106.373046875,0.0829169005155563,0.1300502866506576,0.205704927444458,190.46543884277344,208.2201385498047,247.54730224609372,6400,0.1404687464237213,0.0957812517881393,0.888765275478363,0.0932557731866836
cross,transformer,IEEE39,UK,700,True,pu_zscore,0.1452687978744506,ckpt_norm/cross_transformer/cc_transformer_IEEE39_s700.pt,100,0.6002325415611267,18354.318359375,2400,0.1565461307764053,1149.516845703125,500,15.22387409210205,0.386467307806015,2800,3.6569628715515137,409.6082458496094,32332.263671875,35067.48046875,35182.8359375,3981.717041015625,6010.15625,11097.9013671875,1.2638697624206543,1.402365803718567,1.5132107734680176,1212.6290283203125,1989.1064453125,2376.586669921875,500,0.0,0.8320000171661377,,0.8320000171661377
cross,transformer,UK,IEEE24,0,True,pu_zscore,8.973987579345703,ckpt_norm/cross_transformer/cc_transformer_UK_s0.pt,100,30.83230781555176,37814.64453125,1100,23.16388320922852,11285.51953125,1300,0.2380764931440353,0.0280472449958324,2300,1.0929584503173828,80.23529815673828,39280.05859375,39959.453125,39964.35546875,26607.626953125,27122.34375,27519.765625,0.0760852769017219,0.0787841081619262,0.0825797915458679,149.42892456054688,163.84027099609375,194.22512817382807,1300,0.0399999991059303,0.0,1.0,0.0
cross,transformer,UK,IEEE39,0,True,pu_zscore,1.5602420568466189,ckpt_norm/cross_transformer/cc_transformer_UK_s0.pt,100,22.855445861816406,21728.123046875,1000,1.70944344997406,2338.097412109375,2900,0.2460710555315017,0.0511327870190143,3800,0.4574136435985565,37.7051887512207,22131.888671875,22195.029296875,22377.8828125,6081.7177734375,6088.126953125,6994.0849609375,0.1325354874134063,0.1596589833498001,0.1826918721199035,72.4185562133789,96.00848388671876,113.63805389404295,2900,0.3834482729434967,0.0,1.0,0.0
cross,transformer,UK,IEEE118,0,True,pu_zscore,0.9187374711036682,ckpt_norm/cross_transformer/cc_transformer_UK_s0.pt,100,17.149873733520508,38695.484375,5400,1.2702738046646118,3149.373779296875,6400,0.1373976469039917,0.0220494866371154,11700,0.410590648651123,140.72389221191406,39665.125,39858.3671875,39882.61328125,8789.6396484375,16372.5615234375,17719.6875,0.0684829875826835,0.1000121012330055,0.155393362045288,219.18136596679688,245.8084716796875,284.6466064453125,6400,0.1404687464237213,0.0148437498137354,1.0,0.0172695871442556
cross,transformer,UK,UK,0,False,pu_zscore,0.0040573799051344,ckpt_norm/cross_transformer/cc_transformer_UK_s0.pt,100,0.0128710512071847,386.22210693359375,2400,0.0080897398293018,46.227447509765625,500,0.0354215428233146,0.0004261420981492,2800,0.0130045097321271,1.3234683275222778,607.290771484375,1215.82080078125,1551.8564453125,137.79322814941406,338.8967590332031,1815.3837890625,0.0011071353219449,0.0046942583285272,0.0221711993217468,4.730038642883301,7.783925056457519,15.425460815429688,500,0.0,0.0,,0.0
cross,transformer,UK,IEEE24,100,True,pu_zscore,6.200420379638672,ckpt_norm/cross_transformer/cc_transformer_UK_s100.pt,100,15.419169425964355,18885.548828125,1100,18.29835700988769,9010.2685546875,1300,0.2937501966953277,0.0363510847091674,2300,0.9236514568328856,65.31488800048828,19235.390625,25142.896484375,25331.240234375,21413.146484375,21511.3046875,26916.744140625,0.0834354683756828,0.0861678794026374,0.0943635702133178,150.09066772460938,163.9530792236328,253.760498046875,1300,0.0399999991059303,0.070769228041172,1.0,0.0737179517745971
cross,transformer,UK,IEEE39,100,True,pu_zscore,1.026400446891785,ckpt_norm/cross_transformer/cc_transformer_UK_s100.pt,100,11.968165397644045,11376.5302734375,1000,1.926374077796936,2958.270751953125,2900,0.257110059261322,0.0536524914205074,3800,0.4282307028770447,31.016742706298828,11776.404296875,11839.3408203125,12021.5673828125,6308.21435546875,6326.912109375,6370.7109375,0.1363370716571808,0.1644908636808395,0.1856537461280822,95.39959716796876,110.7710189819336,122.86760711669922,2900,0.3834482729434967,0.0,1.0,0.0
cross,transformer,UK,IEEE118,100,True,pu_zscore,0.5050837397575378,ckpt_norm/cross_transformer/cc_transformer_UK_s100.pt,100,10.53372859954834,23762.822265625,5400,0.5474939942359924,1076.900634765625,6400,0.1406066715717315,0.0226897373795509,11700,0.3975116014480591,136.34825134277344,24753.091796875,24930.75,24955.19921875,4290.36962890625,6667.841796875,11078.0224609375,0.0683541297912597,0.0989427343010902,0.1543163061141967,211.31988525390625,235.41932678222656,272.7804870605469,6400,0.1404687464237213,0.0360937491059303,0.9977753162384032,0.0416287966072559
cross,transformer,UK,UK,100,False,pu_zscore,0.0031628417782485,ckpt_norm/cross_transformer/cc_transformer_UK_s100.pt,100,0.0081408359110355,179.51722717285156,2400,0.0072674169205129,40.137203216552734,500,0.0372609868645668,0.0005290269618853,2800,0.0121234450489282,1.275301218032837,369.1756286621094,1071.8138427734375,1540.740234375,141.55906677246094,325.2926330566406,1353.9893798828125,0.0012687975540757,0.0052843149751424,0.0234541893005371,4.196435928344727,7.403519153594971,14.119369506835938,500,0.0,0.0,,0.0
cross,transformer,UK,IEEE24,1000,True,pu_zscore,10.689090728759766,ckpt_norm/cross_transformer/cc_transformer_UK_s1000.pt,100,32.58824157714844,40012.00390625,1100,29.423450469970703,15664.4619140625,1300,0.2927719056606293,0.0349320694804191,2300,0.5409972667694092,35.73305130004883,40632.6171875,40742.20703125,40796.19140625,27087.365234375,27169.068359375,27511.5625,0.0774259641766548,0.079488106071949,0.1258509755134582,88.13351440429688,115.24201202392578,147.79241943359375,1300,0.0399999991059303,0.0753846168518066,0.9230769276618958,0.0753205120563507
cross,transformer,UK,IEEE39,1000,True,pu_zscore,2.1931655406951904,ckpt_norm/cross_transformer/cc_transformer_UK_s1000.pt,100,16.13608741760254,15339.125,1000,5.346085071563721,6902.1015625,2900,0.2675152719020843,0.0559517480432987,3800,0.3947589993476867,29.34941864013672,15768.1572265625,15964.044921875,15981.27734375,20313.486328125,20322.986328125,20378.138671875,0.1412696838378906,0.168830007314682,0.1897447109222412,74.11068725585938,88.29582977294922,106.3848876953125,2900,0.3834482729434967,0.0,1.0,0.0
cross,transformer,UK,IEEE118,1000,True,pu_zscore,0.7727239727973938,ckpt_norm/cross_transformer/cc_transformer_UK_s1000.pt,100,14.7461576461792,33267.44140625,5400,1.0313684940338137,1713.89892578125,6400,0.1494713127613067,0.0256626680493354,11700,0.2746516764163971,87.22158813476562,34232.44921875,34434.484375,38560.00390625,9483.841796875,15295.2119140625,15591.1396484375,0.0661591291427612,0.1049888208508491,0.1532965898513794,172.888427734375,204.06748962402344,237.20774841308597,6400,0.1404687464237213,0.0004687499895226,1.0,0.0005453553749248
cross,transformer,UK,UK,1000,False,pu_zscore,0.0031959952320903,ckpt_norm/cross_transformer/cc_transformer_UK_s1000.pt,100,0.0056276405230164,129.0033416748047,2400,0.0082215145230293,47.11426162719727,500,0.0371257811784744,0.0004753858956974,2800,0.0126768816262483,1.2395678758621216,362.81451416015625,670.5757446289062,745.5390625,167.9038848876953,374.35986328125,1531.9959716796875,0.0011119036935269,0.0053249048069119,0.0214148759841918,4.0191497802734375,7.710544586181641,19.221908569335938,500,0.0,0.0,,0.0
cross,transformer,UK,IEEE24,300,True,pu_zscore,7.719247817993164,ckpt_norm/cross_transformer/cc_transformer_UK_s300.pt,100,29.228031158447266,35887.0390625,1100,18.49529838562012,10557.267578125,1300,0.2870928347110748,0.0320216938853263,2300,0.5797073245048523,39.35470581054688,36567.60546875,38107.3984375,38160.8984375,15381.3486328125,15465.7880859375,15624.9697265625,0.0977559834718704,0.1044681444764137,0.1091098189353942,92.50454711914062,104.60960388183594,121.3972396850586,1300,0.0399999991059303,0.1530769169330597,0.7115384340286255,0.1474359035491943
cross,transformer,UK,IEEE39,300,True,pu_zscore,2.070646286010742,ckpt_norm/cross_transformer/cc_transformer_UK_s300.pt,100,12.516230583190918,11897.4365234375,1000,5.263450145721436,7788.1171875,2900,0.213052749633789,0.0449159070849418,3800,0.5419877767562866,38.592132568359375,12323.6259765625,12385.6728515625,12529.3037109375,15522.587890625,15570.296875,15603.3876953125,0.1129090487957,0.1406649947166443,0.1680483222007751,101.4292984008789,168.48590087890625,182.146484375,2900,0.3834482729434967,0.0675862058997154,0.826438844203949,0.0016778523568063
cross,transformer,UK,IEEE118,300,True,pu_zscore,1.2068990468978882,ckpt_norm/cross_transformer/cc_transformer_UK_s300.pt,100,22.48672103881836,50740.9140625,5400,1.6743420362472534,3507.244140625,6400,0.1405220925807953,0.0220458451658487,11700,0.4163531959056854,141.83970642089844,51728.9765625,51894.59765625,52304.8828125,12826.5947265625,16880.875,17228.541015625,0.0641963258385658,0.1129244789481163,0.1633790135383606,220.22445678710935,241.90744018554688,268.1598815917969,6400,0.1404687464237213,0.0010937500046566,1.0,0.0012724959524348
cross,transformer,UK,UK,300,False,pu_zscore,0.003123020986095,ckpt_norm/cross_transformer/cc_transformer_UK_s300.pt,100,0.0075191995128989,215.46560668945312,2400,0.0073867929168045,39.463905334472656,500,0.0347795896232128,0.0003807525499723,2800,0.0111617622897028,1.186781644821167,483.1153259277344,525.4189453125,658.322265625,122.9301528930664,303.6723937988281,1721.9793701171875,0.0012724545085802,0.0034214498009532,0.0233253836631774,3.5914011001586914,7.011284351348877,14.687019348144531,500,0.0,0.0,,0.0
cross,transformer,UK,IEEE24,700,True,pu_zscore,2.374147653579712,ckpt_norm/cross_transformer/cc_transformer_UK_s700.pt,100,10.621935844421388,13019.9853515625,1100,4.54787015914917,2487.810791015625,1300,0.202766016125679,0.0246666576713323,2300,0.6588699221611023,41.09702301025391,13610.9833984375,16607.736328125,16659.00390625,5392.05810546875,5505.19384765625,8756.880859375,0.0524077378213405,0.0586109869182109,0.086944043636322,119.83241271972656,151.7906951904297,182.51190185546875,1300,0.0399999991059303,0.0,1.0,0.0
cross,transformer,UK,IEEE39,700,True,pu_zscore,1.1705199480056765,ckpt_norm/cross_transformer/cc_transformer_UK_s700.pt,100,15.421103477478027,14657.69921875,1000,1.816659927368164,2397.684326171875,2900,0.2510899007320404,0.0526096038520336,3800,0.7475082278251648,58.34027862548828,15262.875,15851.3779296875,15863.3125,7528.7392578125,7977.07275390625,8311.3779296875,0.1324650049209594,0.1592974960803985,0.1868084073066711,142.57046508789062,154.49072265625,167.7555694580078,2900,0.3834482729434967,0.0,1.0,0.0
cross,transformer,UK,IEEE118,700,True,pu_zscore,0.4274251461029053,ckpt_norm/cross_transformer/cc_transformer_UK_s700.pt,100,8.627311706542969,19456.1953125,5400,0.5048389434814453,1399.6865234375,6400,0.1366748213768005,0.0221503973007202,11700,0.4414353370666504,144.666748046875,20472.513671875,20610.873046875,23261.787109375,3145.42626953125,4538.0771484375,6040.080078125,0.0592782497406005,0.1099944859743118,0.1635092496871948,248.4068756103516,267.8074035644531,289.4974365234375,6400,0.1404687464237213,0.0,1.0,0.0
cross,transformer,UK,UK,700,False,pu_zscore,0.0035700970329344,ckpt_norm/cross_transformer/cc_transformer_UK_s700.pt,100,0.0105641093105077,333.14019775390625,2400,0.0075488146394491,46.16670227050781,500,0.0373927988111972,0.0004341527237556,2800,0.0130147226154804,1.3618922233581543,558.394775390625,739.32958984375,851.017578125,160.078857421875,304.52764892578125,928.928955078125,0.0012395796366035,0.0038746886420994,0.0251539945602417,4.595095157623291,8.097097396850586,14.188018798828123,500,0.0,0.0,,0.0
cross,nnconv,IEEE118,IEEE24,0,True,pu_zscore,0.2573224604129791,ckpt_norm/cross_nnconv/cc_nnconv_IEEE118_s0.pt,100,0.4788898229598999,454.5013427734375,1100,0.6005669236183167,290.270751953125,1300,1.2487872838974,0.1302974224090576,2300,2.705859661102295,186.31716918945312,1087.6578369140625,1226.079345703125,1242.5836181640625,771.3980712890625,909.4308471679688,984.7269287109376,0.3466708362102508,0.4344001412391662,0.7889342904090881,513.7088623046875,574.0494384765625,668.870361328125,1300,0.0399999991059303,0.6330769062042236,0.0769230797886848,0.6209936141967773
cross,nnconv,IEEE118,IEEE39,0,True,pu_zscore,3.092639684677124,ckpt_norm/cross_nnconv/cc_nnconv_IEEE118_s0.pt,100,43.09075546264648,40810.69921875,1000,2.321372985839844,2108.246826171875,2900,0.9325355887413024,0.1331862509250641,3800,32.96317672729492,1900.013916015625,41310.2578125,58678.03125,58768.13671875,10723.5732421875,11255.4892578125,14925.689453125,0.5990085005760193,1.014481544494629,1.0287799835205078,9208.478515625,9680.5439453125,13986.5625,2900,0.3834482729434967,0.5872413516044617,0.1708633154630661,0.4368008971214294
cross,nnconv,IEEE118,IEEE118,0,False,pu_zscore,0.0039189793169498,ckpt_norm/cross_nnconv/cc_nnconv_IEEE118_s0.pt,100,0.043196402490139,48.073486328125,5400,0.0061640948988497,5.83755350112915,6400,0.0121047645807266,0.0009257720666937,11700,0.0288140252232551,2.648984670639038,208.2937164306641,412.5525512695313,569.12158203125,22.537296295166016,75.859130859375,486.26953125,0.0035435492172837,0.0120301377028226,0.075249433517456,10.079240798950195,26.922664642333984,345.1973571777344,6400,0.1404687464237213,0.1382812559604644,0.0333704128861427,0.0029085620772093
cross,nnconv,IEEE118,UK,0,True,pu_zscore,0.2116918265819549,ckpt_norm/cross_nnconv/cc_nnconv_IEEE118_s0.pt,100,0.5262001752853394,15285.9560546875,2400,0.3655502498149872,3096.666015625,500,15.072651863098145,0.5014818906784058,2800,21.241867065429688,1744.1202392578125,30718.830078125,33735.125,33856.62890625,8323.5009765625,12400.373046875,15760.0087890625,0.8542747497558594,0.9473543763160706,1.2065095901489258,9208.5302734375,14217.6298828125,18641.0703125,500,0.0,0.9940000176429749,,0.9940000176429749
cross,nnconv,IEEE118,IEEE24,100,True,pu_zscore,0.3832902312278747,ckpt_norm/cross_nnconv/cc_nnconv_IEEE118_s100.pt,100,1.0044169425964355,1182.847412109375,1100,0.8682224154472351,360.9058227539063,1300,1.7027971744537354,0.1383623331785202,2300,3.566232919692993,220.29383850097656,1707.9639892578125,1774.099365234375,1776.544677734375,1347.4561767578125,1451.2349853515625,1728.8369140625,0.5970722436904907,0.6474521160125732,1.1723830699920654,712.843994140625,808.4370727539062,1051.5599365234375,1300,0.0399999991059303,0.5292307734489441,0.2307692319154739,0.5192307829856873
cross,nnconv,IEEE118,IEEE39,100,True,pu_zscore,8.338114738464355,ckpt_norm/cross_nnconv/cc_nnconv_IEEE118_s100.pt,100,96.15950775146484,91115.828125,1000,15.230894088745115,19146.5078125,2900,0.8480573296546936,0.1451631188392639,3800,41.83917999267578,2207.474853515625,91509.59375,127373.609375,127463.7109375,57131.11328125,58022.96875,77117.4765625,0.4599043130874634,0.8461163640022278,0.8523997068405151,11469.2236328125,13947.3759765625,20195.84375,2900,0.3834482729434967,0.7355172634124756,0.1744604259729385,0.6795302033424377
cross,nnconv,IEEE118,IEEE118,100,False,pu_zscore,0.0046286745928227,ckpt_norm/cross_nnconv/cc_nnconv_IEEE118_s100.pt,100,0.0704853385686874,139.53614807128906,5400,0.0064379246905446,5.4947381019592285,6400,0.0114265317097306,0.0008503778371959,11700,0.0287283603101968,2.656339406967163,322.2589111328125,397.1536254882813,399.696044921875,19.316307067871094,84.74761199951172,522.273193359375,0.0027613029815256,0.0113976458087563,0.0751792788505554,9.785304069519045,25.992921829223636,342.135986328125,6400,0.1404687464237213,0.1385937482118606,0.0344827584922313,0.0034539175685495
cross,nnconv,IEEE118,UK,100,True,pu_zscore,0.3260921537876129,ckpt_norm/cross_nnconv/cc_nnconv_IEEE118_s100.pt,100,0.5628241896629333,17101.53125,2400,0.7545950412750244,4054.114990234375,500,7.1089372634887695,0.229312002658844,2800,23.8494930267334,1896.3436279296875,31291.958984375,34375.7265625,34515.2578125,12871.6162109375,40605.74609375,57694.18359375,0.4281372427940368,0.490701287984848,0.5301989912986755,10723.1435546875,17188.6484375,22956.119140625,500,0.0,0.962000012397766,,0.962000012397766
cross,nnconv,IEEE118,IEEE24,300,True,pu_zscore,0.2995334565639496,ckpt_norm/cross_nnconv/cc_nnconv_IEEE118_s300.pt,100,0.5017121434211731,498.9290771484375,1100,0.7633121013641357,384.2351379394531,1300,1.2942813634872437,0.1292045712471008,2300,2.83514666557312,172.4666748046875,1075.17578125,1177.95263671875,1197.115478515625,956.2088623046876,1031.9256591796875,1397.26025390625,0.3821618854999542,0.448154091835022,0.967853844165802,584.2286376953125,669.316650390625,917.0022583007812,1300,0.0399999991059303,0.455384612083435,0.0961538478732109,0.436698704957962
cross,nnconv,IEEE118,IEEE39,300,True,pu_zscore,7.303274154663086,ckpt_norm/cross_nnconv/cc_nnconv_IEEE118_s300.pt,100,52.4141731262207,49679.4296875,1000,11.556561470031738,16221.8603515625,2900,1.1140429973602295,0.162941426038742,3800,130.96978759765625,5806.85791015625,50242.91796875,68342.046875,68432.1484375,36335.453125,37326.5390625,52388.33984375,0.5697228312492371,1.2659512758255005,1.3039965629577637,39571.47265625,43572.76171875,64338.171875,2900,0.3834482729434967,0.6200000047683716,0.0998201444745063,0.445749431848526
cross,nnconv,IEEE118,IEEE118,300,False,pu_zscore,0.0045697004534304,ckpt_norm/cross_nnconv/cc_nnconv_IEEE118_s300.pt,100,0.0580104403197765,109.46278381347656,5400,0.0072385855019092,6.7171149253845215,6400,0.0119828525930643,0.0010047646937891,11700,0.0286452006548643,2.715789556503296,284.0142517089844,384.3038330078125,386.63623046875,23.400842666625977,91.48246002197266,570.167724609375,0.0031059794127941,0.0119949728250503,0.0760364532470703,10.10196304321289,27.53547477722168,341.7038269042969,6400,0.1404687464237213,0.1342187523841858,0.0545050054788589,0.0016360661247745
cross,nnconv,IEEE118,UK,300,True,pu_zscore,0.6064220070838928,ckpt_norm/cross_nnconv/cc_nnconv_IEEE118_s300.pt,100,0.5237501859664917,15064.9814453125,2400,1.1195895671844482,6119.314453125,500,14.691251754760742,0.4063050448894501,2800,78.44935607910156,4753.2412109375,31205.865234375,33954.5078125,34071.84765625,37290.046875,47404.1328125,69428.96875,1.0531094074249268,1.203494429588318,1.3182491064071655,40095.20703125,57052.5703125,82773.359375,500,0.0,0.7900000214576721,,0.7900000214576721
cross,nnconv,IEEE24,IEEE24,0,False,pu_zscore,0.0097837513312697,ckpt_norm/cross_nnconv/cc_nnconv_IEEE24_s0.pt,100,0.025574717670679,26.49204635620117,1100,0.027687557041645,9.17857265472412,1300,0.0267700161784887,0.0023334452416747,2300,0.0340216793119907,1.71786630153656,56.56974792480469,84.48223876953125,99.18063354492188,35.252620697021484,68.27618408203125,151.60226440429688,0.007755416445434,0.0168805476278066,0.0312551856040954,6.459254741668701,12.081904411315918,19.36661148071289,1300,0.0399999991059303,0.0230769235640764,0.5192307829856873,0.0040064104832708
cross,nnconv,IEEE24,IEEE39,0,True,pu_zscore,0.4046566486358642,ckpt_norm/cross_nnconv/cc_nnconv_IEEE24_s0.pt,100,2.6918206214904785,2548.543212890625,1000,1.0072258710861206,866.3883666992188,2900,0.35342937707901,0.0692614391446113,3800,0.7614912390708923,60.96068954467773,2747.903564453125,3530.4853515625,3620.59326171875,5232.79150390625,5741.939453125,7479.080078125,0.2079861015081405,0.2726859152317047,0.309085488319397,124.9559097290039,175.95547485351562,201.69265747070312,2900,0.3834482729434967,0.1031034514307975,0.7374100685119629,0.0039149885997176
cross,nnconv,IEEE24,IEEE118,0,True,pu_zscore,0.124644935131073,ckpt_norm/cross_nnconv/cc_nnconv_IEEE24_s0.pt,100,2.4993958473205566,5609.4375,5400,0.1340940594673156,360.5349426269531,6400,0.1832304447889328,0.0296348351985216,11700,0.4387174248695373,150.8400421142578,6583.99658203125,6781.7294921875,6806.22412109375,807.8593139648438,1284.0946044921875,2720.6220703125,0.0862227976322174,0.1330997347831726,0.1898666620254516,224.1307830810547,257.4774780273437,308.9037780761719,6400,0.1404687464237213,0.0159374997019767,0.9988876581192015,0.0183602981269359
cross,nnconv,IEEE24,UK,0,True,pu_zscore,0.1199839860200882,ckpt_norm/cross_nnconv/cc_nnconv_IEEE24_s0.pt,100,0.4928481876850128,13953.78515625,2400,0.1397639662027359,1069.5260009765625,500,5.350227355957031,0.1747710853815078,2800,1.4492088556289673,180.10989379882812,29531.4296875,32535.5234375,32664.455078125,2608.11767578125,5439.712890625,10552.677734375,0.2799900770187378,0.2985190153121948,0.4543418884277344,486.28802490234375,653.9895629882812,813.008056640625,500,0.0,0.9380000233650208,,0.9380000233650208
cross,nnconv,IEEE24,IEEE24,100,False,pu_zscore,0.009288040921092,ckpt_norm/cross_nnconv/cc_nnconv_IEEE24_s100.pt,100,0.0238211490213871,17.003646850585938,1100,0.0263649933040142,8.592965126037598,1300,0.0270000919699668,0.0022999700158834,2300,0.0337897613644599,1.5929408073425293,67.05558776855469,107.12835693359376,116.40151977539062,33.18608093261719,65.92220306396484,152.9120330810547,0.0078607983887195,0.0161118973046541,0.0299530029296875,6.510776042938232,12.130765914916992,19.807003021240234,1300,0.0399999991059303,0.0361538454890251,0.3461538553237915,0.0104166669771075
cross,nnconv,IEEE24,IEEE39,100,True,pu_zscore,0.5900639295578003,ckpt_norm/cross_nnconv/cc_nnconv_IEEE24_s100.pt,100,4.189307689666748,3967.666015625,1000,1.4498227834701538,1408.1949462890625,2900,0.38887420296669,0.077824592590332,3800,0.696574330329895,52.167747497558594,4241.21484375,5449.1572265625,5539.26513671875,7503.66552734375,7918.15478515625,10022.83984375,0.2234947085380554,0.2474676221609115,0.2685389518737793,104.54676055908205,223.311767578125,349.2865600585937,2900,0.3834482729434967,0.1379310339689254,0.826438844203949,0.1157718151807785
cross,nnconv,IEEE24,IEEE118,100,True,pu_zscore,0.1135102584958076,ckpt_norm/cross_nnconv/cc_nnconv_IEEE24_s100.pt,100,2.2931973934173584,5140.92822265625,5400,0.1101708635687828,262.4550476074219,6400,0.2362586110830307,0.0349841602146625,11700,0.4945804178714752,168.79327392578125,6122.158203125,6320.552734375,6345.0810546875,573.3474731445312,1493.40234375,2889.51513671875,0.1141198724508285,0.2254428565502166,0.4393069148063659,261.6905517578125,300.3299865722656,350.159423828125,6400,0.1404687464237213,0.0623437501490116,0.9644048810005188,0.0667151436209678
cross,nnconv,IEEE24,UK,100,True,pu_zscore,0.1197675466537475,ckpt_norm/cross_nnconv/cc_nnconv_IEEE24_s100.pt,100,0.4877505004405975,13724.107421875,2400,0.1440262645483017,998.7391967773438,500,10.287965774536133,0.2951437830924988,2800,1.804349064826965,209.38145446777344,29238.107421875,32118.708984375,32245.7890625,3865.40673828125,5753.18994140625,10506.1796875,0.6816980838775635,0.7240713238716125,1.037266492843628,625.6837768554688,934.5536499023438,1175.2904052734375,500,0.0,0.9879999756813048,,0.9879999756813048
cross,nnconv,IEEE24,IEEE24,300,False,pu_zscore,0.010317787528038,ckpt_norm/cross_nnconv/cc_nnconv_IEEE24_s300.pt,100,0.0345434620976448,23.58964157104492,1100,0.0262314770370721,9.063109397888184,1300,0.0272240005433559,0.0024599756579846,2300,0.0339541248977184,1.5893036127090454,102.99549865722656,136.1855926513672,178.52401733398438,30.4152946472168,66.30380249023438,150.4256591796875,0.0084308357909321,0.0156641155481338,0.0311761498451232,6.714546203613281,12.343338012695312,19.814777374267575,1300,0.0399999991059303,0.0230769235640764,0.5384615659713745,0.0048076924867928
cross,nnconv,IEEE24,IEEE39,300,True,pu_zscore,1.5063830614089966,ckpt_norm/cross_nnconv/cc_nnconv_IEEE24_s300.pt,100,18.61864280700684,17647.51953125,1000,2.616421222686768,3754.622314453125,2900,0.3599792122840881,0.0730892419815063,3800,1.5192779302597046,86.50878143310547,18287.595703125,23840.509765625,23920.6328125,7462.11767578125,8659.7998046875,10813.869140625,0.1981914341449737,0.25090092420578,0.2833189964294433,326.47607421875,562.2584228515625,850.8417358398438,2900,0.3834482729434967,0.2086206823587417,0.6591726541519165,0.1263982057571411
cross,nnconv,IEEE24,IEEE118,300,True,pu_zscore,0.1426704376935959,ckpt_norm/cross_nnconv/cc_nnconv_IEEE24_s300.pt,100,2.841529130935669,6384.8662109375,5400,0.1619266122579574,442.9860229492188,6400,0.1933562308549881,0.0279348082840442,11700,0.4271961152553558,144.6575469970703,7362.49560546875,7560.93359375,7585.46435546875,985.6278686523438,1450.7064208984375,2978.68017578125,0.10077565908432,0.177100583910942,0.2623816132545471,223.02096557617188,252.37722778320312,293.3531188964844,6400,0.1404687464237213,0.0478124991059303,0.9988876581192015,0.0554444640874862
cross,nnconv,IEEE24,UK,300,True,pu_zscore,0.1577715426683426,ckpt_norm/cross_nnconv/cc_nnconv_IEEE24_s300.pt,100,0.50492262840271,14487.01171875,2400,0.3098399043083191,1899.1005859375,500,4.827568531036377,0.1402341574430465,2800,2.323765516281128,261.6018371582031,29964.111328125,32747.150390625,32873.80078125,9225.537109375,11279.02734375,14697.966796875,0.2993308901786804,0.3172852396965027,0.3600040078163147,929.786376953125,1063.0401611328125,1274.239501953125,500,0.0,0.6380000114440918,,0.6380000114440918
cross,nnconv,IEEE39,IEEE24,0,True,pu_zscore,0.1527118235826492,ckpt_norm/cross_nnconv/cc_nnconv_IEEE39_s0.pt,100,0.7010040879249573,798.2697143554688,1100,0.2685252726078033,136.5402069091797,1300,0.2034737914800644,0.0240932907909154,2300,0.3450009822845459,25.159578323364254,1312.969970703125,1402.1927490234375,1405.6376953125,333.5923156738281,378.165283203125,448.7041320800781,0.0489344522356987,0.092836394906044,0.1384912133216858,52.08312225341797,66.36128997802734,85.60853576660156,1300,0.0399999991059303,0.1261538416147232,0.5961538553237915,0.1145833358168602
cross,nnconv,IEEE39,IEEE39,0,False,pu_zscore,0.0159163959324359,ckpt_norm/cross_nnconv/cc_nnconv_IEEE39_s0.pt,100,0.074254997074604,33.701961517333984,1000,0.0412602350115776,41.58479690551758,2900,0.0606910288333892,0.0099971694871783,3800,0.0643297359347343,3.9879424571990967,54.29695510864258,399.6750183105469,489.7828369140625,164.3268585205078,295.0271301269531,622.748779296875,0.037333209067583,0.0625162571668624,0.1091430783271789,13.743420600891112,21.82920455932617,30.11544418334961,2900,0.3834482729434967,0.3844827711582184,0.0548561140894889,0.0357941836118698
cross,nnconv,IEEE39,IEEE118,0,True,pu_zscore,0.105460450053215,ckpt_norm/cross_nnconv/cc_nnconv_IEEE39_s0.pt,100,2.135622262954712,4782.521484375,5400,0.1159963235259056,235.4676818847656,6400,0.2846720814704895,0.0578859932720661,11700,0.2906481027603149,94.43877410888672,5766.1630859375,5964.9296875,5989.47705078125,860.3120727539062,1567.6990966796875,3333.832275390625,0.1052823141217231,0.1501213163137436,0.1979004144668579,171.4157257080078,194.38021850585935,239.0008544921875,6400,0.1404687464237213,0.1001562476158142,0.8843159079551697,0.0976186171174049
cross,nnconv,IEEE39,UK,0,True,pu_zscore,0.1270906776189804,ckpt_norm/cross_nnconv/cc_nnconv_IEEE39_s0.pt,100,0.5358142256736755,15613.787109375,2400,0.126984491944313,891.5473022460938,500,54.365699768066406,1.4986335039138794,2800,1.847433924674988,234.5653533935547,31163.900390625,33931.67578125,34055.30078125,2303.5244140625,6215.3095703125,10197.9931640625,3.9592442512512207,5.406929969787598,5.941014289855957,603.7189331054688,813.4432373046875,1083.8077392578125,500,0.0,0.9020000100135804,,0.9020000100135804
cross,nnconv,IEEE39,IEEE24,100,True,pu_zscore,0.1523208618164062,ckpt_norm/cross_nnconv/cc_nnconv_IEEE39_s100.pt,100,0.6968066096305847,781.4689331054688,1100,0.2698434889316559,141.8140411376953,1300,0.3575356900691986,0.0438149385154247,2300,0.3494865894317627,25.463003158569336,1319.820556640625,1406.2586669921875,1414.922119140625,315.1307067871094,412.6102600097656,485.4685974121094,0.0933059379458427,0.1094019263982772,0.1752213239669799,53.32308197021485,62.030704498291016,79.37298583984375,1300,0.0399999991059303,0.1523076891899109,0.6538461446762085,0.144230768084526
cross,nnconv,IEEE39,IEEE39,100,False,pu_zscore,0.0159091632813215,ckpt_norm/cross_nnconv/cc_nnconv_IEEE39_s100.pt,100,0.1000163182616233,82.96080780029297,1000,0.0396009720861911,40.24587631225586,2900,0.061216801404953,0.0094911893829703,3800,0.0641735792160034,3.831499338150024,127.30824279785156,298.5382995605469,388.6461181640625,158.80641174316406,290.250732421875,528.5230712890625,0.0389836616814136,0.0641181319952011,0.1114501357078552,14.028176307678224,22.679807662963867,30.33722305297852,2900,0.3834482729434967,0.3768965601921081,0.0620503611862659,0.0279642064124345
cross,nnconv,IEEE39,IEEE118,100,True,pu_zscore,0.104642167687416,ckpt_norm/cross_nnconv/cc_nnconv_IEEE39_s100.pt,100,2.1171395778656006,4740.7333984375,5400,0.1175258383154869,237.9571075439453,6400,0.3153384923934936,0.0641364604234695,11700,0.251463919878006,77.02693176269531,5721.591796875,5920.04541015625,5944.576171875,863.6845703125,1591.085205078125,3387.173095703125,0.1022106632590293,0.1527169793844223,0.2125672101974487,161.33392333984375,187.6810607910156,235.0352783203125,6400,0.1404687464237213,0.3314062356948852,0.7986651659011841,0.3526631593704223
cross,nnconv,IEEE39,UK,100,True,pu_zscore,0.1287965178489685,ckpt_norm/cross_nnconv/cc_nnconv_IEEE39_s100.pt,100,0.527307391166687,15300.9453125,2400,0.1494920402765274,1076.9051513671875,500,12.898826599121094,0.3644258379936218,2800,2.432762622833252,280.2506103515625,30777.029296875,33549.0390625,33669.47265625,2983.770751953125,6685.3154296875,10834.3837890625,1.0315369367599487,1.2204684019088743,1.3138630390167236,891.7269287109375,1150.5789794921875,1276.952392578125,500,0.0,0.8980000019073486,,0.8980000019073486
cross,nnconv,IEEE39,IEEE24,300,True,pu_zscore,0.1440130919218063,ckpt_norm/cross_nnconv/cc_nnconv_IEEE39_s300.pt,100,0.6617441177368164,740.4127197265625,1100,0.252652108669281,130.39645385742188,1300,0.2267813831567764,0.0263369213789701,2300,0.3241128027439117,24.561166763305664,1266.75146484375,1356.289306640625,1363.4425048828125,299.2854919433594,358.7002868652344,430.6669006347656,0.057683028280735,0.0935253277420997,0.1516108512878418,46.465728759765625,51.20948791503906,80.28805541992188,1300,0.0399999991059303,0.0553846135735511,0.6153846383094788,0.0416666679084301
cross,nnconv,IEEE39,IEEE39,300,False,pu_zscore,0.0153234861791133,ckpt_norm/cross_nnconv/cc_nnconv_IEEE39_s300.pt,100,0.1028283163905143,90.08606719970705,1000,0.0376234613358974,37.0804557800293,2900,0.0588298812508583,0.0092764049768447,3800,0.0626604929566383,3.764028549194336,130.03219604492188,270.3328552246094,360.440673828125,153.62814331054688,274.3890075683594,543.0838623046875,0.0374446921050548,0.0607767477631568,0.1131753325462341,13.807428359985352,22.33415031433105,27.23038482666016,2900,0.3834482729434967,0.3820689618587494,0.0593525171279907,0.0346756167709827
cross,nnconv,IEEE39,IEEE118,300,True,pu_zscore,0.1024843677878379,ckpt_norm/cross_nnconv/cc_nnconv_IEEE39_s300.pt,100,2.029818534851074,4542.37255859375,5400,0.1207779347896575,256.4862976074219,6400,0.2250006198883056,0.0432005152106285,11700,0.2594006657600403,83.40794372558594,5519.2958984375,5717.4033203125,5741.91748046875,882.1298828125,1608.5838623046875,3372.268310546875,0.0846762657165527,0.1400019377470016,0.2019886374473571,154.7502899169922,180.68478393554688,236.1173095703125,6400,0.1404687464237213,0.0317187495529651,0.9955506324768066,0.0361752398312091
cross,nnconv,IEEE39,UK,300,True,pu_zscore,0.1281470507383346,ckpt_norm/cross_nnconv/cc_nnconv_IEEE39_s300.pt,100,0.5223631262779236,15230.1279296875,2400,0.1525622308254242,1105.1732177734375,500,17.60410499572754,0.4673717021942138,2800,2.2057645320892334,262.47821044921875,30346.123046875,33054.50390625,33177.78515625,3042.69580078125,6341.08056640625,11217.82421875,1.3749288320541382,1.7732795476913452,2.1314127445220947,771.5098876953125,985.6648559570312,1131.7296142578125,500,0.0,0.9459999799728394,,0.9459999799728394
cross,nnconv,UK,IEEE24,0,True,pu_zscore,2.4741673469543457,ckpt_norm/cross_nnconv/cc_nnconv_UK_s0.pt,100,8.881813049316406,10860.794921875,1100,6.180187225341797,3096.006103515625,1300,0.4087908864021301,0.0471634306013584,2300,2.1712772846221924,116.58976745605467,11810.4306640625,14589.21484375,14615.484375,8978.0791015625,9065.41015625,9662.84375,0.1124843209981918,0.1208182871341705,0.1897183060646057,375.32611083984375,456.9143676757813,645.7066650390625,1300,0.0399999991059303,0.4600000083446502,0.1538461595773697,0.4439102709293365
cross,nnconv,UK,IEEE39,0,True,pu_zscore,7.286026477813721,ckpt_norm/cross_nnconv/cc_nnconv_UK_s0.pt,100,100.40771484375,95190.1328125,1000,10.121232986450195,6438.36181640625,2900,0.2467900812625885,0.051522884517908,3800,1.7448962926864624,91.8456039428711,95466.1796875,126666.0703125,126756.171875,54747.3046875,55142.26171875,75059.2421875,0.1337113231420517,0.1663753092288971,0.1883281469345092,250.7286071777344,782.9966430664062,1050.3284912109375,2900,0.3834482729434967,0.1120689660310745,0.8210431933403015,0.0704697966575622
cross,nnconv,UK,IEEE118,0,True,pu_zscore,0.1489205211400985,ckpt_norm/cross_nnconv/cc_nnconv_UK_s0.pt,100,0.5376670956611633,1049.439208984375,5400,0.3186847269535064,694.8547973632812,6400,0.1414429098367691,0.0238808486610651,11700,0.3690999746322632,124.92479705810548,2053.59716796875,2252.701416015625,2277.268310546875,2383.77197265625,3949.595947265625,7348.73486328125,0.0570530891418457,0.107794664800167,0.160879909992218,209.4584503173828,242.2198638916016,416.9393310546875,6400,0.1404687464237213,0.015625,0.9988876581192015,0.0179967284202575
cross,nnconv,UK,UK,0,False,pu_zscore,0.0054312422871589,ckpt_norm/cross_nnconv/cc_nnconv_UK_s0.pt,100,0.0196193140000104,311.4716796875,2400,0.0091573884710669,47.58171844482422,500,0.0411390475928783,0.0005092766368761,2800,0.0139317866414785,1.3225852251052856,885.2598266601562,2778.515869140625,4412.80859375,169.2456512451172,483.9412231445313,1625.653076171875,0.0014164624735713,0.0057155494578182,0.0215985774993896,5.417724132537842,8.765284538269043,13.240081787109377,500,0.0,0.0,,0.0
cross,nnconv,UK,IEEE24,100,True,pu_zscore,7.635084629058838,ckpt_norm/cross_nnconv/cc_nnconv_UK_s100.pt,100,10.322534561157228,12303.4609375,1100,24.49749565124512,12573.9306640625,1300,0.3681104779243469,0.0433661751449108,2300,1.7006678581237793,110.7407455444336,13853.2763671875,22575.6953125,23079.427734375,26105.01171875,26615.3046875,31201.646484375,0.0913108363747596,0.0989653393626213,0.1574900150299072,253.5161895751953,303.46270751953125,465.2561950683594,1300,0.0399999991059303,0.449999988079071,0.4038461446762085,0.4439102709293365
cross,nnconv,UK,IEEE39,100,True,pu_zscore,13.48256492614746,ckpt_norm/cross_nnconv/cc_nnconv_UK_s100.pt,100,212.57345581054688,201936.15625,1000,5.978576183319092,6526.2099609375,2900,0.2370679825544357,0.0495030991733074,3800,0.994497776031494,62.99128723144531,202549.25,237334.140625,237410.6875,29356.19140625,29874.109375,42024.01953125,0.129765972495079,0.1649173945188522,0.1902612447738647,190.81375122070312,361.84423828125,477.076416015625,2900,0.3834482729434967,0.074482761323452,0.8228417038917542,0.0106263980269432
cross,nnconv,UK,IEEE118,100,True,pu_zscore,0.294368177652359,ckpt_norm/cross_nnconv/cc_nnconv_UK_s100.pt,100,4.576241493225098,10306.8642578125,5400,0.4913414716720581,800.6649780273438,6400,0.1541197001934051,0.0267253071069717,11700,0.3064671754837036,101.04998016357422,11336.70703125,11504.9736328125,12113.619140625,2748.21484375,9572.3408203125,9572.3408203125,0.0647109150886535,0.1085122302174568,0.1598544120788574,184.41458129882807,217.7274475097656,249.97100830078125,6400,0.1404687464237213,0.0001562499965075,1.0,0.0001817851298255
cross,nnconv,UK,UK,100,False,pu_zscore,0.0061161085031926,ckpt_norm/cross_nnconv/cc_nnconv_UK_s100.pt,100,0.0234636329114437,319.755615234375,2400,0.0090913642197847,49.87134552001953,500,0.0411199741065502,0.0004896949394606,2800,0.0135632948949933,1.4261422157287598,1255.223876953125,3230.40673828125,5451.099609375,184.5970916748047,433.7600708007813,1607.3341064453125,0.0019888156093657,0.0063879005610942,0.0210208892822265,4.681155681610107,8.19750690460205,16.928497314453125,500,0.0,0.0,,0.0
cross,nnconv,UK,IEEE24,300,True,pu_zscore,7.593841075897217,ckpt_norm/cross_nnconv/cc_nnconv_UK_s300.pt,100,20.06967544555664,24606.1015625,1100,22.03021812438965,11642.5126953125,1300,0.3109306395053863,0.0386439748108387,2300,1.872208952903748,116.18727111816406,25299.220703125,29560.6484375,29948.357421875,27258.857421875,27373.69921875,30923.83203125,0.0834942385554313,0.0871826559305191,0.1017426252365112,282.079345703125,351.13043212890625,536.5921020507812,1300,0.0399999991059303,0.0669230744242668,0.6346153616905212,0.0544871799647808
cross,nnconv,UK,IEEE39,300,True,pu_zscore,6.752297878265381,ckpt_norm/cross_nnconv/cc_nnconv_UK_s300.pt,100,104.37715911865234,99010.359375,1000,4.675336837768555,5746.65380859375,2900,0.2208196818828582,0.046620387583971,3800,2.822619199752808,149.35118103027344,99619.9296875,128081.328125,128132.4296875,16224.796875,18737.24609375,25560.861328125,0.1151107177138328,0.1528624296188354,0.1904401183128357,666.4829711914062,813.3560180664062,1450.01025390625,2900,0.3834482729434967,0.1017241403460502,0.7410072088241577,0.0039149885997176
cross,nnconv,UK,IEEE118,300,True,pu_zscore,0.5621945261955261,ckpt_norm/cross_nnconv/cc_nnconv_UK_s300.pt,100,4.527840614318848,10197.32421875,5400,1.1635875701904297,1795.4312744140625,6400,0.1707077920436859,0.029286690056324,11700,0.4174124896526336,130.89683532714844,11185.5908203125,11382.0732421875,11406.5068359375,7369.77880859375,22691.982421875,22691.982421875,0.0782750770449638,0.1123100519180297,0.1642616987228393,209.318603515625,264.5848693847656,1670.786865234375,6400,0.1404687464237213,0.0318749994039535,0.8876529335975647,0.0187238678336143
cross,nnconv,UK,UK,300,False,pu_zscore,0.0060043996199965,ckpt_norm/cross_nnconv/cc_nnconv_UK_s300.pt,100,0.0226209871470928,277.642333984375,2400,0.0093181906268,50.09908676147461,500,0.0425693094730377,0.0005066640442237,2800,0.0148054724559187,1.4759548902511597,1069.0487060546875,3364.168701171875,5134.0546875,186.5465545654297,466.2420959472656,1566.172607421875,0.0020183760207146,0.0069943568669259,0.0216640830039978,5.436961174011231,9.498754501342772,16.788223266601562,500,0.0,0.0,,0.0
cross,gat,IEEE118,IEEE24,0,True,pu_zscore,0.6078773140907288,ckpt_norm/cross_gat/cc_gat_IEEE118_s0.pt,100,3.022195339202881,3703.45068359375,1100,0.6308836340904236,281.4205627441406,1300,0.5564841628074646,0.0571529753506183,2300,2.912433862686157,196.7553253173828,4082.165771484375,4138.31298828125,4148.04052734375,909.9446411132812,1065.81396484375,1162.4822998046875,0.181930661201477,0.1939445286989212,0.3805190324783325,412.6583251953125,474.5824890136719,607.7968139648438,1300,0.0399999991059303,0.4915384650230407,0.0,0.4703525602817535
cross,gat,IEEE118,IEEE39,0,True,pu_zscore,0.3389566540718078,ckpt_norm/cross_gat/cc_gat_IEEE118_s0.pt,100,4.07364559173584,3867.1552734375,1000,0.2969814836978912,452.9607543945313,2900,0.455748438835144,0.0971390604972839,3800,5.1321120262146,407.0691223144531,4153.69140625,4190.64453125,4280.75244140625,974.4625244140624,1128.02978515625,1189.1024169921875,0.2542036473751068,0.2897901535034179,0.3405488729476928,869.2388305664062,921.7582397460938,960.9788818359376,2900,0.3834482729434967,0.8506896495819092,0.0188848916441202,0.7695749402046204
cross,gat,IEEE118,IEEE118,0,False,pu_zscore,0.0042938450351357,ckpt_norm/cross_gat/cc_gat_IEEE118_s0.pt,100,0.0432017669081687,80.93099975585938,5400,0.0072300508618354,6.157054901123047,6400,0.0143312010914087,0.0010271808132529,11700,0.0292462930083274,2.68787693977356,194.9533233642578,268.9372863769531,359.000732421875,23.1179141998291,81.68035888671875,581.792724609375,0.0030331304296851,0.0135818403214216,0.0871492624282836,10.88792610168457,27.449064254760746,347.18780517578125,6400,0.1404687464237213,0.1379687488079071,0.0456062294542789,0.0045446283183991
cross,gat,IEEE118,UK,0,True,pu_zscore,0.2180253267288208,ckpt_norm/cross_gat/cc_gat_IEEE118_s0.pt,100,0.5324885249137878,15491.318359375,2400,0.4312634468078613,3443.3583984375,500,8.326764106750488,0.2573656439781189,2800,17.721006393432617,1934.5396728515625,30837.759765625,33803.02734375,33917.1484375,10529.1015625,12903.986328125,21383.78125,0.5025308728218079,0.6026704907417297,0.6380465626716614,6540.919921875,8619.1279296875,8865.2265625,500,0.0,0.9100000262260436,,0.9100000262260436
cross,gat,IEEE118,IEEE24,100,True,pu_zscore,0.3439731299877167,ckpt_norm/cross_gat/cc_gat_IEEE118_s100.pt,100,1.0217159986495972,1197.1845703125,1100,0.6241934299468994,299.3427429199219,1300,0.8748802542686462,0.0849480479955673,2300,3.7020320892333984,278.242919921875,1768.671875,1919.245849609375,2015.46826171875,653.8641967773438,858.2479248046875,942.7779541015624,0.3471987247467041,0.3591684997081756,0.554145336151123,568.5205688476562,653.5731811523438,694.195068359375,1300,0.0399999991059303,0.3861538469791412,0.4807692170143127,0.3806089758872986
cross,gat,IEEE118,IEEE39,100,True,pu_zscore,0.5510262846946716,ckpt_norm/cross_gat/cc_gat_IEEE118_s100.pt,100,7.753774166107178,7368.94140625,1000,0.4448865354061126,722.1769409179688,2900,0.4560577869415283,0.0918160378932952,3800,5.372351169586182,433.9970703125,7600.90087890625,7647.76611328125,7647.99951171875,1351.2080078125,1542.909912109375,1904.108154296875,0.2321945279836654,0.2601337134838104,0.3067447543144226,918.4960327148438,1012.5850219726562,1107.5845947265625,2900,0.3834482729434967,0.5517241358757019,0.2670863270759582,0.4390380382537842
cross,gat,IEEE118,IEEE118,100,False,pu_zscore,0.0037551359273493,ckpt_norm/cross_gat/cc_gat_IEEE118_s100.pt,100,0.0338118970394134,49.435455322265625,5400,0.0061578429304063,6.012851238250732,6400,0.0136896995827555,0.0009446840849705,11700,0.028853103518486,2.5589354038238525,171.68833923339844,240.7508087158203,313.22900390625,21.77504539489746,86.06507873535156,444.299072265625,0.0032045796979218,0.0133272102102637,0.0756511092185974,10.313709259033203,25.07740974426269,345.682373046875,6400,0.1404687464237213,0.1382812559604644,0.0411568395793437,0.0041810581460595
cross,gat,IEEE118,UK,100,True,pu_zscore,0.3030798733234405,ckpt_norm/cross_gat/cc_gat_IEEE118_s100.pt,100,0.6157594919204712,18803.021484375,2400,0.4183671474456787,3686.39794921875,500,24.530933380126957,0.7422935366630554,2800,40.24026870727539,5089.39990234375,33453.27734375,35769.62109375,35871.34375,9368.623046875,11792.90234375,13198.66796875,1.8203368186950684,1.8563706874847408,1.860478401184082,12744.01953125,14992.8154296875,16267.1220703125,500,0.0,0.9660000205039978,,0.9660000205039978
cross,gat,IEEE118,IEEE24,1000,True,pu_zscore,0.4817972183227539,ckpt_norm/cross_gat/cc_gat_IEEE118_s1000.pt,100,1.9742002487182615,2399.872802734375,1100,0.8275619745254517,297.6600646972656,1300,0.8993417620658875,0.076367549598217,2300,3.383395195007324,241.5091552734375,2924.9501953125,3001.268310546875,3012.031005859375,1248.442138671875,1292.194580078125,1682.76220703125,0.3748497068881988,0.4177400767803192,0.4467664957046509,506.8564758300781,543.867431640625,596.4780883789062,1300,0.0399999991059303,0.2576923072338104,0.6730769276618958,0.2548076808452606
cross,gat,IEEE118,IEEE39,1000,True,pu_zscore,0.3594755828380584,ckpt_norm/cross_gat/cc_gat_IEEE118_s1000.pt,100,4.604228496551514,4369.27490234375,1000,0.2888171672821045,426.8635864257813,2900,0.4315167665481567,0.0946766436100006,3800,4.921184539794922,403.6427001953125,4622.17529296875,4670.58837890625,4670.8310546875,1042.994384765625,1214.42724609375,1289.44970703125,0.2028522044420242,0.228924423456192,0.3615363240242004,882.3878173828125,929.2361450195312,1000.2057495117188,2900,0.3834482729434967,0.591724157333374,0.5008992552757263,0.649328887462616
cross,gat,IEEE118,IEEE118,1000,False,pu_zscore,0.0041435984894633,ckpt_norm/cross_gat/cc_gat_IEEE118_s1000.pt,100,0.0376689322292804,42.962890625,5400,0.0071016708388924,7.524768352508545,6400,0.0142805278301239,0.0009190760320052,11700,0.0288724731653928,2.5514323711395264,239.62501525878903,298.9956970214844,448.63134765625,25.678606033325195,82.97039794921875,459.19677734375,0.0027383621782064,0.0123143047094345,0.0999643206596374,10.030843734741213,24.4803524017334,348.2286376953125,6400,0.1404687464237213,0.1354687511920929,0.0500556156039238,0.0023632065858691
cross,gat,IEEE118,UK,1000,True,pu_zscore,0.2440478056669235,ckpt_norm/cross_gat/cc_gat_IEEE118_s1000.pt,100,0.6300219297409058,18871.57421875,2400,0.3144983351230621,2382.800048828125,500,13.259669303894045,0.3916196823120117,2800,29.590309143066406,3762.49365234375,36369.0078125,39919.90234375,40057.62109375,7017.607421875,13268.0595703125,15963.560546875,0.8215740919113159,1.3739614486694336,1.4389166831970217,8962.6044921875,9864.302734375,10725.9130859375,500,0.0,0.9539999961853028,,0.9539999961853028
cross,gat,IEEE118,IEEE24,300,True,pu_zscore,0.3659740388393402,ckpt_norm/cross_gat/cc_gat_IEEE118_s300.pt,100,1.9297972917556765,2337.0048828125,1100,0.201195016503334,90.49633026123048,1300,0.9783352613449096,0.113497294485569,2300,1.36316180229187,101.9224624633789,2939.43408203125,3020.186767578125,3028.51806640625,246.6864471435547,389.2612915039063,758.0473022460938,0.2945587933063507,0.3164002597332001,0.3372905850410461,183.0545959472656,213.3546142578125,252.33506774902344,1300,0.0399999991059303,0.5861538648605347,0.7307692170143127,0.5993589758872986
cross,gat,IEEE118,IEEE39,300,True,pu_zscore,0.3168882429599762,ckpt_norm/cross_gat/cc_gat_IEEE118_s300.pt,100,4.676769733428955,4441.318359375,1000,0.1992294937372207,245.74465942382807,2900,1.025231122970581,0.2342275083065033,3800,2.554926633834839,200.93980407714844,4712.09423828125,4732.78955078125,4802.31591796875,813.453857421875,1038.103515625,1233.0318603515625,0.4398381412029266,0.4908064603805542,0.5416713356971741,404.3237915039063,469.8887634277344,571.385498046875,2900,0.3834482729434967,0.771379292011261,0.3318345248699188,0.8355704545974731
cross,gat,IEEE118,IEEE118,300,False,pu_zscore,0.0043032513931393,ckpt_norm/cross_gat/cc_gat_IEEE118_s300.pt,100,0.0463545769453048,91.8078155517578,5400,0.0070719881914556,7.622526168823242,6400,0.0139571465551853,0.0010460411431267,11700,0.029438754543662,2.6829638481140137,140.3112030029297,223.28872680664065,414.8818359375,28.96498680114746,125.03497314453124,391.02294921875,0.0032768878154456,0.0133624905720353,0.07542484998703,10.308815956115724,26.32297134399414,347.4867553710937,6400,0.1404687464237213,0.139687493443489,0.0333704128861427,0.0045446283183991
cross,gat,IEEE118,UK,300,True,pu_zscore,0.2089972347021103,ckpt_norm/cross_gat/cc_gat_IEEE118_s300.pt,100,0.5255335569381714,15076.107421875,2400,0.3030151426792145,1959.7662353515625,500,47.16975784301758,1.484569787979126,2800,24.22085952758789,2820.974365234375,31184.591796875,34081.33203125,34208.69140625,7775.02099609375,13989.0771484375,16440.861328125,2.5659804344177246,2.629807710647583,3.517445802688598,8325.05078125,9187.7099609375,10081.189453125,500,0.0,0.9020000100135804,,0.9020000100135804
cross,gat,IEEE118,IEEE24,700,True,pu_zscore,0.8234776854515076,ckpt_norm/cross_gat/cc_gat_IEEE118_s700.pt,100,4.26024866104126,5207.4423828125,1100,0.8601593375205994,348.016357421875,1300,1.7007551193237305,0.1700722128152847,2300,1.4764158725738523,97.25460815429688,5947.03466796875,6370.10693359375,6475.8876953125,1302.0653076171875,1429.3765869140625,1695.1807861328125,0.5252597332000732,0.5943953394889832,0.6169421076774597,249.19737243652344,283.9002685546875,356.5351257324219,1300,0.0399999991059303,0.6384615302085876,0.4615384638309479,0.6426281929016113
cross,gat,IEEE118,IEEE39,700,True,pu_zscore,0.4807372391223907,ckpt_norm/cross_gat/cc_gat_IEEE118_s700.pt,100,7.411487579345703,7043.0048828125,1000,0.2536606192588806,340.3194274902344,2900,1.0356824398040771,0.2198807895183563,3800,2.2543795108795166,183.66319274902344,7293.71728515625,7349.05859375,7349.34326171875,841.0673217773438,1151.836669921875,1428.11279296875,0.4892494678497314,0.545372724533081,0.6140075325965881,351.2108459472656,405.5135192871094,456.5845947265625,2900,0.3834482729434967,0.7724137902259827,0.2491007149219513,0.785794198513031
cross,gat,IEEE118,IEEE118,700,False,pu_zscore,0.0043937345035374,ckpt_norm/cross_gat/cc_gat_IEEE118_s700.pt,100,0.0355767980217933,48.59246063232422,5400,0.007871177047491,10.619888305664062,6400,0.0144662596285343,0.0011973698856309,11700,0.0289453361183404,2.864882230758667,190.5309600830078,305.8036804199219,406.494140625,30.862211227416992,100.60735321044922,507.35260009765625,0.0035305051133036,0.0139879286289215,0.0761197805404663,11.108007431030272,25.28892707824707,345.6606140136719,6400,0.1404687464237213,0.1334374994039535,0.0634037852287292,0.0021814214996993
cross,gat,IEEE118,UK,700,True,pu_zscore,0.4901636242866516,ckpt_norm/cross_gat/cc_gat_IEEE118_s700.pt,100,0.511671245098114,14325.212890625,2400,1.2687424421310425,10425.72265625,500,33.65388488769531,0.6004589796066284,2800,25.89569664001465,2822.98388671875,29066.27734375,31429.470703125,31537.982421875,30982.861328125,38155.8828125,40942.8046875,3.7367796897888175,4.590166568756104,6.305866241455078,9771.88671875,12806.06640625,15463.2099609375,500,0.0,0.977999985218048,,0.977999985218048
cross,gat,IEEE24,IEEE24,0,False,pu_zscore,0.0102444244548678,ckpt_norm/cross_gat/cc_gat_IEEE24_s0.pt,100,0.0380697436630725,32.383277893066406,1100,0.0241317469626665,7.750697612762451,1300,0.0245788488537073,0.0019987248815596,2300,0.0323703847825527,1.5911036729812622,106.1785125732422,135.48220825195312,194.11441040039065,26.33757209777832,60.04322052001953,156.5918731689453,0.0061874240636825,0.0143504627048969,0.0490508079528808,5.9905877113342285,11.754231452941896,18.989917755126957,1300,0.0399999991059303,0.0315384604036808,0.4423076808452606,0.0096153849735856
cross,gat,IEEE24,IEEE39,0,True,pu_zscore,0.1052814871072769,ckpt_norm/cross_gat/cc_gat_IEEE24_s0.pt,100,1.1912038326263428,1115.8155517578125,1000,0.1880936920642852,232.96017456054688,2900,0.2884276211261749,0.0573945082724094,3800,0.7583853602409363,65.57447052001953,1350.7242431640625,1402.907470703125,1403.169189453125,773.678955078125,1061.7891845703125,1250.43359375,0.1619682908058166,0.1940807402133941,0.2154306173324585,110.08145141601562,130.18389892578125,155.28561401367188,2900,0.3834482729434967,0.0737931057810783,0.9046762585639954,0.0604026839137077
cross,gat,IEEE24,IEEE118,0,True,pu_zscore,0.1141228228807449,ckpt_norm/cross_gat/cc_gat_IEEE24_s0.pt,100,2.5405046939849854,5702.62255859375,5400,0.0754804015159607,128.66331481933594,6400,0.1284574121236801,0.0208399873226881,11700,0.3570629358291626,121.97693634033205,6677.1806640625,6874.86767578125,6899.3525390625,538.4219360351562,1141.185302734375,2612.39306640625,0.0639216601848602,0.0963529571890831,0.1518576741218567,184.9371490478516,202.72299194335935,246.2007598876953,6400,0.1404687464237213,0.0498437508940696,0.7997775077819824,0.0252681337296962
cross,gat,IEEE24,UK,0,True,pu_zscore,0.1298002302646637,ckpt_norm/cross_gat/cc_gat_IEEE24_s0.pt,100,0.5220733880996704,15173.2412109375,2400,0.1398759186267852,1100.3909912109375,500,3.300710916519165,0.0777309611439704,2800,5.8312506675720215,716.8487548828125,30425.9609375,33033.09375,33144.5234375,3188.338134765625,4815.09521484375,10105.6123046875,0.3304507136344909,0.3726009130477905,0.3981082439422607,1822.7872314453125,2174.603515625,2573.67578125,500,0.0,0.4740000069141388,,0.4740000069141388
cross,gat,IEEE24,IEEE24,100,False,pu_zscore,0.0095543172210454,ckpt_norm/cross_gat/cc_gat_IEEE24_s100.pt,100,0.0313037671148777,23.501543045043945,1100,0.024545382708311,8.02941608428955,1300,0.0254549216479063,0.001833789399825,2300,0.0327808298170566,1.6495054960250854,80.2620620727539,118.4862823486328,180.9022521972656,24.685914993286133,68.09870147705078,157.05247497558594,0.0067622317001223,0.016002383083105,0.0527209639549255,6.060263156890869,11.725457191467283,19.057445526123047,1300,0.0399999991059303,0.0246153846383094,0.4807692170143127,0.0040064104832708
cross,gat,IEEE24,IEEE39,100,True,pu_zscore,0.1341892182826995,ckpt_norm/cross_gat/cc_gat_IEEE24_s100.pt,100,1.4947618246078491,1406.1834716796875,1000,0.2456088364124298,272.57098388671875,2900,0.2496348023414611,0.0477764010429382,3800,0.9302198886871338,76.89801788330078,1651.2774658203125,1705.631591796875,1705.9072265625,1187.2841796875,1476.988525390625,1670.3636474609375,0.1499561369419098,0.1872235983610153,0.2145938873291015,131.86224365234375,142.02252197265625,161.17117309570312,2900,0.3834482729434967,0.1210344806313514,0.8291366696357727,0.0900447443127632
cross,gat,IEEE24,IEEE118,100,True,pu_zscore,0.1132280156016349,ckpt_norm/cross_gat/cc_gat_IEEE24_s100.pt,100,2.516957998275757,5649.13623046875,5400,0.0726812481880188,158.05140686035156,6400,0.1471206098794937,0.0256145950406789,11700,0.3804154694080353,129.97169494628906,6624.95361328125,6822.81689453125,6847.318359375,475.8551635742188,873.0999145507812,2222.669921875,0.0657187700271606,0.0940437689423561,0.1575343012809753,199.1916656494141,217.4084930419922,252.7181396484375,6400,0.1404687464237213,0.0649999976158142,0.8520578145980835,0.0514451935887336
cross,gat,IEEE24,UK,100,True,pu_zscore,0.1630603969097137,ckpt_norm/cross_gat/cc_gat_IEEE24_s100.pt,100,0.5608546137809753,16784.873046875,2400,0.2812111377716064,2350.1826171875,500,11.934682846069336,0.3437329232692718,2800,6.004350662231445,724.0397338867188,31579.396484375,34244.515625,34361.78125,6526.52294921875,7937.66748046875,9012.8525390625,0.7294411063194275,0.7352871298789978,0.7368392944335938,1977.9151611328125,2292.42333984375,2614.4580078125,500,0.0,0.9179999828338624,,0.9179999828338624
cross,gat,IEEE24,IEEE24,1000,False,pu_zscore,0.009417082183063,ckpt_norm/cross_gat/cc_gat_IEEE24_s1000.pt,100,0.0308037567883729,20.671554565429688,1100,0.0242262147367,7.456530570983887,1300,0.0247213095426559,0.0019247796153649,2300,0.0321139730513095,1.5030914545059204,88.2621078491211,117.89039611816406,187.75238037109372,28.773406982421875,60.47404098510742,157.100341796875,0.0057226498611271,0.0149635635316371,0.0575463771820068,5.937199115753174,11.925756454467772,19.117176055908203,1300,0.0399999991059303,0.0284615382552146,0.4423076808452606,0.0064102564938366
cross,gat,IEEE24,IEEE39,1000,True,pu_zscore,0.1017571464180946,ckpt_norm/cross_gat/cc_gat_IEEE24_s1000.pt,100,1.159932017326355,1086.5606689453125,1000,0.1742206364870071,198.4413146972656,2900,0.3037849962711334,0.058001235127449,3800,0.854553759098053,72.92549896240234,1316.59765625,1366.2425537109375,1366.4931640625,702.5460815429688,929.0930786132812,1090.12646484375,0.1672139018774032,0.2006003409624099,0.2283950448036193,127.1678237915039,143.5557403564453,168.07272338867188,2900,0.3834482729434967,0.0727586224675178,0.9055755138397216,0.0592841170728206
cross,gat,IEEE24,IEEE118,1000,True,pu_zscore,0.1209986060857772,ckpt_norm/cross_gat/cc_gat_IEEE24_s1000.pt,100,2.719787120819092,6110.3525390625,5400,0.068568967282772,152.11366271972656,6400,0.129781499505043,0.0219280458986759,11700,0.4047420620918274,134.46807861328125,7067.6767578125,7263.25244140625,7287.63720703125,379.4747314453125,927.9405517578124,2300.377197265625,0.0670853853225708,0.0816716030240058,0.1435632109642028,214.50247192382807,238.2056579589844,272.5932312011719,6400,0.1404687464237213,0.1123437508940696,0.6162402629852295,0.067987635731697
cross,gat,IEEE24,UK,1000,True,pu_zscore,0.1206396222114563,ckpt_norm/cross_gat/cc_gat_IEEE24_s1000.pt,100,0.4510820508003235,12084.740234375,2400,0.1649739742279052,1283.88671875,500,7.997202396392822,0.2595736384391784,2800,6.066432952880859,762.8635864257812,28343.158203125,31376.640625,31522.62109375,3923.18798828125,5660.5791015625,8580.0615234375,0.4426727294921875,0.4462669789791107,0.4738252758979797,1849.8538818359373,2575.754150390625,3157.504150390625,500,0.0,0.9559999704360962,,0.9559999704360962
cross,gat,IEEE24,IEEE24,300,False,pu_zscore,0.009582589380443,ckpt_norm/cross_gat/cc_gat_IEEE24_s300.pt,100,0.0328531749546527,24.421499252319336,1100,0.0239192657172679,7.5705647468566895,1300,0.025374075397849,0.0019506505923345,2300,0.0328097455203533,1.6407257318496704,97.4979248046875,138.09129333496094,159.77792358398438,26.81182289123535,60.28521347045898,161.73655700683594,0.0075861657969653,0.0160108394920825,0.0326582789421081,5.910729885101318,11.812891006469728,19.185714721679688,1300,0.0399999991059303,0.0253846161067485,0.4807692170143127,0.0048076924867928
cross,gat,IEEE24,IEEE39,300,True,pu_zscore,0.1015331968665123,ckpt_norm/cross_gat/cc_gat_IEEE24_s300.pt,100,1.2088115215301514,1130.8251953125,1000,0.164299726486206,217.55406188964844,2900,0.259768933057785,0.0488862767815589,3800,0.8325398564338684,68.51773834228516,1373.476806640625,1427.00732421875,1427.27587890625,594.1563110351562,827.5882568359375,1032.554931640625,0.157942533493042,0.1998529285192489,0.2286630868911743,132.18878173828125,145.70252990722656,169.4271240234375,2900,0.3834482729434967,0.1531034409999847,0.7931654453277588,0.1196867972612381
cross,gat,IEEE24,IEEE118,300,True,pu_zscore,0.1117283329367637,ckpt_norm/cross_gat/cc_gat_IEEE24_s300.pt,100,2.34696888923645,5264.0439453125,5400,0.1034850180149078,254.9899139404297,6400,0.1507324576377868,0.0246644616127014,11700,0.3741170763969421,126.81844329833984,6231.78125,6428.90966796875,6453.3740234375,574.9613037109375,1227.0264892578125,2958.55517578125,0.0677179247140884,0.1127924472093582,0.1641987562179565,196.156494140625,218.43511962890625,256.30206298828125,6400,0.1404687464237213,0.0328124985098838,0.8843159079551697,0.019269224256277
cross,gat,IEEE24,UK,300,True,pu_zscore,0.1603062748908996,ckpt_norm/cross_gat/cc_gat_IEEE24_s300.pt,100,0.5793262124061584,17625.609375,2400,0.2469802796840667,1923.7679443359373,500,3.5998034477233887,0.121273398399353,2800,6.988889694213867,873.6854248046875,31865.2421875,34513.39453125,34630.6015625,5716.77734375,6871.28076171875,7949.07275390625,0.1972396373748779,0.207717627286911,0.2097691893577575,2115.837158203125,2912.242919921875,3455.026611328125,500,0.0,0.871999979019165,,0.871999979019165
cross,gat,IEEE24,IEEE24,700,False,pu_zscore,0.0094758057966828,ckpt_norm/cross_gat/cc_gat_IEEE24_s700.pt,100,0.031004337593913,34.90201568603516,1100,0.0243685394525527,7.705138683319092,1300,0.0246134344488382,0.0018526781350374,2300,0.0324084609746933,1.5573045015335083,50.768653869628906,78.8221206665039,108.3310546875,26.71224975585937,68.65933227539062,150.695068359375,0.0054931994527578,0.0147240469232201,0.0607540607452392,5.979835033416748,11.663375854492188,18.823131561279297,1300,0.0399999991059303,0.0299999993294477,0.4615384638309479,0.0088141029700636
cross,gat,IEEE24,IEEE39,700,True,pu_zscore,0.0831726640462875,ckpt_norm/cross_gat/cc_gat_IEEE24_s700.pt,100,0.8947039246559143,826.3982543945312,1000,0.1375287473201751,182.3946533203125,2900,0.2867866456508636,0.054999005049467,3800,0.9372920989990234,78.701416015625,1068.3896484375,1121.7728271484375,1122.040771484375,490.506103515625,738.4813232421875,927.8563232421876,0.1600371152162552,0.1931321024894714,0.2146944403648376,147.14678955078125,166.05960083007812,190.57058715820312,2900,0.3834482729434967,0.0593103431165218,0.9064748287200928,0.0380313210189342
cross,gat,IEEE24,IEEE118,700,True,pu_zscore,0.1140921339392662,ckpt_norm/cross_gat/cc_gat_IEEE24_s700.pt,100,2.481311559677124,5568.98681640625,5400,0.0866767093539238,170.61122131347656,6400,0.1560608446598053,0.0252695847302675,11700,0.3916691541671753,130.9695281982422,6534.990234375,6731.62109375,6756.06005859375,589.8591918945312,1250.1146240234375,2701.332763671875,0.0729228630661964,0.1242812946438789,0.1755081415176391,208.99888610839844,226.37570190429688,244.24880981445312,6400,0.1404687464237213,0.2218749970197677,0.5839822292327881,0.1901472508907318
cross,gat,IEEE24,UK,700,True,pu_zscore,0.151327982544899,ckpt_norm/cross_gat/cc_gat_IEEE24_s700.pt,100,0.5739256143569946,17449.408203125,2400,0.1735096275806427,1313.62890625,500,4.505988121032715,0.1217543110251426,2800,9.770223617553713,1208.1925048828125,31505.62890625,33476.0625,33576.46875,3968.988037109375,5827.033203125,10665.2861328125,0.3625798225402832,0.3972709774971008,0.428459107875824,2923.4296875,3447.84130859375,4098.55224609375,500,0.0,0.6600000262260437,,0.6600000262260437
cross,gat,IEEE39,IEEE24,0,True,pu_zscore,0.1326588541269302,ckpt_norm/cross_gat/cc_gat_IEEE39_s0.pt,100,0.436665803194046,419.9602355957031,1100,0.3428612649440765,176.41075134277344,1300,0.3011752068996429,0.0365658365190029,2300,0.392360508441925,24.070602416992188,952.7798461914062,1037.375244140625,1042.2537841796875,410.8767395019531,428.3468627929688,617.337890625,0.0778151527047157,0.0892033129930496,0.1294140815734863,76.03176879882812,94.32913970947266,99.6923599243164,1300,0.0399999991059303,0.0038461538497358,1.0,0.0040064104832708
cross,gat,IEEE39,IEEE39,0,False,pu_zscore,0.01559304818511,ckpt_norm/cross_gat/cc_gat_IEEE39_s0.pt,100,0.08542051166296,66.69560241699219,1000,0.0396531969308853,39.61464691162109,2900,0.0621234960854053,0.0105735985562205,3800,0.0646925419569015,4.079750061035156,107.73362731933594,294.3081970214844,384.416015625,162.84097290039062,294.4416198730469,370.47802734375,0.038846667855978,0.0625931918621063,0.1196948885917663,13.93806266784668,22.2373104095459,27.778526306152344,2900,0.3834482729434967,0.3789655268192291,0.0638489201664924,0.0324384793639183
cross,gat,IEEE39,IEEE118,0,True,pu_zscore,0.1097582057118415,ckpt_norm/cross_gat/cc_gat_IEEE39_s0.pt,100,2.300598382949829,5157.92236328125,5400,0.1059154644608497,196.8119964599609,6400,0.2467171251773834,0.0483928769826889,11700,0.327694833278656,110.9541015625,6134.5849609375,6332.5908203125,6357.10009765625,821.5218505859375,1450.650390625,3043.043212890625,0.0895705744624137,0.1401770412921905,0.1923220157623291,177.51666259765625,195.15077209472656,240.86669921875,6400,0.1404687464237213,0.0321874991059303,0.9977753162384032,0.0370841659605503
cross,gat,IEEE39,UK,0,True,pu_zscore,0.1374406069517135,ckpt_norm/cross_gat/cc_gat_IEEE39_s0.pt,100,0.5366409420967102,15733.3154296875,2400,0.1633110642433166,1304.9296875,500,17.898944854736328,0.4406886994838714,2800,6.7878828048706055,810.283203125,30961.4609375,33710.00390625,33834.6796875,3192.01806640625,6876.6982421875,10762.5576171875,1.540498971939087,1.673415184020996,1.7972078323364258,2065.967041015625,2264.35107421875,2463.93603515625,500,0.0,0.7979999780654907,,0.7979999780654907
cross,gat,IEEE39,IEEE24,100,True,pu_zscore,0.0866740867495536,ckpt_norm/cross_gat/cc_gat_IEEE39_s100.pt,100,0.331236183643341,320.8318786621094,1100,0.189184620976448,96.93072509765624,1300,0.28922039270401,0.0343528240919113,2300,0.4143349826335907,26.7658805847168,769.2967529296875,865.46044921875,869.3525390625,235.5155487060547,283.75152587890625,350.4795227050781,0.0806355029344558,0.090813361108303,0.1259918212890625,77.43042755126953,89.61441802978516,114.24417877197266,1300,0.0399999991059303,0.0061538461595773,1.0,0.0064102564938366
cross,gat,IEEE39,IEEE39,100,False,pu_zscore,0.0152551680803298,ckpt_norm/cross_gat/cc_gat_IEEE39_s100.pt,100,0.0666731372475624,31.835559844970703,1000,0.0397781953215599,37.267032623291016,2900,0.0619213879108428,0.008977111428976,3800,0.0615889653563499,3.737817525863648,51.9621696472168,354.1758728027344,444.28369140625,170.25173950195312,295.9201965332031,506.9735107421875,0.0409225150942802,0.0653895139694213,0.1183746457099914,13.50419807434082,21.570674896240234,26.671310424804688,2900,0.3834482729434967,0.3713793158531189,0.0710431635379791,0.0246085003018379
cross,gat,IEEE39,IEEE118,100,True,pu_zscore,0.1111011952161789,ckpt_norm/cross_gat/cc_gat_IEEE39_s100.pt,100,2.378050804138184,5334.1181640625,5400,0.1008800938725471,177.07154846191406,6400,0.2281491458415985,0.0451547056436538,11700,0.2910926938056946,96.9048309326172,6307.556640625,6505.1806640625,6529.669921875,766.4443969726562,1429.1148681640625,3013.48486328125,0.0809862613677978,0.1434370130300521,0.1945326328277588,162.4925079345703,184.4247131347656,245.0288543701172,6400,0.1404687464237213,0.0248437505215406,0.934371531009674,0.0181785132735967
cross,gat,IEEE39,UK,100,True,pu_zscore,0.1403132677078247,ckpt_norm/cross_gat/cc_gat_IEEE39_s100.pt,100,0.5542771220207214,16555.9375,2400,0.1833285838365554,1384.562744140625,500,8.677618026733398,0.2783805429935455,2800,3.659188747406006,425.8241882324219,31283.703125,33942.0390625,34058.64453125,3893.78564453125,7268.04931640625,11169.7392578125,0.5745953917503357,0.6001796126365662,0.6532886028289795,1197.9296875,1400.20947265625,1622.2510986328125,500,0.0,1.0,,1.0
cross,gat,IEEE39,IEEE24,1000,True,pu_zscore,0.0827438533306121,ckpt_norm/cross_gat/cc_gat_IEEE39_s1000.pt,100,0.3195046186447143,310.07733154296875,1100,0.1769765466451645,90.96253204345705,1300,0.231077566742897,0.0251355096697807,2300,0.4128001034259796,28.716344833374023,714.4459838867188,797.0311889648438,806.1021728515625,201.0023651123047,244.5266265869141,462.072265625,0.0780921727418899,0.0815533772110939,0.1072925329208374,67.32736206054688,76.59303283691406,95.50975036621094,1300,0.0399999991059303,0.0869230777025222,0.8269230723381042,0.0833333358168602
cross,gat,IEEE39,IEEE39,1000,False,pu_zscore,0.0157376676797866,ckpt_norm/cross_gat/cc_gat_IEEE39_s1000.pt,100,0.0851507931947708,38.3399658203125,1000,0.0401161797344684,40.71199798583984,2900,0.0630967020988464,0.0095174815505743,3800,0.0636951997876167,3.691335439682007,71.61459350585938,456.8644714355469,546.9722900390625,162.7266387939453,288.4353942871094,492.4434814453125,0.0409136824309825,0.0651400387287139,0.1223067641258239,14.127668380737305,22.6005802154541,30.07262420654297,2900,0.3834482729434967,0.3744827508926391,0.0692446008324623,0.0285234898328781
cross,gat,IEEE39,IEEE118,1000,True,pu_zscore,0.1111716032028198,ckpt_norm/cross_gat/cc_gat_IEEE39_s1000.pt,100,2.347576856613159,5264.46240234375,5400,0.106573186814785,200.80210876464844,6400,0.2563869059085846,0.0516005977988243,11700,0.2981534600257873,100.10343170166016,6244.0810546875,6442.416015625,6466.94140625,814.702880859375,1461.5064697265625,3033.84814453125,0.0901870056986808,0.1344375759363174,0.1851216554641723,163.85543823242188,193.56243896484372,260.3909606933594,6400,0.1404687464237213,0.0,1.0,0.0
cross,gat,IEEE39,UK,1000,True,pu_zscore,0.1227998286485672,ckpt_norm/cross_gat/cc_gat_IEEE39_s1000.pt,100,0.4795672595500946,13305.25390625,2400,0.1355828195810318,1043.25,500,13.640210151672363,0.3799450099468231,2800,6.964015960693359,853.2601928710938,29257.232421875,32106.376953125,32232.83984375,2811.711181640625,5226.80810546875,9658.2177734375,1.0680793523788452,1.1558239459991455,1.2369613647460938,2078.769287109375,2200.365478515625,2334.705078125,500,0.0,0.828000009059906,,0.828000009059906
cross,gat,IEEE39,IEEE24,300,True,pu_zscore,0.1337068974971771,ckpt_norm/cross_gat/cc_gat_IEEE39_s300.pt,100,0.644417941570282,699.380615234375,1100,0.1996432393789291,104.57471466064452,1300,0.2973873615264892,0.0381699688732624,2300,0.3562394678592682,24.91721534729004,1279.5145263671875,1367.607177734375,1373.8983154296875,218.2053375244141,279.1314697265625,445.644775390625,0.0805385634303093,0.0921708792448043,0.1016402244567871,52.61129760742188,74.27684020996094,117.34693145751952,1300,0.0399999991059303,0.1246153861284256,1.0,0.1298076957464218
cross,gat,IEEE39,IEEE39,300,False,pu_zscore,0.0152668422088027,ckpt_norm/cross_gat/cc_gat_IEEE39_s300.pt,100,0.074121817946434,39.41651153564453,1000,0.0394190773367881,40.244510650634766,2900,0.0594740472733974,0.0095167336985468,3800,0.061693113297224,3.7157702445983887,71.67666625976562,375.9302673339844,466.0380859375,159.47816467285156,290.5696716308594,519.4996337890625,0.0381322242319583,0.0621682852506637,0.108543574810028,13.61369800567627,22.233543395996094,27.58573532104492,2900,0.3834482729434967,0.3810344934463501,0.0584532357752323,0.0324384793639183
cross,gat,IEEE39,IEEE118,300,True,pu_zscore,0.1020322367548942,ckpt_norm/cross_gat/cc_gat_IEEE39_s300.pt,100,2.121001720428467,4749.88134765625,5400,0.10208610445261,171.98272705078125,6400,0.2865492403507232,0.0581358820199966,11700,0.2982562780380249,98.0203094482422,5726.27685546875,5924.15673828125,5948.6591796875,755.3855590820312,1450.7919921875,3146.68115234375,0.1058009043335914,0.1307698488235473,0.1879173517227172,173.47715759277344,233.07708740234372,270.94696044921875,6400,0.1404687464237213,0.1003125011920929,0.7819799780845642,0.0810761675238609
cross,gat,IEEE39,UK,300,True,pu_zscore,0.1345394849777221,ckpt_norm/cross_gat/cc_gat_IEEE39_s300.pt,100,0.5516816973686218,16422.3359375,2400,0.1218742281198501,745.9561767578125,500,6.928301811218262,0.2066261321306228,2800,6.620464324951172,797.676513671875,31331.658203125,34190.5390625,34307.71484375,2529.6904296875,6668.51025390625,10503.75390625,0.5282735228538513,0.5975447297096252,0.6601319313049316,1987.978271484375,2123.488525390625,2254.86083984375,500,0.0,0.871999979019165,,0.871999979019165
cross,gat,IEEE39,IEEE24,700,True,pu_zscore,0.1216085702180862,ckpt_norm/cross_gat/cc_gat_IEEE39_s700.pt,100,0.6025322675704956,633.7296752929688,1100,0.1639217734336853,81.32015991210938,1300,0.199872151017189,0.0229586530476808,2300,0.2806134521961212,17.102802276611328,1225.54541015625,1323.138916015625,1331.006591796875,188.0543975830078,273.419189453125,365.6829833984375,0.0556887499988079,0.0691974535584449,0.102344274520874,49.17320251464844,60.44927597045898,88.9945068359375,1300,0.0399999991059303,0.0023076923098415,1.0,0.0024038462433964
cross,gat,IEEE39,IEEE39,700,False,pu_zscore,0.0155852669849991,ckpt_norm/cross_gat/cc_gat_IEEE39_s700.pt,100,0.1015942245721817,78.13391876220703,1000,0.0385098159313201,41.317527770996094,2900,0.0626630783081054,0.0101490812376141,3800,0.0633833929896354,3.753431797027588,136.68141174316406,364.9115905761719,455.0194091796875,149.105712890625,273.8704528808594,468.7298583984375,0.0401125773787498,0.0632127374410629,0.1200213432312011,13.868315696716309,22.433927536010746,26.682506561279297,2900,0.3834482729434967,0.3786206841468811,0.0638489201664924,0.0318791940808296
cross,gat,IEEE39,IEEE118,700,True,pu_zscore,0.10953900963068,ckpt_norm/cross_gat/cc_gat_IEEE39_s700.pt,100,2.2785961627960205,5107.5751953125,5400,0.1085658371448516,207.8529815673828,6400,0.2128436863422393,0.0396875031292438,11700,0.3304157555103302,111.4975357055664,6089.8994140625,6288.56201171875,6313.10400390625,823.8782958984375,1492.7301025390625,3136.7822265625,0.0800442844629287,0.1408759206533432,0.1906150579452514,180.3093414306641,198.9580841064453,247.4542236328125,6400,0.1404687464237213,0.0157812498509883,1.0,0.0183602981269359
cross,gat,IEEE39,UK,700,True,pu_zscore,0.1235340684652328,ckpt_norm/cross_gat/cc_gat_IEEE39_s700.pt,100,0.4954426288604736,13977.4404296875,2400,0.1189146414399147,869.7413330078125,500,18.528234481811523,0.4268356561660766,2800,6.898142337799072,834.7776489257812,29784.404296875,32600.537109375,32725.7109375,2133.447998046875,5806.66455078125,9856.6064453125,1.6175007820129397,1.7487196922302246,1.8694398403167725,2079.181640625,2211.912109375,2335.467529296875,500,0.0,0.7179999947547913,,0.7179999947547913
cross,gat,UK,IEEE24,0,True,pu_zscore,8.10127067565918,ckpt_norm/cross_gat/cc_gat_UK_s0.pt,100,34.40729141235352,42239.859375,1100,16.97865104675293,8544.87890625,1300,0.2951450645923614,0.0342957265675067,2300,0.9727900624275208,68.12649536132812,42832.38671875,46847.64453125,47106.2734375,20212.0,20976.484375,24298.837890625,0.0900094881653785,0.0907040238380432,0.1069459319114685,132.18959045410156,139.23765563964844,147.495849609375,1300,0.0399999991059303,0.1446153819561004,1.0,0.1506410241127014
cross,gat,UK,IEEE39,0,True,pu_zscore,2.775797128677368,ckpt_norm/cross_gat/cc_gat_UK_s0.pt,100,36.04456329345703,34267.5859375,1000,4.440502643585205,5823.71630859375,2900,0.2411630749702453,0.0510755702853202,3800,0.5241155028343201,40.29800796508789,34671.38671875,34734.64453125,34917.74609375,15789.9091796875,16219.1201171875,16506.248046875,0.1272970885038375,0.1544852703809738,0.1725841164588928,87.96516418457031,97.67456817626952,111.34484100341795,2900,0.3834482729434967,0.0,1.0,0.0
cross,gat,UK,IEEE118,0,True,pu_zscore,0.8760166168212891,ckpt_norm/cross_gat/cc_gat_UK_s0.pt,100,16.004724502563477,36108.19140625,5400,1.2496298551559448,2551.739501953125,6400,0.139548659324646,0.021726930513978,11700,0.3862701952457428,132.03797912597656,37037.89453125,37222.04296875,37245.8515625,9024.896484375,16065.4326171875,16994.966796875,0.0657785311341285,0.1070715710520744,0.1630887389183044,203.95327758789065,251.0135955810547,303.603271484375,6400,0.1404687464237213,0.000312499993015,1.0,0.0003635702596511
cross,gat,UK,UK,0,False,pu_zscore,0.003223493695259,ckpt_norm/cross_gat/cc_gat_UK_s0.pt,100,0.007003154605627,145.29612731933594,2400,0.0078977216035127,51.80146026611328,500,0.0424539372324943,0.000523887167219,2800,0.012642903253436,1.2590174674987793,273.03240966796875,347.89801025390625,1809.916015625,139.46490478515625,296.1088562011719,1640.2872314453125,0.0016197368968278,0.0052320286631584,0.0244346261024475,4.307347774505615,7.880221366882324,16.599578857421875,500,0.0,0.0,,0.0
cross,gat,UK,IEEE24,100,True,pu_zscore,6.811227321624756,ckpt_norm/cross_gat/cc_gat_UK_s100.pt,100,17.50900650024414,21491.630859375,1100,19.92280578613281,9627.8486328125,1300,0.2079593986272812,0.0254772044718265,2300,0.4291234314441681,29.29325485229492,21916.29296875,25081.15625,25109.09765625,22978.2421875,23029.83203125,23728.4296875,0.0574928186833858,0.060119841247797,0.079112708568573,53.46006393432617,156.84107971191406,189.65185546875,1300,0.0399999991059303,0.0,1.0,0.0
cross,gat,UK,IEEE39,100,True,pu_zscore,2.324749708175659,ckpt_norm/cross_gat/cc_gat_UK_s100.pt,100,33.58294677734375,31927.2109375,1000,2.725156545639038,3507.35302734375,2900,0.2459260076284408,0.0513112470507621,3800,0.878278911113739,71.08088684082031,32338.736328125,32403.14453125,32589.857421875,9980.3779296875,9989.19140625,10240.728515625,0.1308938562870025,0.159604862332344,0.1779751777648925,132.53623962402344,142.28939819335938,153.86036682128906,2900,0.3834482729434967,0.0,1.0,0.0
cross,gat,UK,IEEE118,100,True,pu_zscore,0.2686980962753296,ckpt_norm/cross_gat/cc_gat_UK_s100.pt,100,5.311971664428711,11967.087890625,5400,0.3299872875213623,457.0301818847656,6400,0.1521767675876617,0.0258366279304027,11700,0.3904158473014831,133.734375,12964.4931640625,13151.38671875,15527.595703125,1445.6895751953125,7149.951171875,7149.951171875,0.0704755187034607,0.111738309264183,0.1608781814575195,210.76242065429688,256.1364440917969,346.8794250488281,6400,0.1404687464237213,0.0,1.0,0.0
cross,gat,UK,UK,100,False,pu_zscore,0.0033317354973405,ckpt_norm/cross_gat/cc_gat_UK_s100.pt,100,0.00960433203727,210.4937438964844,2400,0.0071774227544665,37.22006607055664,500,0.0414896570146083,0.0004851915873587,2800,0.011129667982459,1.133212327957153,309.9515075683594,470.3281555175781,2478.9990234375,130.5518035888672,296.50341796875,1537.6353759765625,0.0017411604057997,0.005123094189912,0.0217058062553405,3.17539381980896,7.082543849945068,13.449691772460938,500,0.0,0.0,,0.0
cross,gat,UK,IEEE24,1000,True,pu_zscore,9.367056846618652,ckpt_norm/cross_gat/cc_gat_UK_s1000.pt,100,34.4217643737793,42228.046875,1100,23.02841186523437,11388.70703125,1300,0.3340316116809845,0.0419382527470588,2300,0.8932191133499146,56.41943740844727,42624.015625,51230.7265625,51595.34765625,22458.541015625,26839.078125,30967.046875,0.1061751246452331,0.1064418107271194,0.1137365102767944,145.51626586914062,152.41477966308594,168.2779541015625,1300,0.0399999991059303,0.2992307543754577,0.6346153616905212,0.2964743673801422
cross,gat,UK,IEEE39,1000,True,pu_zscore,1.4650449752807615,ckpt_norm/cross_gat/cc_gat_UK_s1000.pt,100,19.35899353027344,18403.80078125,1000,2.259283304214477,3245.2802734375,2900,0.2256530970335006,0.0483649000525474,3800,0.925573706626892,83.718505859375,18806.919921875,18869.9453125,19052.380859375,8588.3701171875,9004.38671875,9272.09765625,0.1197604984045028,0.1484121680259704,0.1755281090736389,115.70442962646484,124.1082763671875,133.9859619140625,2900,0.3834482729434967,0.0,1.0,0.0
cross,gat,UK,IEEE118,1000,True,pu_zscore,0.5456618070602417,ckpt_norm/cross_gat/cc_gat_UK_s1000.pt,100,9.43962574005127,21285.150390625,5400,0.8308994770050049,1609.030029296875,6400,0.1441978365182876,0.0235901623964309,11700,0.3592006862163543,116.13835144042967,22349.818359375,22624.46484375,25435.408203125,7926.90771484375,11207.4111328125,11207.4111328125,0.0639248788356781,0.1086374595761299,0.1595072150230407,225.78857421875,288.9776306152344,333.6005249023437,6400,0.1404687464237213,0.0,1.0,0.0
cross,gat,UK,UK,1000,False,pu_zscore,0.0039028292521834,ckpt_norm/cross_gat/cc_gat_UK_s1000.pt,100,0.0126246428117156,297.5556640625,2400,0.0076310047879815,49.0732307434082,500,0.0396801494061946,0.0005000745295546,2800,0.0134216155856847,1.2927322387695312,572.6084594726562,1012.183837890625,2827.2646484375,139.32247924804688,341.95233154296875,1436.0069580078125,0.0015503645408898,0.0042346529662609,0.0231584310531616,4.577878952026367,8.533730506896973,16.908119201660156,500,0.0,0.0,,0.0
cross,gat,UK,IEEE24,300,True,pu_zscore,12.100652694702148,ckpt_norm/cross_gat/cc_gat_UK_s300.pt,100,35.421993255615234,43476.99609375,1100,33.88516998291016,19415.26953125,1300,0.2885952591896057,0.0366392768919467,2300,0.4061566591262817,26.918630599975582,44195.56640625,46484.7578125,46512.671875,28867.1796875,32673.140625,34463.86328125,0.0662218406796455,0.0735809057950973,0.1046343445777893,62.53973007202149,72.37386322021484,110.8018569946289,1300,0.0399999991059303,0.0753846168518066,0.9230769276618958,0.0753205120563507
cross,gat,UK,IEEE39,300,True,pu_zscore,3.566170454025269,ckpt_norm/cross_gat/cc_gat_UK_s300.pt,100,26.068063735961918,24782.5390625,1000,8.708146095275879,11081.771484375,2900,0.2728279232978821,0.0589218400418758,3800,0.4631612002849579,37.42170333862305,25181.83984375,25244.619140625,25426.357421875,31225.177734375,31255.373046875,31285.369140625,0.1375720500946045,0.166965827345848,0.1894899010658264,72.63775634765625,94.25466918945312,119.12249755859376,2900,0.3834482729434967,0.0031034483108669,1.0,0.0050335568375885
cross,gat,UK,IEEE118,300,True,pu_zscore,1.5631592273712158,ckpt_norm/cross_gat/cc_gat_UK_s300.pt,100,27.15450859069824,61275.078125,5400,2.3738574981689453,5009.31201171875,6400,0.1504319757223129,0.0237962771207094,11700,0.47503662109375,160.0956573486328,62253.53515625,62450.6640625,62475.13671875,22029.490234375,23653.1328125,24142.98828125,0.0720548406243324,0.1036942973732948,0.1560779213905334,260.2415466308594,278.8082580566406,298.97265625,6400,0.1404687464237213,0.0474999994039535,0.996662974357605,0.0547173246741294
cross,gat,UK,UK,300,False,pu_zscore,0.0040539023466408,ckpt_norm/cross_gat/cc_gat_UK_s300.pt,100,0.0125674838200211,385.5076293945313,2400,0.008256166242063,48.96543502807617,500,0.0441364720463752,0.0004798536247108,2800,0.0115886023268103,1.329121470451355,688.0762329101562,1008.8104858398438,1071.05078125,177.53607177734375,347.47430419921875,1282.1488037109375,0.0011379034258425,0.0043912082910537,0.0231172442436218,3.6137893199920654,6.7375807762146,15.894981384277344,500,0.0,0.0,,0.0
cross,gat,UK,IEEE24,700,True,pu_zscore,5.320768356323242,ckpt_norm/cross_gat/cc_gat_UK_s700.pt,100,24.694185256958008,30257.38671875,1100,9.394606590270996,5181.08154296875,1300,0.2178310453891754,0.0258897114545106,2300,0.3807224035263061,23.615379333496094,31362.81640625,40027.1875,40087.30859375,10139.2666015625,10265.673828125,16037.1923828125,0.0559953674674034,0.0645802766084671,0.0828427076339721,55.203269958496094,131.88331604003906,206.7906188964844,1300,0.0399999991059303,0.0223076920956373,0.8846153616905212,0.0184294879436492
cross,gat,UK,IEEE39,700,True,pu_zscore,0.8441983461380005,ckpt_norm/cross_gat/cc_gat_UK_s700.pt,100,0.6070740818977356,540.6552734375,1000,2.3146722316741943,3289.00634765625,2900,0.237730398774147,0.049251951277256,3800,0.7535449862480164,64.28498077392578,938.9183349609376,1001.5604858398438,1182.872802734375,6672.4169921875,6751.32275390625,6810.63427734375,0.1283736824989318,0.1577029526233673,0.1783381104469299,107.15223693847656,118.60730743408205,142.3406982421875,2900,0.3834482729434967,0.0344827584922313,0.9136690497398376,0.0022371364757418
cross,gat,UK,IEEE118,700,True,pu_zscore,0.6503449082374573,ckpt_norm/cross_gat/cc_gat_UK_s700.pt,100,13.05202293395996,29444.017578125,5400,0.7828125357627869,1722.217041015625,6400,0.1262950748205185,0.0203766971826553,11700,0.4441953003406524,141.3798065185547,30392.853515625,30584.884765625,34187.72265625,6155.38330078125,8118.15283203125,8994.845703125,0.0602694302797317,0.0997851267457008,0.1528863906860351,274.19659423828125,296.55938720703125,321.9464416503906,6400,0.1404687464237213,0.0,1.0,0.0
cross,gat,UK,UK,700,False,pu_zscore,0.0035462006926536,ckpt_norm/cross_gat/cc_gat_UK_s700.pt,100,0.0092848101630806,167.26962280273438,2400,0.0080813262611627,52.167240142822266,500,0.0402078554034233,0.0005040587275288,2800,0.0115508818998932,1.1496596336364746,290.8477478027344,673.9469604492188,2578.1923828125,167.79559326171875,341.2069091796875,1465.59033203125,0.0011063722195103,0.0036691683344542,0.0235500335693359,3.693894863128662,7.04601526260376,17.95655059814453,500,0.0,0.0,,0.0
cross,gcn,IEEE118,IEEE24,0,True,pu_zscore,0.6000946760177612,ckpt_norm/cross_gcn/cc_gcn_IEEE118_s0.pt,100,1.5325053930282593,1740.924072265625,1100,1.7098129987716677,757.2207641601562,1300,0.306253045797348,0.0351314768195152,2300,2.095306158065796,147.5757293701172,2121.38037109375,5079.1787109375,5092.88720703125,2013.4239501953125,2158.967041015625,2472.769775390625,0.0849000886082649,0.1256197839975357,0.1621721386909485,292.260986328125,357.6012878417969,388.7616271972656,1300,0.0399999991059303,0.3400000035762787,0.6730769276618958,0.3405448794364929
cross,gcn,IEEE118,IEEE39,0,True,pu_zscore,0.6338614821434021,ckpt_norm/cross_gcn/cc_gcn_IEEE118_s0.pt,100,3.285116195678711,3117.326904296875,1000,1.6184462308883667,2430.867919921875,2900,0.356420487165451,0.0754204243421554,3800,2.899147748947144,199.56634521484372,3348.387939453125,3400.18212890625,3400.4345703125,5436.890625,5619.8916015625,6023.77880859375,0.1737661808729171,0.2067966014146804,0.2349685430526733,688.5467529296875,924.48486328125,1070.0484619140625,2900,0.3834482729434967,0.5796551704406738,0.4262589812278747,0.5833333134651184
cross,gcn,IEEE118,IEEE118,0,False,pu_zscore,0.0070797293446958,ckpt_norm/cross_gcn/cc_gcn_IEEE118_s0.pt,100,0.0722623616456985,109.78009796142578,5400,0.0132652623578906,9.503275871276855,6400,0.0163174513727426,0.0012627898249775,11700,0.0302962120622396,3.22613525390625,364.7703857421875,486.47265625,507.060546875,31.469806671142575,134.07203674316406,1081.30615234375,0.0043919291347265,0.0170037262141704,0.0740599632263183,13.089593887329102,28.485349655151367,342.9733581542969,6400,0.1404687464237213,0.1317187547683715,0.0767519474029541,0.0023632065858691
cross,gcn,IEEE118,UK,0,True,pu_zscore,0.5161105990409851,ckpt_norm/cross_gcn/cc_gcn_IEEE118_s0.pt,100,0.7485902905464172,24939.134765625,2400,1.3368326425552368,12034.349609375,500,23.079822540283203,0.7446674704551697,2800,17.760129928588867,2367.562255859375,31038.849609375,33149.94140625,33235.578125,29135.9296875,38330.4453125,49562.515625,1.3845720291137695,1.533956527709961,1.5878052711486816,5515.3330078125,6833.828125,8276.611328125,500,0.0,0.9900000095367432,,0.9900000095367432
cross,gcn,IEEE118,IEEE24,100,True,pu_zscore,0.4818429946899414,ckpt_norm/cross_gcn/cc_gcn_IEEE118_s100.pt,100,2.078277587890625,2527.9169921875,1100,0.8441165089607239,403.51312255859375,1300,0.3178450167179107,0.0312909670174121,2300,2.5976388454437256,166.38232421875,3074.857421875,3153.885498046875,3260.68505859375,934.0846557617188,1049.690185546875,1250.1748046875,0.1253623515367508,0.1345358341932296,0.1615549325942993,429.4001159667969,501.73736572265625,576.3934326171875,1300,0.0399999991059303,0.1376923024654388,0.9230769276618958,0.140224352478981
cross,gcn,IEEE118,IEEE39,100,True,pu_zscore,0.6867337822914124,ckpt_norm/cross_gcn/cc_gcn_IEEE118_s100.pt,100,7.06100606918335,6709.82373046875,1000,1.3963512182235718,2083.99267578125,2900,0.3049308955669403,0.0666228383779525,3800,3.49762225151062,238.8759002685547,6955.84765625,7010.4755859375,7010.75634765625,3627.697265625,3741.244873046875,3793.088623046875,0.1438658386468887,0.1511872857809066,0.1851104497909546,663.01123046875,960.6377563476562,985.730712890625,2900,0.3834482729434967,0.5520689487457275,0.5899280309677124,0.640380322933197
cross,gcn,IEEE118,IEEE118,100,False,pu_zscore,0.0072963112033903,ckpt_norm/cross_gcn/cc_gcn_IEEE118_s100.pt,100,0.0496420003473758,65.78237915039062,5400,0.0145224016159772,11.832839012145996,6400,0.0238975137472152,0.002011613221839,11700,0.032403115183115,4.2357096672058105,287.4336853027344,352.6502990722656,507.875,36.55772018432617,220.93527221679688,873.941162109375,0.0089684594422578,0.0249489117413759,0.0752761363983154,16.091758728027344,35.40165328979492,344.89337158203125,6400,0.1404687464237213,0.1226562485098838,0.1357063353061676,0.0014542810386046
cross,gcn,IEEE118,UK,100,True,pu_zscore,0.1971005201339721,ckpt_norm/cross_gcn/cc_gcn_IEEE118_s100.pt,100,0.6633482575416565,20968.2890625,2400,0.3583242893218994,3292.278076171875,500,17.526723861694336,0.5597209334373474,2800,5.529226303100586,693.5886840820312,32404.05078125,35022.83203125,35144.8984375,7492.65478515625,11114.89453125,14941.1357421875,1.1792296171188354,1.3913429975509644,1.4750733375549316,1653.52099609375,1904.0709228515625,2165.69482421875,500,0.0,0.9940000176429749,,0.9940000176429749
cross,gcn,IEEE118,IEEE24,1000,True,pu_zscore,,ckpt_norm/cross_gcn/cc_gcn_IEEE118_s1000.pt,100,2.0764288902282715,2519.78271484375,1100,1.5582035779953003,772.9494018554688,1300,,,2300,,,3132.480224609375,3178.88916015625,3237.82421875,1612.0828857421875,1723.447265625,2045.577392578125,,,,,,,1300,0.0399999991059303,0.7676923274993896,0.1153846159577369,0.7628205418586731
cross,gcn,IEEE118,IEEE39,1000,True,pu_zscore,1.4477825164794922,ckpt_norm/cross_gcn/cc_gcn_IEEE118_s1000.pt,100,11.279718399047852,10721.2373046875,1000,3.385686159133911,5217.91357421875,2900,1.5830525159835815,0.2143483757972717,3800,7.320187568664551,502.6716003417969,10998.6806640625,11365.544921875,11455.6533203125,10103.435546875,10198.8310546875,10252.3681640625,0.7072280049324036,1.8198972940444944,2.106283664703369,1760.3994140625,2080.343505859375,2204.612060546875,2900,0.3834482729434967,0.4651724100112915,0.4478417336940765,0.4110738337039947
cross,gcn,IEEE118,IEEE118,1000,False,pu_zscore,0.006544204428792,ckpt_norm/cross_gcn/cc_gcn_IEEE118_s1000.pt,100,0.0663942769169807,96.19621276855467,5400,0.0120758563280105,11.555919647216797,6400,0.0193679388612508,0.0015764394775032,11700,0.0313655324280262,4.16567325592041,323.48748779296875,633.3465576171875,702.4482421875,35.21294021606445,151.53199768066406,841.173095703125,0.0055397511459887,0.021036222577095,0.0747288465499877,14.534966468811035,31.309328079223636,347.7364807128906,6400,0.1404687464237213,0.1259375065565109,0.1779755353927612,0.0121796038001775
cross,gcn,IEEE118,UK,1000,True,pu_zscore,0.303420215845108,ckpt_norm/cross_gcn/cc_gcn_IEEE118_s1000.pt,100,0.6991614699363708,22675.935546875,2400,0.7203026413917542,6949.2431640625,500,16.449655532836914,0.5187409520149231,2800,7.426562309265137,950.2968139648438,32689.63671875,35220.7578125,35324.96484375,13644.521484375,17961.236328125,24487.68359375,1.001234769821167,1.046091914176941,1.2379746437072754,2351.763427734375,2563.460693359375,2717.983154296875,500,0.0,0.9919999837875366,,0.9919999837875366
cross,gcn,IEEE118,IEEE24,300,True,pu_zscore,0.3990526795387268,ckpt_norm/cross_gcn/cc_gcn_IEEE118_s300.pt,100,1.249069333076477,1465.8470458984375,1100,1.0475891828536987,502.2485656738281,1300,0.2583372890949249,0.0317827649414539,2300,1.442322015762329,104.39137268066406,1975.0008544921875,3058.851806640625,3122.772216796875,1165.9599609375,1273.3631591796875,1479.281982421875,0.0699307471513748,0.0815168023109436,0.135378360748291,197.9686279296875,224.9548797607422,279.6216125488281,1300,0.0399999991059303,0.2446153908967971,0.7307692170143127,0.2435897439718246
cross,gcn,IEEE118,IEEE39,300,True,pu_zscore,0.5033552646636963,ckpt_norm/cross_gcn/cc_gcn_IEEE118_s300.pt,100,4.738028526306152,4500.240234375,1000,1.086294651031494,1700.713134765625,2900,0.3386633396148681,0.0705088600516319,3800,2.484464406967163,164.6131591796875,4736.67529296875,4782.6337890625,4782.8984375,3164.322998046875,3334.808837890625,3422.68994140625,0.1730791628360748,0.234537735581398,0.2726924419403076,684.8716430664062,764.4889526367188,886.7130737304688,2900,0.3834482729434967,0.6527585983276367,0.3588129580020904,0.6599552631378174
cross,gcn,IEEE118,IEEE118,300,False,pu_zscore,0.0072362869977951,ckpt_norm/cross_gcn/cc_gcn_IEEE118_s300.pt,100,0.095592088997364,160.3466796875,5400,0.0124016217887401,9.846722602844238,6400,0.0159220658242702,0.0012980615720152,11700,0.030390216037631,3.4371554851531982,476.5276794433594,613.28515625,634.6962890625,33.408111572265625,146.90155029296875,990.742919921875,0.0042272433638572,0.0166306290775537,0.0764049291610717,13.148567199707031,27.308881759643555,344.1830139160156,6400,0.1404687464237213,0.1260937452316284,0.1101223602890968,0.0012724959524348
cross,gcn,IEEE118,UK,300,True,pu_zscore,0.3617766201496124,ckpt_norm/cross_gcn/cc_gcn_IEEE118_s300.pt,100,0.7540700435638428,25156.287109375,2400,0.8645538687705994,8100.02490234375,500,19.733003616333008,0.66595858335495,2800,15.28700065612793,2170.14453125,31271.861328125,33845.40625,33950.64453125,18197.455078125,22967.595703125,26859.51953125,1.1002436876296997,1.2592791318893433,1.322129249572754,4341.88330078125,5244.755859375,6203.01025390625,500,0.0,0.9900000095367432,,0.9900000095367432
cross,gcn,IEEE118,IEEE24,700,True,pu_zscore,0.8208879828453064,ckpt_norm/cross_gcn/cc_gcn_IEEE118_s700.pt,100,2.6121697425842285,3189.1875,1100,2.0568556785583496,994.4592895507812,1300,0.6606899499893188,0.0880556181073188,2300,4.177467346191406,296.65802001953125,3722.228759765625,3802.711181640625,3880.154052734375,2152.692138671875,2395.253173828125,2792.514892578125,0.1591431349515915,0.1693029403686523,0.2043619155883789,625.3135986328125,740.680908203125,852.7546997070312,1300,0.0399999991059303,0.8038461804389954,0.1730769276618957,0.8028846383094788
cross,gcn,IEEE118,IEEE39,700,True,pu_zscore,1.435105562210083,ckpt_norm/cross_gcn/cc_gcn_IEEE118_s700.pt,100,6.819841384887695,6480.5087890625,1000,3.6932213306427,5720.015625,2900,0.4727588295936584,0.0883155465126037,3800,6.885646820068359,470.911376953125,6724.3056640625,6778.5185546875,6778.79345703125,10014.2919921875,10117.845703125,10304.32421875,0.2443213611841201,0.4417953193187713,0.4831549525260925,1685.015869140625,1790.908203125,1815.1048583984373,2900,0.3834482729434967,0.3279310464859009,0.730215847492218,0.3640939593315124
cross,gcn,IEEE118,IEEE118,700,False,pu_zscore,0.007464341353625,ckpt_norm/cross_gcn/cc_gcn_IEEE118_s700.pt,100,0.0623762533068656,100.9210433959961,5400,0.0145857846364378,12.69782257080078,6400,0.0220794547349214,0.0018368357559666,11700,0.0312621667981147,3.748003244400024,354.8729858398437,502.6624145507813,578.73974609375,36.90631484985352,220.74749755859372,858.024658203125,0.0077602146193385,0.022190960124135,0.0754788517951965,14.757622718811035,32.76466369628906,344.1983642578125,6400,0.1404687464237213,0.1235937476158142,0.1234705224633216,0.0005453553749248
cross,gcn,IEEE118,UK,700,True,pu_zscore,0.3038026094436645,ckpt_norm/cross_gcn/cc_gcn_IEEE118_s700.pt,100,0.6963860988616943,21867.66796875,2400,0.6824087500572205,6341.4111328125,500,10.827983856201172,0.3303561806678772,2800,16.88580322265625,2364.256103515625,34801.56640625,36312.9296875,36414.8515625,13705.7958984375,18964.6953125,27035.078125,0.69281405210495,0.7847534418106079,0.825230598449707,5076.4716796875,6321.59375,7515.859375,500,0.0,0.8040000200271606,,0.8040000200271606
cross,gcn,IEEE24,IEEE24,0,False,pu_zscore,0.0118078077211976,ckpt_norm/cross_gcn/cc_gcn_IEEE24_s0.pt,100,0.0447279140353202,33.96564865112305,1100,0.0274583864957094,9.531221389770508,1300,0.0284152347594499,0.0025049631949514,2300,0.0345246382057666,1.7916336059570312,126.83456420898438,150.62660217285156,180.97232055664065,37.63204193115234,67.73797607421875,158.64578247070312,0.0088633773848414,0.0170367509126663,0.0309630632400512,6.317271709442139,11.576704978942873,18.239425659179688,1300,0.0399999991059303,0.035384614020586,0.4038461446762085,0.0120192309841513
cross,gcn,IEEE24,IEEE39,0,True,pu_zscore,0.0493925958871841,ckpt_norm/cross_gcn/cc_gcn_IEEE24_s0.pt,100,0.2234580069780349,151.59756469726562,1000,0.1142656281590461,163.1924285888672,2900,0.2269751131534576,0.0439971573650836,3800,0.594735324382782,50.43069076538086,458.2622375488281,650.2203369140625,704.806396484375,367.5466918945313,507.7644653320313,635.8983154296875,0.1292693167924881,0.1628342866897583,0.1836414933204651,83.01582336425781,93.24241638183594,126.6378936767578,2900,0.3834482729434967,0.037241380661726,0.910971224308014,0.0050335568375885
cross,gcn,IEEE24,IEEE118,0,True,pu_zscore,0.1247037649154663,ckpt_norm/cross_gcn/cc_gcn_IEEE24_s0.pt,100,2.8114876747131348,6318.93505859375,5400,0.0718446746468544,134.83120727539062,6400,0.14462511241436,0.0243854764848947,11700,0.3890664875507355,134.22232055664062,7266.43896484375,7462.359375,7486.76416015625,472.4635009765625,1100.5552978515625,2351.812744140625,0.0577352941036224,0.1032443046569824,0.136569082736969,197.5063934326172,215.53428649902344,244.7594146728516,6400,0.1404687464237213,0.1745312511920929,0.6929922103881836,0.1528812944889068
cross,gcn,IEEE24,UK,0,True,pu_zscore,0.1499701887369156,ckpt_norm/cross_gcn/cc_gcn_IEEE24_s0.pt,100,0.5783445835113525,17807.841796875,2400,0.2180844396352768,1836.734130859375,500,3.2549936771392822,0.0928537100553512,2800,1.856849670410156,236.7936553955078,31113.826171875,33775.0390625,33883.96875,4854.52783203125,6892.1728515625,11288.275390625,0.2196400165557861,0.2212812900543213,0.2276538014411926,632.6474609375,804.9981079101562,971.0387573242188,500,0.0,0.6000000238418579,,0.6000000238418579
cross,gcn,IEEE24,IEEE24,100,False,pu_zscore,0.0107850832864642,ckpt_norm/cross_gcn/cc_gcn_IEEE24_s100.pt,100,0.0384237989783287,28.95873260498047,1100,0.0263033602386713,8.70966911315918,1300,0.0282391794025897,0.0022650049068033,2300,0.0344140529632568,1.7299818992614746,106.99974822998048,154.0059814453125,174.69961547851562,34.157833099365234,63.13444137573242,159.9018096923828,0.0089857168495655,0.0153716327622532,0.0403835177421569,6.408671379089356,11.75191593170166,18.056129455566406,1300,0.0399999991059303,0.0269230771809816,0.5,0.0072115384973585
cross,gcn,IEEE24,IEEE39,100,True,pu_zscore,0.0809962898492813,ckpt_norm/cross_gcn/cc_gcn_IEEE24_s100.pt,100,0.7670451402664185,706.282470703125,1000,0.1659457832574844,211.8058624267578,2900,0.2313051670789718,0.0445396117866039,3800,0.645429253578186,54.17920684814453,914.1928100585938,961.617431640625,961.8336181640624,677.1292724609375,964.019287109375,1132.3924560546875,0.1360262632369995,0.1722996234893798,0.2028811573982238,94.83062744140624,106.45775604248048,132.248046875,2900,0.3834482729434967,0.0389655157923698,0.9136690497398376,0.0095078302547335
cross,gcn,IEEE24,IEEE118,100,True,pu_zscore,0.1210394948720932,ckpt_norm/cross_gcn/cc_gcn_IEEE24_s100.pt,100,2.695420265197754,6058.7861328125,5400,0.0788721591234207,145.0992889404297,6400,0.2035281062126159,0.0391415208578109,11700,0.3863220512866974,132.75808715820312,6960.40380859375,7150.4619140625,7174.5693359375,547.1216430664062,1208.1636962890625,2515.052490234375,0.0787288919091224,0.10991021245718,0.1300705671310424,198.00802612304688,215.455078125,248.1554107666016,6400,0.1404687464237213,0.5482812523841858,0.4460511803627014,0.547355055809021
cross,gcn,IEEE24,UK,100,True,pu_zscore,0.1376131176948547,ckpt_norm/cross_gcn/cc_gcn_IEEE24_s100.pt,100,0.5410416722297668,16002.0224609375,2400,0.1886043697595596,1546.382080078125,500,1.8012466430664062,0.0474361181259155,2800,1.993413090705872,255.11361694335935,30844.478515625,33598.80078125,33716.99609375,3642.85546875,7345.123046875,11338.96484375,0.1432520598173141,0.1677770167589187,0.1873817443847656,655.1060180664062,826.411865234375,989.1137084960938,500,0.0,0.3580000102519989,,0.3580000102519989
cross,gcn,IEEE24,IEEE24,1000,False,pu_zscore,0.0193944796919822,ckpt_norm/cross_gcn/cc_gcn_IEEE24_s1000.pt,100,0.0848678350448608,68.58912658691406,1100,0.0375731885433197,13.753737449645996,1300,0.0559434965252876,0.004011854995042,2300,0.0479841977357864,2.4411404132843018,186.00103759765625,467.8103332519531,487.1245422363281,48.81093597412109,104.36711883544922,169.61196899414062,0.0154819013550877,0.0328058674931526,0.0795544385910034,9.19530200958252,15.443511009216309,22.513835906982425,1300,0.0399999991059303,0.0061538461595773,0.8653846383094788,0.0008012820617295
cross,gcn,IEEE24,IEEE39,1000,True,pu_zscore,0.1525627225637436,ckpt_norm/cross_gcn/cc_gcn_IEEE24_s1000.pt,100,1.835408329963684,1733.09033203125,1000,0.2675948143005371,379.40765380859375,2900,0.3640260398387909,0.0792690366506576,3800,0.6338664889335632,50.98536682128906,1975.3304443359373,2028.6435546875,2028.9161376953125,1061.50146484375,1351.3702392578125,1542.5672607421875,0.1753995567560196,0.2182304412126541,0.256600558757782,113.9818115234375,128.76416015625,152.09161376953125,2900,0.3834482729434967,0.2137930989265442,0.8273381590843201,0.2393735945224762
cross,gcn,IEEE24,IEEE118,1000,True,pu_zscore,0.1243242919445037,ckpt_norm/cross_gcn/cc_gcn_IEEE24_s1000.pt,100,2.7762739658355717,6237.048828125,5400,0.0840753391385078,137.08050537109375,6400,0.2054456621408462,0.0373998098075389,11700,0.3504258990287781,120.93421173095705,7216.28564453125,7414.580078125,7439.1044921875,626.7770385742188,1277.8292236328125,2721.080810546875,0.0783489719033241,0.146098792552948,0.2060939073562622,179.7388458251953,197.9434967041016,218.7702178955078,6400,0.1404687464237213,0.0314062498509883,0.9988876581192015,0.0363570265471935
cross,gcn,IEEE24,UK,1000,True,pu_zscore,0.1136092990636825,ckpt_norm/cross_gcn/cc_gcn_IEEE24_s1000.pt,100,0.4715695381164551,12603.6650390625,2400,0.1259137690067291,906.863525390625,500,7.558988094329834,0.2338788658380508,2800,1.233925461769104,142.1141815185547,29707.81640625,32868.16015625,33017.30078125,2415.8935546875,6047.18603515625,10699.20703125,0.4746326804161072,0.5058870315551758,0.5414100885391235,431.2944946289063,650.9837036132812,770.9800415039062,500,0.0,0.8799999952316284,,0.8799999952316284
cross,gcn,IEEE24,IEEE24,300,False,pu_zscore,0.0113130025565624,ckpt_norm/cross_gcn/cc_gcn_IEEE24_s300.pt,100,0.0403810180723667,38.66487121582031,1100,0.0276486370712518,10.980109214782717,1300,0.0296546053141355,0.0024427499156445,2300,0.0340854078531265,1.64909029006958,108.1512451171875,114.7668914794922,116.50823974609376,35.2721061706543,65.21180725097656,154.4813995361328,0.0085920933634042,0.0182276405394077,0.0331571102142334,6.4872565269470215,11.96420669555664,19.469337463378903,1300,0.0399999991059303,0.0215384606271982,0.557692289352417,0.0040064104832708
cross,gcn,IEEE24,IEEE39,300,True,pu_zscore,0.065359815955162,ckpt_norm/cross_gcn/cc_gcn_IEEE24_s300.pt,100,0.4769230186939239,412.4553833007813,1000,0.1479638516902923,210.83773803710935,2900,0.2268410176038742,0.0447749383747577,3800,0.5741225481033325,48.389286041259766,652.0609741210938,699.1498413085938,699.4102783203125,459.3918762207031,725.2145385742188,907.4602661132812,0.1266690194606781,0.1592621952295303,0.182856798171997,81.7795639038086,93.202880859375,121.25041198730467,2900,0.3834482729434967,0.008275861851871,0.9910072088241576,0.0078299771994352
cross,gcn,IEEE24,IEEE118,300,True,pu_zscore,0.1236862018704414,ckpt_norm/cross_gcn/cc_gcn_IEEE24_s300.pt,100,2.7699944972991943,6227.6513671875,5400,0.076602004468441,158.5943603515625,6400,0.1577338427305221,0.0252693183720111,11700,0.3898026347160339,133.59158325195312,7127.65673828125,7316.861328125,7340.92578125,499.6940002441406,1085.49072265625,2473.592041015625,0.0715732797980308,0.1087239831686019,0.1560402512550354,200.2700958251953,220.44532775878903,247.74420166015625,6400,0.1404687464237213,0.2006250023841858,0.6696329116821289,0.179421916604042
cross,gcn,IEEE24,UK,300,True,pu_zscore,0.1872245222330093,ckpt_norm/cross_gcn/cc_gcn_IEEE24_s300.pt,100,0.6376447677612305,20089.9921875,2400,0.3436838388442993,2978.011474609375,500,2.7300398349761963,0.0775102600455284,2800,1.8893444538116453,248.16281127929688,32820.69140625,35321.86328125,35421.7578125,7417.9892578125,10205.923828125,12020.466796875,0.1986841112375259,0.2112272679805755,0.2253450751304626,604.2718505859375,773.7069091796875,926.4921264648438,500,0.0,0.4779999852180481,,0.4779999852180481
cross,gcn,IEEE24,IEEE24,700,False,pu_zscore,0.0631196647882461,ckpt_norm/cross_gcn/cc_gcn_IEEE24_s700.pt,100,0.3192158341407776,348.94940185546875,1100,0.0801791623234748,26.27217102050781,1300,0.0592143274843692,0.0052930042147636,2300,0.059339165687561,2.927138566970825,617.350341796875,684.5513305664062,746.852783203125,132.91445922851562,190.3447723388672,224.89114379882807,0.0146281942725181,0.0291138999164104,0.0804478526115417,11.948125839233398,17.24358367919922,27.62353515625,1300,0.0399999991059303,0.0107692303135991,0.8461538553237915,0.0048076924867928
cross,gcn,IEEE24,IEEE39,700,True,pu_zscore,0.1169736012816429,ckpt_norm/cross_gcn/cc_gcn_IEEE24_s700.pt,100,1.3408358097076416,1258.15869140625,1000,0.2140340507030487,234.37796020507807,2900,0.3323637545108795,0.0687368959188461,3800,0.6242290735244751,48.04351043701172,1502.64794921875,1556.9169921875,1557.191650390625,979.4974365234376,1269.23779296875,1460.142333984375,0.1593204885721206,0.1937444806098938,0.2240372896194458,117.6058120727539,127.2505111694336,150.18280029296875,2900,0.3834482729434967,0.2068965584039688,0.902877688407898,0.2751677930355072
cross,gcn,IEEE24,IEEE118,700,True,pu_zscore,0.1118985936045646,ckpt_norm/cross_gcn/cc_gcn_IEEE24_s700.pt,100,2.3863718509674072,5351.986328125,5400,0.0981698557734489,165.54296875,6400,0.234881967306137,0.0446972623467445,11700,0.3571362197399139,123.29550170898438,6338.58203125,6537.841796875,6562.41357421875,741.8761596679688,1419.2081298828125,3061.97802734375,0.0828350186347961,0.1428145319223404,0.1918584108352661,183.47100830078125,199.30880737304688,213.81576538085935,6400,0.1404687464237213,0.0153125002980232,1.0,0.0178149435669183
cross,gcn,IEEE24,UK,700,True,pu_zscore,0.124910369515419,ckpt_norm/cross_gcn/cc_gcn_IEEE24_s700.pt,100,0.5074126720428467,14588.1162109375,2400,0.1464841812849044,984.9032592773438,500,1.2622627019882202,0.0418410003185272,2800,3.1720550060272217,239.53298950195312,29936.0703125,32661.7578125,32782.69921875,3561.43359375,5673.27685546875,10502.3857421875,0.0830214247107505,0.1055761128664016,0.1169521808624267,814.7184448242188,2589.434814453125,3062.070068359375,500,0.0,0.2259999960660934,,0.2259999960660934
cross,gcn,IEEE39,IEEE24,0,True,pu_zscore,0.1202500388026237,ckpt_norm/cross_gcn/cc_gcn_IEEE39_s0.pt,100,0.5766711831092834,652.6931762695312,1100,0.1855514943599701,96.63916778564452,1300,0.2967813909053802,0.0349282063543796,2300,0.2780675888061523,18.6217041015625,1079.6861572265625,1132.994384765625,1142.4542236328125,204.69195556640625,280.4565124511719,489.572998046875,0.0792101100087165,0.0960141420364379,0.1125656366348266,44.408477783203125,55.72351837158203,98.40198516845705,1300,0.0399999991059303,0.0038461538497358,1.0,0.0040064104832708
cross,gcn,IEEE39,IEEE39,0,False,pu_zscore,0.0171948056668043,ckpt_norm/cross_gcn/cc_gcn_IEEE39_s0.pt,100,0.0888315960764885,76.38235473632812,1000,0.0441617704927921,44.85039520263672,2900,0.0643839463591575,0.0100892633199691,3800,0.0651376321911811,4.014721393585205,125.9415054321289,229.38021850585935,319.488037109375,176.71925354003906,288.0862731933594,451.3338623046875,0.0411104075610637,0.066283956170082,0.11795175075531,14.016467094421388,22.88717269897461,32.22673797607422,2900,0.3834482729434967,0.3782758712768554,0.070143885910511,0.0352348983287811
cross,gcn,IEEE39,IEEE118,0,True,pu_zscore,0.1065606549382209,ckpt_norm/cross_gcn/cc_gcn_IEEE39_s0.pt,100,2.065674304962158,4623.87890625,5400,0.1308279037475586,318.1786193847656,6400,0.3081763982772827,0.0631396025419235,11700,0.28619384765625,96.28480529785156,5602.1982421875,5800.38818359375,5824.90673828125,935.76611328125,1576.355712890625,3237.3583984375,0.099522590637207,0.1612095385789871,0.2139060497283935,159.89540100097656,181.5036773681641,222.9383544921875,6400,0.1404687464237213,0.0926562473177909,0.85761958360672,0.084530085325241
cross,gcn,IEEE39,UK,0,True,pu_zscore,0.1380987018346786,ckpt_norm/cross_gcn/cc_gcn_IEEE39_s0.pt,100,0.5406873226165771,15896.8271484375,2400,0.1931630671024322,1480.1685791015625,500,10.74711799621582,0.286830335855484,2800,1.3149853944778442,176.52317810058594,30904.3828125,33730.4609375,33845.5859375,4567.4453125,7707.80810546875,10509.58984375,0.8427350521087646,1.1587157249450684,1.382021427154541,405.4152526855469,527.8472900390625,666.090087890625,500,0.0,0.8539999723434448,,0.8539999723434448
cross,gcn,IEEE39,IEEE24,100,True,pu_zscore,0.1599962413311004,ckpt_norm/cross_gcn/cc_gcn_IEEE39_s100.pt,100,0.4908133149147033,507.5370788574219,1100,0.4303187429904938,184.3570098876953,1300,0.5654723644256592,0.0325156040489673,2300,0.4478343725204468,30.73625373840332,940.7783203125,968.2861938476562,968.4175415039062,671.6363525390625,772.525390625,826.3242797851562,0.0661166757345199,0.1018680185079574,2.514430522918701,68.63029479980469,78.1244125366211,212.9371490478516,1300,0.0399999991059303,0.0076923076994717,0.942307710647583,0.0056089744903147
cross,gcn,IEEE39,IEEE39,100,False,pu_zscore,0.0178110357373952,ckpt_norm/cross_gcn/cc_gcn_IEEE39_s100.pt,100,0.1447572261095047,134.5096435546875,1000,0.0414480455219745,46.88280487060547,2900,0.0619426593184471,0.0099993841722607,3800,0.0711831524968147,4.02021598815918,185.621337890625,217.3912048339844,260.3887939453125,166.57757568359375,266.0135192871094,352.5267333984375,0.0395281538367271,0.0628317520022392,0.1263206601142883,15.938202857971191,24.374834060668945,35.53535461425781,2900,0.3834482729434967,0.3731034398078918,0.0755395665764808,0.0302013419568538
cross,gcn,IEEE39,IEEE118,100,True,pu_zscore,0.1408635675907135,ckpt_norm/cross_gcn/cc_gcn_IEEE39_s100.pt,100,2.797842264175415,6285.73876953125,5400,0.1617157906293869,443.9999084472656,6400,0.2990574240684509,0.0602597296237945,11700,0.4107330441474914,142.01904296875,7268.22509765625,7466.85693359375,7491.39697265625,1036.836669921875,1138.5955810546875,2076.111328125,0.1087851524353027,0.1592385023832321,0.5117053389549255,209.6634063720703,234.39944458007807,256.97467041015625,6400,0.1404687464237213,0.1862500011920929,0.7719688415527344,0.179421916604042
cross,gcn,IEEE39,UK,100,True,pu_zscore,0.121978536248207,ckpt_norm/cross_gcn/cc_gcn_IEEE39_s100.pt,100,0.515109121799469,14885.5615234375,2400,0.122861735522747,830.983154296875,500,8.075273513793945,0.2109811753034591,2800,0.9008206129074096,115.85800170898438,30143.072265625,32969.375,33090.84375,2428.832763671875,5767.4404296875,10410.3642578125,0.6622136235237122,1.0093824863433838,1.1700915098190308,290.3627014160156,383.030029296875,411.5032958984375,500,0.0,0.8479999899864197,,0.8479999899864197
cross,gcn,IEEE39,IEEE24,1000,True,pu_zscore,0.1420537084341049,ckpt_norm/cross_gcn/cc_gcn_IEEE39_s1000.pt,100,0.365288645029068,382.439208984375,1100,0.3885631859302521,194.4801025390625,1300,0.4956234991550445,0.0568685866892337,2300,0.7499081492424011,36.49396896362305,741.9984130859375,809.4667358398438,865.4808959960938,424.15032958984375,519.7743530273438,562.9388427734375,0.1433099508285522,0.1813863068819046,0.2002643942832946,137.9459991455078,288.2699584960937,310.8245849609375,1300,0.0399999991059303,0.368461549282074,0.4807692170143127,0.3621794879436493
cross,gcn,IEEE39,IEEE39,1000,False,pu_zscore,0.0520873181521892,ckpt_norm/cross_gcn/cc_gcn_IEEE39_s1000.pt,100,0.6143860816955566,549.0111694335938,1000,0.0961003676056861,83.82331848144531,2900,0.0721887648105621,0.0131451766937971,3800,0.0816280096769332,5.608667373657227,791.3361206054688,845.644775390625,845.919921875,425.6109924316406,714.5856323242188,905.44384765625,0.0420138016343116,0.0652284771203994,0.1139106154441833,16.374282836914062,24.273168563842773,41.6539306640625,2900,0.3834482729434967,0.3955172300338745,0.0548561140894889,0.0536912754178047
cross,gcn,IEEE39,IEEE118,1000,True,pu_zscore,,ckpt_norm/cross_gcn/cc_gcn_IEEE39_s1000.pt,100,,,5400,,,6400,,,11700,,,,,,,,,,,,,,,6400,0.1404687464237213,0.5081250071525574,0.7964404821395874,0.5578985810279846
cross,gcn,IEEE39,UK,1000,True,pu_zscore,1.0722492933273315,ckpt_norm/cross_gcn/cc_gcn_IEEE39_s1000.pt,100,0.4983603060245514,14301.8349609375,2400,2.9187183380126958,9069.9560546875,500,390.83990478515625,7.994478225708008,2800,37.91889190673828,3526.86279296875,29460.4375,32018.9140625,32139.9453125,14149.04296875,162400.375,164688.28125,34.01340103149414,34.49250030517578,34.901824951171875,17671.291015625,20330.787109375,23807.52734375,500,0.0,1.0,,1.0
cross,gcn,IEEE39,IEEE24,300,True,pu_zscore,0.1288666129112243,ckpt_norm/cross_gcn/cc_gcn_IEEE39_s300.pt,100,0.6505796909332275,742.322509765625,1100,0.1569263488054275,79.95923614501953,1300,0.294014573097229,0.0357640795409679,2300,0.2917818129062652,19.62474632263184,1163.8026123046875,1190.69287109375,1210.733154296875,172.02293395996094,216.2425079345703,358.23394775390625,0.0803207680583,0.09570874273777,0.1079307794570922,44.5507698059082,49.785682678222656,98.17467498779295,1300,0.0399999991059303,0.0192307699471712,1.0,0.0200320519506931
cross,gcn,IEEE39,IEEE39,300,False,pu_zscore,0.0155768599361181,ckpt_norm/cross_gcn/cc_gcn_IEEE39_s300.pt,100,0.0661465600132942,31.95355033874512,1000,0.0406646393239498,40.69944763183594,2900,0.0630843937397003,0.0106802210211753,3800,0.0655881315469741,3.7589364051818848,72.34187316894531,334.6424255371094,424.750244140625,164.21377563476562,302.29693603515625,554.2679443359375,0.0389317832887172,0.0641083791851997,0.116515576839447,14.944549560546877,23.220882415771484,31.472007751464844,2900,0.3834482729434967,0.386896550655365,0.0611510798335075,0.0436241626739501
cross,gcn,IEEE39,IEEE118,300,True,pu_zscore,0.0999515205621719,ckpt_norm/cross_gcn/cc_gcn_IEEE39_s300.pt,100,2.050699234008789,4589.65234375,5400,0.1049734130501747,190.1602325439453,6400,0.3421820700168609,0.0712202340364456,11700,0.2865621149539947,95.84209442138672,5569.7265625,5768.1005859375,5792.6279296875,783.2932739257812,1465.879150390625,3091.439453125,0.1075267791748046,0.1676626652479171,0.2216697931289672,161.26251220703125,184.61216735839844,223.97366333007807,6400,0.1404687464237213,0.3182812631130218,0.8565072417259216,0.3468460142612457
cross,gcn,IEEE39,UK,300,True,pu_zscore,0.1331871747970581,ckpt_norm/cross_gcn/cc_gcn_IEEE39_s300.pt,100,0.5296809077262878,15498.916015625,2400,0.1769442856311798,1198.049560546875,500,19.13053131103516,0.5297305583953857,2800,1.4400142431259155,184.43460083007807,30367.79296875,33234.89453125,33349.79296875,4248.41796875,8186.09130859375,12286.431640625,1.3757432699203491,1.9918720722198489,2.4090468883514404,461.94281005859375,563.6854248046875,657.1091918945312,500,0.0,0.8859999775886536,,0.8859999775886536
cross,gcn,IEEE39,IEEE24,700,True,pu_zscore,0.1019672974944114,ckpt_norm/cross_gcn/cc_gcn_IEEE39_s700.pt,100,0.396462619304657,458.9725646972656,1100,0.2305948287248611,112.75423431396484,1300,0.3223184645175934,0.0388404130935668,2300,0.3042166531085968,20.16886329650879,619.156494140625,881.2288208007812,959.7543334960938,263.5497131347656,308.8768310546875,961.0033569335938,0.0834518894553184,0.0961034893989563,0.191686749458313,51.50697326660156,56.48529052734375,93.30403137207033,1300,0.0399999991059303,0.1153846159577369,1.0,0.1201923042535781
cross,gcn,IEEE39,IEEE39,700,False,pu_zscore,0.015756532549858,ckpt_norm/cross_gcn/cc_gcn_IEEE39_s700.pt,100,0.0600441582500934,30.893251419067383,1000,0.0414481312036514,42.66372680664063,2900,0.0639225989580154,0.0097038503736257,3800,0.0661969110369682,4.258111953735352,71.39348602294922,294.1143493652344,384.22216796875,163.57830810546875,303.5017395019531,508.756591796875,0.0400348976254463,0.0641583725810051,0.1200848221778869,13.75620460510254,22.440940856933597,30.01630401611328,2900,0.3834482729434967,0.3775862157344818,0.0638489201664924,0.0302013419568538
cross,gcn,IEEE39,IEEE118,700,True,pu_zscore,0.1043228432536125,ckpt_norm/cross_gcn/cc_gcn_IEEE39_s700.pt,100,2.0913026332855225,4682.30517578125,5400,0.1177464723587036,244.13226318359372,6400,0.3382526040077209,0.0699265748262405,11700,0.2912089824676513,98.229736328125,5658.88525390625,5856.90673828125,5881.4169921875,867.1204833984375,1565.241943359375,3264.853271484375,0.1069858372211456,0.1661726683378219,0.217157244682312,162.37477111816406,186.7168426513672,232.5538024902344,6400,0.1404687464237213,0.3709374964237213,0.7163515090942383,0.3852026760578155
cross,gcn,IEEE39,UK,700,True,pu_zscore,0.1333222836256027,ckpt_norm/cross_gcn/cc_gcn_IEEE39_s700.pt,100,0.5433061718940735,16086.33984375,2400,0.1607836037874221,1242.97412109375,500,19.826465606689453,0.550690770149231,2800,1.6854381561279297,207.76747131347656,30890.615234375,33692.80078125,33809.1484375,3677.320556640625,6818.984375,10077.55078125,1.6465259790420532,1.9617997407913208,2.303297758102417,580.3648681640625,825.5734252929688,1052.675048828125,500,0.0,0.944000005722046,,0.944000005722046
cross,gcn,UK,IEEE24,0,True,pu_zscore,2.4874815940856934,ckpt_norm/cross_gcn/cc_gcn_UK_s0.pt,100,11.792644500732422,14392.333984375,1100,4.14228105545044,2157.736083984375,1300,0.338498443365097,0.0422422401607036,2300,0.8008070588111877,55.453834533691406,14810.66796875,21148.59375,21187.248046875,4392.69775390625,4475.0419921875,12090.3984375,0.0827214121818542,0.0866858065128326,0.090462327003479,126.49713134765624,137.7787322998047,188.7077178955078,1300,0.0399999991059303,0.4646153748035431,0.1538461595773697,0.4487179517745971
cross,gcn,UK,IEEE39,0,True,pu_zscore,4.929619312286377,ckpt_norm/cross_gcn/cc_gcn_UK_s0.pt,100,49.31019973754883,46879.4765625,1000,10.55561637878418,8539.6181640625,2900,0.1931674778461456,0.0433815978467464,3800,0.8386497497558594,66.79431915283203,47308.78125,47450.57421875,47500.52734375,57222.55078125,57718.32421875,59736.94921875,0.0881479009985923,0.1090501695871353,0.1382210254669189,126.6001968383789,145.74496459960938,163.07937622070312,2900,0.3834482729434967,0.6489655375480652,0.0152877699583768,0.4401566088199615
cross,gcn,UK,IEEE118,0,True,pu_zscore,0.958189070224762,ckpt_norm/cross_gcn/cc_gcn_UK_s0.pt,100,11.54989528656006,26056.60546875,5400,1.8218284845352173,5591.27099609375,6400,0.2066314369440078,0.0408000946044921,11700,0.5149245262145996,175.6045379638672,27027.1640625,27220.279296875,27244.537109375,10246.880859375,10960.83984375,11326.388671875,0.0823786333203315,0.1004525274038314,0.1168129444122314,272.4850769042969,304.4645080566406,349.2001953125,6400,0.1404687464237213,0.6725000143051147,0.2669633030891418,0.6626067757606506
cross,gcn,UK,UK,0,False,pu_zscore,0.0067964917980134,ckpt_norm/cross_gcn/cc_gcn_UK_s0.pt,100,0.0264575872570276,266.02032470703125,2400,0.0097165079787373,53.13690185546875,500,0.0406166054308414,0.0004992575850337,2800,0.015212383121252,1.5433670282363892,991.5045166015624,2659.2236328125,8008.4091796875,187.30963134765625,392.25091552734375,1876.11669921875,0.0020650713704526,0.0046539665199816,0.0252239108085632,5.324159622192383,9.653307914733888,18.83330535888672,500,0.0,0.0,,0.0
cross,gcn,UK,IEEE24,100,True,pu_zscore,8.794110298156738,ckpt_norm/cross_gcn/cc_gcn_UK_s100.pt,100,39.70867156982422,48742.765625,1100,16.538667678833008,7228.6396484375,1300,0.2607328593730926,0.0306430496275424,2300,0.4698246419429779,34.92671585083008,51081.3359375,53319.375,57290.3828125,24438.7734375,25308.708984375,32193.734375,0.081723466515541,0.0822129026055336,0.0894302129745483,60.63385772705078,73.72605895996094,144.2223663330078,1300,0.0399999991059303,0.0,1.0,0.0
cross,gcn,UK,IEEE39,100,True,pu_zscore,2.5775015354156494,ckpt_norm/cross_gcn/cc_gcn_UK_s100.pt,100,31.045581817626957,29514.865234375,1000,4.649147033691406,6168.517578125,2900,0.242634043097496,0.0529657192528247,3800,0.9758400917053224,54.07677459716797,29756.931640625,29811.216796875,29811.4921875,15303.91015625,15363.0849609375,15409.9404296875,0.122924156486988,0.1549271941184997,0.186642587184906,133.4748992919922,444.72406005859375,572.8419799804688,2900,0.3834482729434967,0.0003448275965638,1.0,0.0005592841189354
cross,gcn,UK,IEEE118,100,True,pu_zscore,0.2087867707014084,ckpt_norm/cross_gcn/cc_gcn_UK_s100.pt,100,3.2548396587371826,7274.041015625,5400,0.3455690145492553,795.2327880859375,6400,0.1252178400754928,0.0183988958597183,11700,0.3299456536769867,110.26643371582033,8271.8583984375,11231.677734375,13926.75,2741.23779296875,4501.66552734375,4501.66552734375,0.0581215918064117,0.1013105288147926,0.1556820273399353,186.9109344482422,220.97134399414065,270.6449890136719,6400,0.1404687464237213,0.0,1.0,0.0
cross,gcn,UK,UK,100,False,pu_zscore,0.0076161702163517,ckpt_norm/cross_gcn/cc_gcn_UK_s100.pt,100,0.0301777627319097,600.8283081054688,2400,0.0103216907009482,56.47841644287109,500,0.0425271801650524,0.0005177367711439,2800,0.0166038498282432,1.5388507843017578,1026.180908203125,3437.98291015625,7777.0400390625,188.39886474609372,479.5180358886719,2230.873046875,0.002124625025317,0.0043212878517806,0.0266070365905761,5.477422714233398,10.589054107666016,26.645931243896484,500,0.0,0.0,,0.0
cross,gcn,UK,IEEE24,1000,True,pu_zscore,0.5911092162132263,ckpt_norm/cross_gcn/cc_gcn_UK_s1000.pt,100,1.3811242580413818,1640.8232421875,1100,1.716265320777893,944.0862426757812,1300,0.204854741692543,0.0241455025970935,2300,2.222876787185669,151.65432739257812,2160.20166015625,2748.03466796875,2776.32275390625,1778.4102783203125,1837.1326904296875,1896.66845703125,0.0529708489775657,0.0626898929476738,0.0904773473739624,347.8417358398437,390.08697509765625,396.6350402832031,1300,0.0399999991059303,0.0,1.0,0.0
cross,gcn,UK,IEEE39,1000,True,pu_zscore,0.9961580634117126,ckpt_norm/cross_gcn/cc_gcn_UK_s1000.pt,100,15.312593460083008,14556.5302734375,1000,0.7360343933105469,995.0704956054688,2900,0.2617042362689972,0.0536444000899791,3800,1.1306504011154177,63.255706787109375,14964.0283203125,15027.1748046875,15210.041015625,3219.0712890625,3645.90576171875,3930.686279296875,0.1405903548002243,0.1673778295516967,0.1849192976951599,275.1268615722656,341.3309020996094,368.38909912109375,2900,0.3834482729434967,0.0,1.0,0.0
cross,gcn,UK,IEEE118,1000,True,pu_zscore,0.2172198444604873,ckpt_norm/cross_gcn/cc_gcn_UK_s1000.pt,100,0.4151899814605713,767.7725830078125,5400,0.4700271785259247,1266.4202880859375,6400,0.1583907753229141,0.0278637427836656,11700,0.4945063292980194,162.15049743652344,1695.351806640625,1893.372802734375,1917.880126953125,3135.250732421875,4151.95458984375,4183.3671875,0.0644310042262077,0.1137736663222312,0.1668556928634643,274.88531494140625,450.9041442871094,506.0394592285156,6400,0.1404687464237213,0.0,1.0,0.0
cross,gcn,UK,UK,1000,False,pu_zscore,0.0074106501415371,ckpt_norm/cross_gcn/cc_gcn_UK_s1000.pt,100,0.0224116276949644,477.4960021972656,2400,0.0154067398980259,109.16033172607422,500,0.0413911528885364,0.0006726930150762,2800,0.0293778236955404,2.6203396320343018,1347.617919921875,2933.127197265625,3382.609375,369.5642395019531,541.2371826171875,1702.972900390625,0.0017454026965424,0.0053471461869776,0.0226158499717712,8.724931716918945,20.08462905883789,55.57783508300781,500,0.0,0.0,,0.0
cross,gcn,UK,IEEE24,300,True,pu_zscore,10.151118278503418,ckpt_norm/cross_gcn/cc_gcn_UK_s300.pt,100,29.997180938720703,36827.98828125,1100,28.317419052124023,15675.8525390625,1300,0.3379545509815216,0.0421737469732761,2300,0.8676320314407349,64.14012145996094,37487.17578125,37820.984375,37862.48828125,27881.533203125,28592.388671875,31157.533203125,0.0884666591882705,0.0888826623558998,0.1004302501678466,115.32231903076172,128.50648498535156,171.17556762695312,1300,0.0399999991059303,0.0130769228562712,1.0,0.0136217949911952
cross,gcn,UK,IEEE39,300,True,pu_zscore,3.83302640914917,ckpt_norm/cross_gcn/cc_gcn_UK_s300.pt,100,25.553468704223636,24275.158203125,1000,9.565834045410156,14245.2734375,2900,0.2460268586874008,0.0550981387495994,3800,0.6927937865257263,53.62526321411133,24920.974609375,25134.0625,25355.357421875,23255.81640625,23905.734375,24108.837890625,0.1115297675132751,0.1387368887662887,0.1619127988815307,118.24987030029295,133.1288604736328,153.02499389648438,2900,0.3834482729434967,0.0989655181765556,0.9946042895317078,0.1571588367223739
cross,gcn,UK,IEEE118,300,True,pu_zscore,1.3309965133666992,ckpt_norm/cross_gcn/cc_gcn_UK_s300.pt,100,21.808643341064453,49209.1015625,5400,2.140166759490967,4000.051025390625,6400,0.1240100786089897,0.0195603687316179,11700,0.4292704463005066,145.0241241455078,50260.22265625,50381.8125,51673.76953125,18343.01953125,34266.09765625,36167.6171875,0.0533053204417228,0.0909955501556396,0.1318476200103759,235.076416015625,283.13916015625,332.21343994140625,6400,0.1404687464237213,0.015625,1.0,0.0181785132735967
cross,gcn,UK,UK,300,False,pu_zscore,0.006725541781634,ckpt_norm/cross_gcn/cc_gcn_UK_s300.pt,100,0.0265798177570104,357.3083190917969,2400,0.0091906730085611,46.68131637573242,500,0.0415676347911357,0.0005351807922124,2800,0.0150789627805352,1.6344943046569824,932.073486328125,2063.452880859375,8086.0361328125,186.4067230224609,424.63916015625,1663.28662109375,0.0021757564973086,0.0042251446284353,0.0261073112487792,4.989322662353516,9.52432918548584,18.605186462402344,500,0.0,0.0,,0.0
cross,gcn,UK,IEEE24,700,True,pu_zscore,7.656656742095947,ckpt_norm/cross_gcn/cc_gcn_UK_s700.pt,100,37.66097259521485,46242.69921875,1100,11.22914218902588,5991.90087890625,1300,0.1954587399959564,0.0230001676827669,2300,0.6054997444152832,46.23054885864258,46844.76953125,46883.6171875,46989.69140625,14885.8427734375,15030.474609375,15116.0458984375,0.0470237284898757,0.0623485520482063,0.0902878046035766,77.41505432128906,84.03491973876953,106.74364471435548,1300,0.0399999991059303,0.0,1.0,0.0
cross,gcn,UK,IEEE39,700,True,pu_zscore,1.0498241186141968,ckpt_norm/cross_gcn/cc_gcn_UK_s700.pt,100,4.957793235778809,4708.94775390625,1000,2.7538764476776123,4137.49853515625,2900,0.2615079879760742,0.0534444563090801,3800,0.4186471402645111,30.137903213500977,4955.9677734375,5010.1552734375,5010.42919921875,8157.439453125,8189.6005859375,8214.82421875,0.1410071700811386,0.1675951927900314,0.1847051382064819,64.30179595947266,139.64515686035156,154.00320434570312,2900,0.3834482729434967,0.0,1.0,0.0
cross,gcn,UK,IEEE118,700,True,pu_zscore,1.140379548072815,ckpt_norm/cross_gcn/cc_gcn_UK_s700.pt,100,24.959697723388672,56321.2890625,5400,1.030007243156433,2008.7794189453125,6400,0.1557614803314209,0.0268240552395582,11700,0.4780011475086212,164.1152801513672,57339.21484375,57537.51171875,57562.03125,6652.587890625,17511.896484375,18401.85546875,0.0644838586449623,0.1159207820892334,0.1669458746910095,248.8147125244141,290.5591735839844,331.333984375,6400,0.1404687464237213,0.0,1.0,0.0
cross,gcn,UK,UK,700,False,pu_zscore,0.011145120486617,ckpt_norm/cross_gcn/cc_gcn_UK_s700.pt,100,0.0425956808030605,854.1253051757812,2400,0.0167162604629993,127.24459838867188,500,0.041750244796276,0.0005295815644785,2800,0.0401338078081607,3.114388942718506,1740.5537109375,7558.8984375,8803.466796875,350.47711181640625,534.6350708007812,2384.92333984375,0.0020981905981898,0.0059318323619663,0.0214443802833557,10.531461715698242,31.562768936157227,78.31343841552734,500,0.0,0.0,,0.0
cross,gin,IEEE118,IEEE24,0,True,pu_zscore,0.4204919934272766,ckpt_norm/cross_gin/cc_gin_IEEE118_s0.pt,100,2.175743818283081,2651.6513671875,1100,0.4306862652301788,172.93321228027344,1300,0.7027254700660706,0.0773579105734825,2300,0.8646247982978821,66.09217071533203,3162.01318359375,3266.94287109375,3399.83056640625,673.49072265625,759.7152099609375,952.7744750976562,0.2179152220487594,0.2719619870185852,0.4324696063995361,105.0630874633789,118.6292495727539,157.21170043945312,1300,0.0399999991059303,0.6161538362503052,0.0384615398943424,0.6017628312110901
cross,gin,IEEE118,IEEE39,0,True,pu_zscore,0.2985457479953766,ckpt_norm/cross_gin/cc_gin_IEEE118_s0.pt,100,4.254084587097168,4038.8720703125,1000,0.2851359844207763,344.0581359863281,2900,1.3859233856201172,0.2923391461372375,3800,2.266462802886963,197.8316345214844,4322.2412109375,4394.34228515625,4492.3564453125,1159.025634765625,1452.1478271484375,1650.131591796875,0.6929057240486145,0.852059006690979,1.0692367553710938,330.54949951171875,395.9943237304688,489.7688293457031,2900,0.3834482729434967,0.8589655160903931,0.0746402889490127,0.81767338514328
cross,gin,IEEE118,IEEE118,0,False,pu_zscore,0.0031829494982957,ckpt_norm/cross_gin/cc_gin_IEEE118_s0.pt,100,0.0244511552155017,32.490360260009766,5400,0.0049750213511288,4.959951400756836,6400,0.011488233692944,0.00081214052625,11700,0.027808953076601,2.497568130493164,135.25852966308594,196.9867401123047,287.40283203125,19.518035888671875,62.743350982666016,359.623046875,0.0025823961477726,0.0107681266963481,0.0750825405120849,8.51862907409668,22.075551986694336,342.99072265625,6400,0.1404687464237213,0.1385937482118606,0.0333704128861427,0.003272132249549
cross,gin,IEEE118,UK,0,True,pu_zscore,0.3395197689533233,ckpt_norm/cross_gin/cc_gin_IEEE118_s0.pt,100,0.6554012298583984,21551.25,2400,0.702917754650116,5392.83740234375,500,414.94671630859375,5.455893516540527,2800,31.38906478881836,2916.475830078125,30753.884765625,33882.66015625,33995.43359375,16990.4609375,27705.833984375,41121.078125,42.94921875,61.353477478027344,75.8938217163086,11343.4912109375,20918.357421875,34148.671875,500,0.0,0.9100000262260436,,0.9100000262260436
cross,gin,IEEE118,IEEE24,100,True,pu_zscore,0.4665035009384155,ckpt_norm/cross_gin/cc_gin_IEEE118_s100.pt,100,2.296553134918213,2793.32568359375,1100,0.292875736951828,143.1609344482422,1300,2.132966995239258,0.2361532300710678,2300,3.1391537189483643,217.081787109375,3368.077880859375,3439.751220703125,3452.9658203125,390.3578796386719,502.3064575195313,531.1588134765625,0.6251013278961182,0.7469832301139832,0.8479331731796265,558.3751831054688,670.094970703125,774.2946166992188,1300,0.0399999991059303,0.818461537361145,0.0,0.8108974099159241
cross,gin,IEEE118,IEEE39,100,True,pu_zscore,0.2998968660831451,ckpt_norm/cross_gin/cc_gin_IEEE118_s100.pt,100,4.1660685539245605,3953.593505859375,1000,0.1831200718879699,224.819091796875,2900,2.181554079055786,0.4640704691410064,3800,3.4737443923950195,297.77545166015625,4273.0810546875,4320.845703125,4419.69873046875,731.5897827148438,879.8836059570312,983.704833984375,1.0755729675292969,1.260941505432129,1.4901771545410156,545.7636108398438,621.7406616210938,710.1339721679688,2900,0.3834482729434967,0.8948276042938232,0.0746402889490127,0.8758389353752136
cross,gin,IEEE118,IEEE118,100,False,pu_zscore,0.0032201772555708,ckpt_norm/cross_gin/cc_gin_IEEE118_s100.pt,100,0.0281041078269481,48.666542053222656,5400,0.0049323160201311,5.16900634765625,6400,0.0113881323486566,0.0008441980462521,11700,0.027784077450633,2.2869744300842285,138.65818786621094,205.38624572753903,292.62255859375,20.08889579772949,68.0068359375,359.230712890625,0.0026902521494776,0.0106374323368072,0.07525235414505,8.714439392089844,21.135107040405277,343.18212890625,6400,0.1404687464237213,0.1431249976158142,0.0266963299363851,0.0074531901627779
cross,gin,IEEE118,UK,100,True,pu_zscore,0.351474404335022,ckpt_norm/cross_gin/cc_gin_IEEE118_s100.pt,100,0.5225310325622559,14461.0341796875,2400,0.8112256526947021,6302.15576171875,500,363.6067504882813,5.047234058380127,2800,28.664453506469727,3285.92138671875,31584.2109375,34885.171875,34988.13671875,20713.0390625,30220.701171875,43685.0703125,37.67375183105469,52.159278869628906,64.18295288085938,9715.744140625,16063.53125,22717.064453125,500,0.0,0.8939999938011169,,0.8939999938011169
cross,gin,IEEE118,IEEE24,1000,True,pu_zscore,0.4288583099842071,ckpt_norm/cross_gin/cc_gin_IEEE118_s1000.pt,100,2.1859147548675537,2666.304931640625,1100,0.4346932470798492,195.73516845703125,1300,0.5455365180969238,0.0607282184064388,2300,1.5041115283966064,115.42330169677734,3140.780029296875,3181.654541015625,3222.6513671875,599.864990234375,783.4492797851562,1047.53466796875,0.1617691814899444,0.1903586387634277,0.200961172580719,221.37387084960935,244.2982940673828,277.8641967773437,1300,0.0399999991059303,0.5992307662963867,0.3461538553237915,0.5969551205635071
cross,gin,IEEE118,IEEE39,1000,True,pu_zscore,0.315426230430603,ckpt_norm/cross_gin/cc_gin_IEEE118_s1000.pt,100,4.754601955413818,4513.0126953125,1000,0.1848565489053726,250.38995361328125,2900,1.257492184638977,0.2691890001296997,3800,2.1002309322357178,188.2084808349609,4818.34765625,5065.533203125,5164.30517578125,662.09716796875,836.19970703125,1019.3226318359376,0.6235247254371643,0.7344591021537781,0.8557746410369873,305.8861694335937,349.32354736328125,372.66748046875,2900,0.3834482729434967,0.8593103289604187,0.0755395665764808,0.818791925907135
cross,gin,IEEE118,IEEE118,1000,False,pu_zscore,0.0036146722268313,ckpt_norm/cross_gin/cc_gin_IEEE118_s1000.pt,100,0.0329460948705673,53.65464782714844,5400,0.0058870892971754,5.807525634765625,6400,0.012266369536519,0.0009980612667277,11700,0.0279595479369163,2.5096895694732666,148.3404541015625,237.9596710205078,312.841552734375,17.578353881835938,65.93795013427734,471.697509765625,0.0031603842508047,0.0113650625571608,0.0758885741233825,9.00302791595459,21.56645774841309,345.29266357421875,6400,0.1404687464237213,0.140625,0.0311457179486751,0.0052717686630785
cross,gin,IEEE118,UK,1000,True,pu_zscore,0.2457933276891708,ckpt_norm/cross_gin/cc_gin_IEEE118_s1000.pt,100,0.4824097156524658,13111.3349609375,2400,0.5557456612586975,3687.715087890625,500,150.36070251464844,2.43667221069336,2800,17.357389450073242,2148.95654296875,30404.83984375,33360.11328125,33444.69921875,14627.431640625,20799.541015625,29846.244140625,15.41653537750244,20.378320693969727,25.240264892578125,5549.56494140625,8625.078125,14176.3486328125,500,0.0,0.9580000042915344,,0.9580000042915344
cross,gin,IEEE118,IEEE24,300,True,pu_zscore,0.6019245982170105,ckpt_norm/cross_gin/cc_gin_IEEE118_s300.pt,100,2.957627296447754,3610.30224609375,1100,0.8668181300163269,437.135009765625,1300,0.6410702466964722,0.0636973902583122,2300,0.9487376809120178,71.02484893798828,4244.19580078125,4343.994140625,4413.81591796875,1017.7933959960938,1211.594482421875,1318.789306640625,0.2277881652116775,0.2810384929180145,0.3585829734802246,134.4302520751953,173.4255828857422,195.94891357421875,1300,0.0399999991059303,0.6061538457870483,0.1346153914928436,0.5953525900840759
cross,gin,IEEE118,IEEE39,300,True,pu_zscore,0.4049926996231079,ckpt_norm/cross_gin/cc_gin_IEEE118_s300.pt,100,6.036282539367676,5734.02734375,1000,0.2345444560050964,346.7383728027344,2900,0.3832310140132904,0.0812862589955329,3800,3.1043875217437744,261.6778564453125,6007.130859375,6059.8916015625,6060.19091796875,799.5104370117188,852.6860961914062,886.6148071289062,0.1922052651643753,0.2515616416931152,0.372276246547699,472.8594665527344,519.1890869140625,606.455810546875,2900,0.3834482729434967,0.6910344958305359,0.0818345323204994,0.5497763156890869
cross,gin,IEEE118,IEEE118,300,False,pu_zscore,0.0035179450642317,ckpt_norm/cross_gin/cc_gin_IEEE118_s300.pt,100,0.0361933894455432,74.6615219116211,5400,0.0053826407529413,6.352278709411621,6400,0.0114147765561938,0.0008527355385012,11700,0.0282870549708604,2.460602045059204,136.73736572265625,215.17523193359372,229.087890625,23.97566032409668,59.30844497680664,391.797119140625,0.0027650757692754,0.0105135478079319,0.0752969980239868,9.3215970993042,23.04776954650879,344.1136474609375,6400,0.1404687464237213,0.1385937482118606,0.0344827584922313,0.0034539175685495
cross,gin,IEEE118,UK,300,True,pu_zscore,0.6750739216804504,ckpt_norm/cross_gin/cc_gin_IEEE118_s300.pt,100,0.5583852529525757,16019.08984375,2400,1.7278430461883545,12823.974609375,500,81.32281494140625,2.387843132019043,2800,42.82923889160156,4701.06103515625,33952.73828125,37157.234375,37276.05078125,43187.7890625,74816.5390625,86789.8203125,6.040740013122559,7.687556266784668,9.170255661010742,15217.1171875,22426.771484375,32684.41796875,500,0.0,0.9919999837875366,,0.9919999837875366
cross,gin,IEEE118,IEEE24,700,True,pu_zscore,0.5128564834594727,ckpt_norm/cross_gin/cc_gin_IEEE118_s700.pt,100,2.438042163848877,2973.166259765625,1100,0.8314718008041382,346.3630065917969,1300,1.46276593208313,0.1613185405731201,2300,0.840968132019043,57.81228256225586,3503.51025390625,3685.692626953125,3702.67333984375,1108.69775390625,1412.3533935546875,2471.75390625,0.4520489871501922,0.520866334438324,0.7321048974990845,121.59444427490234,163.29623413085938,208.1274871826172,1300,0.0399999991059303,0.8030769228935242,0.0,0.7948718070983887
cross,gin,IEEE118,IEEE39,700,True,pu_zscore,0.2432135343551635,ckpt_norm/cross_gin/cc_gin_IEEE118_s700.pt,100,3.5513994693756104,3358.781982421875,1000,0.2049872875213623,251.5408172607422,2900,0.8313175439834595,0.1786774098873138,3800,1.6954948902130127,143.6983184814453,3784.57666015625,3966.3271484375,4091.43994140625,819.8507690429688,1026.878173828125,1215.913818359375,0.4236153364181518,0.5550278425216675,0.7762760519981384,257.65936279296875,273.0990295410156,291.375,2900,0.3834482729434967,0.8506896495819092,0.0755395665764808,0.8048098683357239
cross,gin,IEEE118,IEEE118,700,False,pu_zscore,0.0034816858824342,ckpt_norm/cross_gin/cc_gin_IEEE118_s700.pt,100,0.0249629039317369,35.370243072509766,5400,0.0057551353238523,5.377660751342773,6400,0.0120509630069136,0.0008736782474443,11700,0.0285611245781183,2.5064070224761963,120.01720428466795,203.1441345214844,311.700927734375,18.296350479125977,65.67988586425781,402.89892578125,0.0028371482621878,0.0113207641988992,0.0756333470344543,9.164557456970217,23.78597450256348,346.4210510253906,6400,0.1404687464237213,0.1421875059604644,0.0278086755424737,0.006544264499098
cross,gin,IEEE118,UK,700,True,pu_zscore,3.392640829086304,ckpt_norm/cross_gin/cc_gin_IEEE118_s700.pt,100,1.8709557056427,51282.75390625,2400,9.354363441467283,60037.6015625,500,350.99615478515625,5.329110145568848,2800,61.47636032104492,7235.794921875,112287.046875,141649.953125,142695.0625,235452.34375,338044.09375,431967.46875,35.357139587402344,47.75352096557617,59.792510986328125,21534.837890625,27202.2421875,35034.15625,500,0.0,0.9580000042915344,,0.9580000042915344
cross,gin,IEEE24,IEEE24,0,False,pu_zscore,0.0102005191147327,ckpt_norm/cross_gin/cc_gin_IEEE24_s0.pt,100,0.0456544905900955,36.82702255249024,1100,0.0187599565833807,6.315672397613525,1300,0.0238678026944398,0.0018578037852421,2300,0.0277398489415645,1.297238826751709,122.28856658935548,167.9779510498047,228.2550048828125,20.78390121459961,39.67732238769531,154.38674926757812,0.0060126669704914,0.014172458089888,0.050886332988739,4.9393086433410645,11.225005149841309,15.070579528808594,1300,0.0399999991059303,0.0315384604036808,0.3269230723381042,0.0048076924867928
cross,gin,IEEE24,IEEE39,0,True,pu_zscore,0.1227538883686065,ckpt_norm/cross_gin/cc_gin_IEEE24_s0.pt,100,1.3043371438980105,1223.104736328125,1000,0.24160136282444,290.9039611816406,2900,0.292374849319458,0.0583710186183452,3800,0.6764535903930664,57.54674530029297,1466.657958984375,1520.6561279296875,1520.928466796875,992.0457153320312,1281.14453125,1471.7528076171875,0.1626894026994705,0.1949046403169632,0.2170902490615844,97.1241683959961,108.57361602783205,130.74998474121094,2900,0.3834482729434967,0.0796551704406738,0.8309352397918701,0.0240492168813943
cross,gin,IEEE24,IEEE118,0,True,pu_zscore,0.1283279806375503,ckpt_norm/cross_gin/cc_gin_IEEE24_s0.pt,100,2.758094310760498,6192.73193359375,5400,0.1058223322033882,259.082763671875,6400,0.2133276015520095,0.0409474559128284,11700,0.4329842925071716,147.3647918701172,7214.921875,7415.5693359375,7440.2109375,707.1123046875,1067.3734130859375,1988.6025390625,0.0816631093621254,0.1350747346878051,0.1900885105133056,229.0638885498047,274.484130859375,315.69244384765625,6400,0.1404687464237213,0.0317187495529651,0.8876529335975647,0.0185420829802751
cross,gin,IEEE24,UK,0,True,pu_zscore,0.1425450444221496,ckpt_norm/cross_gin/cc_gin_IEEE24_s0.pt,100,0.5418821573257446,15703.66015625,2400,0.1595073342323303,1212.320068359375,500,37.96713638305664,1.0725507736206057,2800,9.367576599121094,1054.12646484375,31132.82421875,33804.9921875,33911.84375,3634.81298828125,5803.439453125,10851.8583984375,2.528739213943481,2.667057991027832,2.8958187103271484,3459.085205078125,4740.193359375,6219.5732421875,500,0.0,0.8240000009536743,,0.8240000009536743
cross,gin,IEEE24,IEEE24,100,False,pu_zscore,0.010659652762115,ckpt_norm/cross_gin/cc_gin_IEEE24_s100.pt,100,0.0479953698813915,32.874610900878906,1100,0.01943114772439,6.187358856201172,1300,0.0287361796945333,0.0017974321963265,2300,0.0275138150900602,1.1259926557540894,136.0233612060547,173.8535614013672,262.99859619140625,21.47948455810547,42.91465759277344,152.61463928222656,0.0059543596580624,0.0132784368470311,0.1057987213134765,4.568907737731934,11.693873405456545,30.139720916748047,1300,0.0399999991059303,0.0292307697236537,0.3269230723381042,0.0024038462433964
cross,gin,IEEE24,IEEE39,100,True,pu_zscore,0.1289391815662384,ckpt_norm/cross_gin/cc_gin_IEEE24_s100.pt,100,1.294226050376892,1213.442626953125,1000,0.2626541554927826,344.13043212890625,2900,0.3507968783378601,0.0702384412288665,3800,0.7946712970733643,69.32666778564453,1453.6546630859375,1506.83203125,1507.0982666015625,1043.797607421875,1334.328857421875,1525.8594970703125,0.1924069076776504,0.2252592295408249,0.2516970634460449,111.89983367919922,119.16934967041016,139.837890625,2900,0.3834482729434967,0.2906896471977234,0.4856114983558655,0.1515659987926483
cross,gin,IEEE24,IEEE118,100,True,pu_zscore,0.1239211186766624,ckpt_norm/cross_gin/cc_gin_IEEE24_s100.pt,100,2.4782447814941406,5555.34423828125,5400,0.1325169503688812,308.7006530761719,6400,0.1671623140573501,0.0299775097519159,11700,0.4580888748168945,158.0018768310547,6614.59814453125,6819.98291015625,6844.841796875,993.5222778320312,1376.1875,1616.3125,0.0621608458459377,0.1194703802466392,0.177834153175354,241.2584381103516,288.4926147460937,332.04736328125,6400,0.1404687464237213,0.0009374999790452,1.0,0.0010907107498496
cross,gin,IEEE24,UK,100,True,pu_zscore,0.3301647901535034,ckpt_norm/cross_gin/cc_gin_IEEE24_s100.pt,100,0.4266025125980377,11309.556640625,2400,0.8215254545211792,6112.859375,500,62.54147338867188,1.7194985151290894,2800,20.793737411499023,2580.265869140625,26640.68359375,29632.369140625,29765.609375,21425.4453125,25722.669921875,31043.2890625,5.021175861358643,5.915149211883545,6.5907816886901855,6498.07373046875,7339.67626953125,7961.9873046875,500,0.0,0.9639999866485596,,0.9639999866485596
cross,gin,IEEE24,IEEE24,1000,False,pu_zscore,0.0109223630279302,ckpt_norm/cross_gin/cc_gin_IEEE24_s1000.pt,100,0.051298938691616,43.32046890258789,1100,0.0178990866988897,5.868308067321777,1300,0.0243190303444862,0.0017606682376936,2300,0.0274581387639045,1.34953773021698,130.89813232421875,191.39341735839844,274.70849609375,20.88432884216309,38.947731018066406,153.2449188232422,0.0066337902098894,0.0136359287425875,0.0608854293823242,4.727723598480225,10.807658195495604,16.491416931152344,1300,0.0399999991059303,0.0253846161067485,0.4038461446762085,0.0016025641234591
cross,gin,IEEE24,IEEE39,1000,True,pu_zscore,0.1250095665454864,ckpt_norm/cross_gin/cc_gin_IEEE24_s1000.pt,100,1.3182848691940308,1235.9537353515625,1000,0.2460716962814331,288.4408874511719,2900,0.2880475521087646,0.0602032579481601,3800,0.7381389141082764,62.95286178588867,1486.6317138671875,1539.7130126953125,1539.977783203125,1089.27978515625,1374.3865966796875,1571.4288330078125,0.1492758244276046,0.1809429675340652,0.1995764970779419,110.41280364990234,121.44541931152344,140.7127227783203,2900,0.3834482729434967,0.0513793118298053,0.9820144176483154,0.0721476525068283
cross,gin,IEEE24,IEEE118,1000,True,pu_zscore,0.1189853549003601,ckpt_norm/cross_gin/cc_gin_IEEE24_s1000.pt,100,2.5564589500427246,5734.97998046875,5400,0.089530661702156,213.0869140625,6400,0.1501317918300628,0.0258310977369546,11700,0.4766890108585357,161.10638427734375,6769.55908203125,6975.63427734375,7000.478515625,665.2613525390625,1123.6246337890625,2109.61865234375,0.0565859451889991,0.1146647632122039,0.161544919013977,248.94908142089844,349.7309265136719,442.2752685546875,6400,0.1404687464237213,0.03125,0.888765275478363,0.0181785132735967
cross,gin,IEEE24,UK,1000,True,pu_zscore,0.3402696847915649,ckpt_norm/cross_gin/cc_gin_IEEE24_s1000.pt,100,0.4011135995388031,10557.6123046875,2400,0.829597532749176,6210.728515625,500,18.10793876647949,0.4766721427440643,2800,25.019994735717773,3069.32470703125,27322.49609375,30661.05859375,30813.462890625,19800.6015625,23962.265625,25356.0859375,1.5356448888778689,1.7737425565719604,1.9608997106552124,7884.62451171875,9766.3232421875,11825.927734375,500,0.0,0.944000005722046,,0.944000005722046
cross,gin,IEEE24,IEEE24,300,False,pu_zscore,0.0106745976954698,ckpt_norm/cross_gin/cc_gin_IEEE24_s300.pt,100,0.0483597852289676,34.137901306152344,1100,0.0191767662763595,6.204095363616943,1300,0.0243230983614921,0.0022336915135383,2300,0.0277624819427728,1.3087650537490845,126.39530181884766,172.8693389892578,296.8423156738281,20.03847312927246,42.756614685058594,158.96755981445312,0.006822342518717,0.0129227759316563,0.0451951026916503,4.909605503082275,11.553528785705566,14.462684631347656,1300,0.0399999991059303,0.0384615398943424,0.2692307829856872,0.0096153849735856
cross,gin,IEEE24,IEEE39,300,True,pu_zscore,0.1114757508039474,ckpt_norm/cross_gin/cc_gin_IEEE24_s300.pt,100,1.0668989419937134,992.801025390625,1000,0.2357230484485626,280.4701232910156,2900,0.3096089661121368,0.0618681646883487,3800,0.6431099772453308,53.02693939208984,1242.0677490234375,1296.5042724609375,1296.78076171875,982.2623901367188,1273.239990234375,1465.994384765625,0.1722576320171356,0.2032063603401184,0.2346003055572509,97.27056121826172,110.7132568359375,138.75552368164062,2900,0.3834482729434967,0.0679310336709022,0.894784152507782,0.0447427295148372
cross,gin,IEEE24,IEEE118,300,True,pu_zscore,0.1184608489274978,ckpt_norm/cross_gin/cc_gin_IEEE24_s300.pt,100,2.520245313644409,5652.033203125,5400,0.08645049482584,188.40513610839844,6400,0.1571684181690216,0.0253955610096454,11700,0.5354242324829102,175.43263244628906,6700.37744140625,6907.0166015625,6932.06640625,641.5629272460938,1136.618896484375,2243.9296875,0.0656827241182327,0.1223936975002288,0.1799104809761047,302.8749084472656,455.2098083496094,507.5172119140625,6400,0.1404687464237213,0.1037499979138374,0.8809788823127747,0.1012543141841888
cross,gin,IEEE24,UK,300,True,pu_zscore,0.241534411907196,ckpt_norm/cross_gin/cc_gin_IEEE24_s300.pt,100,0.5654815435409546,16742.185546875,2400,0.3740341365337372,2571.6123046875,500,45.01340866088867,1.2848347425460815,2800,28.091447830200195,3250.7216796875,31704.310546875,34452.1015625,34559.91796875,9801.322265625,14534.5146484375,19887.322265625,2.959581136703491,3.3749945163726807,3.7668204307556152,9564.302734375,11938.4052734375,14743.7294921875,500,0.0,0.921999990940094,,0.921999990940094
cross,gin,IEEE24,IEEE24,700,False,pu_zscore,0.0106740351766347,ckpt_norm/cross_gin/cc_gin_IEEE24_s700.pt,100,0.0504835210740566,37.9561653137207,1100,0.0170844513922929,5.606746673583984,1300,0.0222149863839149,0.0017108047613874,2300,0.0274270679801702,1.2674903869628906,127.20079803466795,191.2775115966797,299.11431884765625,19.686826705932617,39.00188827514648,157.03135681152344,0.0049762167036533,0.0121595347300171,0.0579719543457031,4.790489673614502,10.800910949707031,14.753557205200195,1300,0.0399999991059303,0.0384615398943424,0.25,0.0088141029700636
cross,gin,IEEE24,IEEE39,700,True,pu_zscore,0.1156301945447921,ckpt_norm/cross_gin/cc_gin_IEEE24_s700.pt,100,1.1024962663650513,1028.18701171875,1000,0.2469860315322876,308.6861877441406,2900,0.3309114873409271,0.0650106146931648,3800,0.5987036228179932,49.82109832763672,1276.135986328125,1325.8070068359375,1326.08251953125,982.8027954101562,1271.6097412109375,1461.8719482421875,0.1834601610898971,0.214731678366661,0.2406870126724243,92.45036315917967,103.5522689819336,121.61825561523438,2900,0.3834482729434967,0.0506896562874317,0.8758992552757263,0.0050335568375885
cross,gin,IEEE24,IEEE118,700,True,pu_zscore,0.1276385188102722,ckpt_norm/cross_gin/cc_gin_IEEE24_s700.pt,100,2.3248825073242188,5217.93603515625,5400,0.1568187624216079,398.513671875,6400,0.1423830837011337,0.0238863993436098,11700,0.5978715419769287,195.9011993408203,6136.080078125,6331.96923828125,6356.3623046875,1123.0186767578125,1369.630126953125,2700.045166015625,0.055150531232357,0.111796535551548,0.162450909614563,356.4830017089844,516.9505004882812,577.7593383789062,6400,0.1404687464237213,0.0010937500046566,0.9933258891105652,0.0001817851298255
cross,gin,IEEE24,UK,700,True,pu_zscore,0.2373536825180053,ckpt_norm/cross_gin/cc_gin_IEEE24_s700.pt,100,0.8563781976699829,28301.58203125,2400,0.36020427942276,3108.208984375,500,65.89987182617188,1.924367427825928,2800,11.268211364746094,1321.3240966796875,36538.17578125,37530.17578125,37573.98828125,7525.03271484375,8853.1875,11757.861328125,4.835994243621826,5.260597229003906,5.483587741851807,3916.640625,5325.2041015625,6916.29736328125,500,0.0,1.0,,1.0
cross,gin,IEEE39,IEEE24,0,True,pu_zscore,0.124281071126461,ckpt_norm/cross_gin/cc_gin_IEEE39_s0.pt,100,0.4602573812007904,449.5682373046875,1100,0.2061848789453506,102.91738891601562,1300,0.4978289604187011,0.0538562312722206,2300,1.1361652612686155,57.96949005126953,990.8331298828124,1069.2841796875,1088.3748779296875,214.4817047119141,238.0845947265625,271.397216796875,0.1590248346328735,0.178959310054779,0.1826611757278442,205.02493286132807,324.8046264648437,362.8084411621094,1300,0.0399999991059303,0.3315384685993194,0.8846153616905212,0.3405448794364929
cross,gin,IEEE39,IEEE39,0,False,pu_zscore,0.0151730934157967,ckpt_norm/cross_gin/cc_gin_IEEE39_s0.pt,100,0.0376791097223758,25.90082359313965,1000,0.0407435223460197,37.484352111816406,2900,0.0469080060720443,0.0076884333975613,3800,0.0560157410800457,3.2454581260681152,81.70238494873047,101.91748809814452,103.3800048828125,174.90611267089844,309.7613525390625,384.785888671875,0.0238259155303239,0.0524318143725395,0.0894263386726379,12.892181396484377,21.48419570922852,25.567176818847656,2900,0.3834482729434967,0.3834482729434967,0.0494604334235191,0.0307606272399425
cross,gin,IEEE39,IEEE118,0,True,pu_zscore,0.208176389336586,ckpt_norm/cross_gin/cc_gin_IEEE39_s0.pt,100,2.4151206016540527,5416.76123046875,5400,0.3924089968204498,961.548583984375,6400,0.535431444644928,0.1037444844841957,11700,0.5255728363990784,131.09225463867188,6415.6767578125,6615.39599609375,6639.98876953125,2821.525146484375,4323.4248046875,5220.2939453125,0.2314211130142212,0.3164858520030975,0.3612158298492431,420.7507934570313,677.9523315429688,908.9124145507812,6400,0.1404687464237213,0.6053125262260437,0.6473859548568726,0.6466097235679626
cross,gin,IEEE39,UK,0,True,pu_zscore,0.2663321793079376,ckpt_norm/cross_gin/cc_gin_IEEE39_s0.pt,100,0.5035314559936523,13791.1396484375,2400,0.4134434461593628,3352.058837890625,500,123.77454376220705,3.7655489444732666,2800,34.13719177246094,4207.5947265625,30244.16015625,32711.59375,32812.4296875,9476.2734375,11109.5146484375,13455.91796875,7.361632347106934,7.640978813171387,7.972985744476318,11024.5,12857.1826171875,13950.794921875,500,0.0,0.9940000176429749,,0.9940000176429749
cross,gin,IEEE39,IEEE24,100,True,pu_zscore,0.1554756760597229,ckpt_norm/cross_gin/cc_gin_IEEE39_s100.pt,100,0.4850178360939026,482.5950927734375,1100,0.3711569309234619,172.6995391845703,1300,0.3672830462455749,0.0454665198922157,2300,1.03935968875885,61.45672607421875,1028.83984375,1113.3468017578125,1126.3572998046875,453.4022521972656,490.0652465820313,525.3847045898438,0.0908018201589584,0.1065656393766403,0.124352216720581,178.587890625,279.759765625,308.2223815917969,1300,0.0399999991059303,0.2876923084259033,0.8846153616905212,0.2948718070983886
cross,gin,IEEE39,IEEE39,100,False,pu_zscore,0.0142697626724839,ckpt_norm/cross_gin/cc_gin_IEEE39_s100.pt,100,0.0521726012229919,43.54061508178711,1000,0.0377134904265403,40.44278717041016,2900,0.0459493249654769,0.0068274531513452,3800,0.054912868887186,3.292430877685547,86.87808990478516,115.0565948486328,117.541015625,154.9406280517578,278.98095703125,354.0035400390625,0.0258896760642528,0.0529350712895393,0.0942141413688659,12.348812103271484,20.70264434814453,26.5714111328125,2900,0.3834482729434967,0.3803448379039764,0.0503597110509872,0.0262863542884588
cross,gin,IEEE39,IEEE118,100,True,pu_zscore,0.1203308552503585,ckpt_norm/cross_gin/cc_gin_IEEE39_s100.pt,100,2.200531482696533,4930.8125,5400,0.144212543964386,348.1572265625,6400,0.762253999710083,0.1470479369163513,11700,0.5892645120620728,134.9630584716797,5903.5634765625,6101.02490234375,6125.50732421875,1052.541748046875,1627.9415283203125,3387.9248046875,0.3032565414905548,0.4319518208503723,0.5015408992767334,491.7536315917969,817.5703735351562,1138.109130859375,6400,0.1404687464237213,0.8520312309265137,0.4004449248313904,0.8932921290397644
cross,gin,IEEE39,UK,100,True,pu_zscore,0.3960289359092712,ckpt_norm/cross_gin/cc_gin_IEEE39_s100.pt,100,0.5393993854522705,15495.974609375,2400,0.3224367797374725,2496.047607421875,500,124.2264633178711,3.692190647125244,2800,64.11235809326172,8035.1435546875,31889.578125,35062.03125,35218.36328125,7387.53466796875,9910.955078125,12099.880859375,7.815837860107422,8.821040153503418,10.049104690551758,20277.470703125,22130.833984375,23042.228515625,500,0.0,1.0,,1.0
cross,gin,IEEE39,IEEE24,1000,True,pu_zscore,0.1982253044843673,ckpt_norm/cross_gin/cc_gin_IEEE39_s1000.pt,100,0.2752276062965393,272.1744079589844,1100,0.6055750250816345,317.03094482421875,1300,0.4354954063892364,0.0426339469850063,2300,0.973225235939026,57.95964050292969,623.4732055664062,709.8279418945312,726.118408203125,672.251953125,697.2078857421875,812.445068359375,0.1793276220560073,0.2147061377763748,0.2550355195999145,172.6792449951172,258.9373779296875,297.7513732910156,1300,0.0399999991059303,0.2361538410186767,0.807692289352417,0.237980768084526
cross,gin,IEEE39,IEEE39,1000,False,pu_zscore,0.0143418665975332,ckpt_norm/cross_gin/cc_gin_IEEE39_s1000.pt,100,0.0284247305244207,22.5576229095459,1000,0.0386302918195724,36.47723388671875,2900,0.0465321019291877,0.0069498633965849,3800,0.056652408093214,3.179882049560547,42.9217643737793,77.00765991210938,110.521240234375,163.7635498046875,297.3336181640625,372.35638427734375,0.0251583624631166,0.0544756203889846,0.1029430031776428,12.934537887573242,21.768569946289062,26.730224609375,2900,0.3834482729434967,0.3744827508926391,0.0548561140894889,0.0195749439299106
cross,gin,IEEE39,IEEE118,1000,True,pu_zscore,0.1299528777599334,ckpt_norm/cross_gin/cc_gin_IEEE39_s1000.pt,100,2.470909833908081,5544.689453125,5400,0.16072678565979,379.2235107421875,6400,0.5613937377929688,0.1119622886180877,11700,0.4332155287265777,106.01213836669922,6524.10302734375,6721.2705078125,6745.7314453125,1134.657958984375,1851.6993408203125,3528.69287109375,0.2359673380851745,0.2890186905860901,0.3611540794372558,344.5044860839844,588.9288330078125,753.7720947265625,6400,0.1404687464237213,0.7264062762260437,0.5150166749954224,0.7658607363700867
cross,gin,IEEE39,UK,1000,True,pu_zscore,0.4478959739208221,ckpt_norm/cross_gin/cc_gin_IEEE39_s1000.pt,100,0.5923211574554443,17524.25,2400,0.6838536262512207,5624.537109375,500,154.47853088378906,4.383800029754639,2800,62.66349029541016,7816.6943359375,33962.3203125,36611.6171875,36681.1640625,15733.71484375,22696.3984375,26173.224609375,10.038640975952148,10.74803352355957,11.621968269348145,19292.693359375,23761.2578125,25869.138671875,500,0.0,0.959999978542328,,0.959999978542328
cross,gin,IEEE39,IEEE24,300,True,pu_zscore,0.3265602886676788,ckpt_norm/cross_gin/cc_gin_IEEE39_s300.pt,100,0.4647042453289032,466.5867919921875,1100,1.0092893838882446,459.1734008789063,1300,0.4453082382678985,0.0573480241000652,2300,1.365489840507507,79.49246215820312,997.456787109375,1071.1165771484375,1112.58349609375,1361.5084228515625,1429.3427734375,1498.96630859375,0.101016953587532,0.1090391650795936,0.1457083225250244,245.3880615234375,353.4300231933594,391.849853515625,1300,0.0399999991059303,0.4661538600921631,0.6538461446762085,0.4711538553237915
cross,gin,IEEE39,IEEE39,300,False,pu_zscore,0.0144148115068674,ckpt_norm/cross_gin/cc_gin_IEEE39_s300.pt,100,0.0300856325775384,25.181978225708008,1000,0.0387723930180072,35.274131774902344,2900,0.0472060963511467,0.00654564704746,3800,0.0582046173512935,2.8851406574249268,50.089630126953125,58.34642028808594,69.2432861328125,174.80303955078125,296.89892578125,371.9221801757813,0.0258969850838184,0.0569317452609539,0.0939807891845703,14.081011772155762,22.840221405029297,28.26766967773437,2900,0.3834482729434967,0.3731034398078918,0.0584532357752323,0.0195749439299106
cross,gin,IEEE39,IEEE118,300,True,pu_zscore,0.1844754368066787,ckpt_norm/cross_gin/cc_gin_IEEE39_s300.pt,100,1.840092658996582,4113.36474609375,5400,0.3588700294494629,888.9260864257812,6400,0.6606392860412598,0.1284049451351165,11700,0.5508487820625305,133.4393310546875,5044.88037109375,5238.93115234375,5263.2431640625,2203.0771484375,4270.06396484375,4916.57177734375,0.2653373181819916,0.3684408366680145,0.4424833059310913,415.0678405761719,704.5120849609375,1093.36376953125,6400,0.1404687464237213,0.760937511920929,0.3626251518726349,0.7811307311058044
cross,gin,IEEE39,UK,300,True,pu_zscore,0.3629204332828522,ckpt_norm/cross_gin/cc_gin_IEEE39_s300.pt,100,0.660452663898468,20448.439453125,2400,0.2750152945518493,2204.085205078125,500,193.16168212890625,5.882792949676514,2800,56.59153366088867,6882.85302734375,34861.796875,37652.28125,37753.67578125,6120.70166015625,7989.6630859375,11064.3193359375,11.870746612548828,12.210296630859377,12.564217567443848,18045.0625,22512.626953125,25063.00390625,500,0.0,1.0,,1.0
cross,gin,IEEE39,IEEE24,700,True,pu_zscore,0.1497796922922134,ckpt_norm/cross_gin/cc_gin_IEEE39_s700.pt,100,0.4435834586620331,424.6668090820313,1100,0.3219364881515503,168.45877075195312,1300,0.4488158226013183,0.0551227517426013,2300,1.3549264669418335,73.19474029541016,981.6466674804688,1065.9930419921875,1071.66357421875,385.5151062011719,424.3229370117188,471.8077087402344,0.1419278234243393,0.1511264592409134,0.1521697044372558,247.7659149169922,343.18975830078125,356.00799560546875,1300,0.0399999991059303,0.3530769348144531,0.8846153616905212,0.3629807829856872
cross,gin,IEEE39,IEEE39,700,False,pu_zscore,0.0146466195583343,ckpt_norm/cross_gin/cc_gin_IEEE39_s700.pt,100,0.041114043444395,29.78946685791016,1000,0.0391394980251789,36.51115417480469,2900,0.0462439954280853,0.0066413544118404,3800,0.0574162490665912,3.0598466396331787,84.72636413574219,90.16145324707033,100.5841064453125,166.43338012695312,300.7384033203125,375.76068115234375,0.0275289770215749,0.0538552515208721,0.0921154618263244,13.820335388183594,22.56160926818848,27.21780776977539,2900,0.3834482729434967,0.3720689713954925,0.0611510798335075,0.0195749439299106
cross,gin,IEEE39,IEEE118,700,True,pu_zscore,0.1073792651295661,ckpt_norm/cross_gin/cc_gin_IEEE39_s700.pt,100,1.985466480255127,4440.9091796875,5400,0.1392134875059127,284.3835144042969,6400,0.618096649646759,0.1192984357476234,11700,0.3667415082454681,97.60724639892578,5416.69482421875,5615.57275390625,5640.1259765625,1095.1429443359375,1748.259765625,3526.368408203125,0.2778178453445434,0.3618993163108825,0.3985813856124878,242.46170043945312,431.77288818359375,652.7816162109375,6400,0.1404687464237213,0.7362499833106995,0.4071190357208252,0.7596800327301025
cross,gin,IEEE39,UK,700,True,pu_zscore,0.3088698983192444,ckpt_norm/cross_gin/cc_gin_IEEE39_s700.pt,100,0.486677348613739,13755.55078125,2400,0.6608172059059143,5819.7626953125,500,144.58767700195312,4.183240413665772,2800,29.762645721435547,3635.58251953125,29515.162109375,32261.466796875,32397.404296875,13962.220703125,15493.8056640625,16755.546875,9.243054389953612,10.06235694885254,11.01678466796875,9174.6796875,12278.103515625,13976.548828125,500,0.0,0.9860000014305116,,0.9860000014305116
cross,gin,UK,IEEE24,0,True,pu_zscore,4.246730327606201,ckpt_norm/cross_gin/cc_gin_UK_s0.pt,100,13.878022193908691,17033.333984375,1100,11.2936372756958,5765.9755859375,1300,0.2496835589408874,0.0291951894760131,2300,0.5865427255630493,42.12892150878906,17555.970703125,18829.216796875,19033.931640625,12302.0322265625,12353.3154296875,14730.041015625,0.0689593404531478,0.0710148438811302,0.080337643623352,79.28993225097656,92.79403686523438,97.5609359741211,1300,0.0399999991059303,0.0,1.0,0.0
cross,gin,UK,IEEE39,0,True,pu_zscore,1.1189440488815308,ckpt_norm/cross_gin/cc_gin_UK_s0.pt,100,16.457849502563477,15645.423828125,1000,1.1993807554244995,1708.7091064453125,2900,0.2377363890409469,0.0505019836127758,3800,0.2603187561035156,19.8665714263916,16049.453125,16112.88671875,16296.6015625,3807.959228515625,4138.322265625,4396.37353515625,0.1249874085187912,0.1524258404970169,0.1686574220657348,45.45816802978516,54.27842712402344,71.45166015625,2900,0.3834482729434967,0.0,1.0,0.0
cross,gin,UK,IEEE118,0,True,pu_zscore,0.4337652623653412,ckpt_norm/cross_gin/cc_gin_UK_s0.pt,100,9.180688858032228,20709.0625,5400,0.4465793073177337,1051.7685546875,6400,0.1217348724603653,0.018979474902153,11700,0.4001055955886841,138.1395263671875,21663.76953125,21859.19921875,21883.57421875,3434.358642578125,4985.72119140625,5862.81494140625,0.0593130961060524,0.0957644283771514,0.1467025876045227,206.96812438964844,228.97628784179688,261.0890808105469,6400,0.1404687464237213,0.0,1.0,0.0
cross,gin,UK,UK,0,False,pu_zscore,0.0054794293828308,ckpt_norm/cross_gin/cc_gin_UK_s0.pt,100,0.020484710112214,322.35791015625,2400,0.0086479298770427,50.44628143310547,500,0.040626011788845,0.0004503837844822,2800,0.0131441047415137,1.3899692296981812,1378.8382568359375,2396.1142578125,4525.615234375,170.11561584472656,397.516357421875,1220.20068359375,0.0015652234433218,0.0040528699755668,0.0241807103157043,4.208146572113037,6.969634532928467,27.974140167236328,500,0.0,0.0,,0.0
cross,gin,UK,IEEE24,100,True,pu_zscore,24.17485618591309,ckpt_norm/cross_gin/cc_gin_UK_s100.pt,100,21.25873374938965,25873.162109375,1100,79.00656127929688,36781.9453125,1300,0.2537521421909332,0.0305058434605598,2300,0.8817898035049438,56.42612075805664,29013.771484375,34709.7890625,35105.515625,103361.5625,104717.71875,109200.2109375,0.0687760040163993,0.0706759691238403,0.0758609771728515,166.67056274414062,201.00653076171875,219.34573364257807,1300,0.0399999991059303,0.0,1.0,0.0
cross,gin,UK,IEEE39,100,True,pu_zscore,1.5171467065811155,ckpt_norm/cross_gin/cc_gin_UK_s100.pt,100,11.058428764343262,10511.4248046875,1000,3.7073216438293457,4301.47021484375,2900,0.2422287315130233,0.0518005043268203,3800,0.3800421953201294,27.01808738708496,10921.716796875,10985.6943359375,11171.0625,16409.921875,16451.6015625,17497.865234375,0.1262032091617584,0.1535053700208664,0.1698177456855774,73.86373901367188,111.9458236694336,136.8169708251953,2900,0.3834482729434967,0.0,1.0,0.0
cross,gin,UK,IEEE118,100,True,pu_zscore,0.8384712338447571,ckpt_norm/cross_gin/cc_gin_UK_s100.pt,100,12.854047775268556,28996.705078125,5400,1.4187301397323608,2328.3076171875,6400,0.1272651702165603,0.0198176521807909,11700,0.4093085825443268,141.3141326904297,29947.369140625,31071.302734375,33634.19140625,14375.0166015625,17561.681640625,21140.72265625,0.0558672919869422,0.0927792191505432,0.1470242142677307,209.8202209472656,229.7345428466797,260.63531494140625,6400,0.1404687464237213,0.0,1.0,0.0
cross,gin,UK,UK,100,False,pu_zscore,0.004462968558073,ckpt_norm/cross_gin/cc_gin_UK_s100.pt,100,0.0158401504158973,351.6827087402344,2400,0.0077474727295339,46.28232955932617,500,0.042407538741827,0.0004303889290895,2800,0.0138667002320289,1.432675004005432,1145.15625,1891.4368896484373,2834.3779296875,151.56402587890625,337.8897399902344,1092.887451171875,0.0013169072335585,0.0046525974757969,0.0247762799263,4.588352680206299,7.786310195922852,29.186939239501957,500,0.0,0.0,,0.0
cross,gin,UK,IEEE24,1000,True,pu_zscore,4.534540176391602,ckpt_norm/cross_gin/cc_gin_UK_s1000.pt,100,12.852630615234377,15600.9248046875,1100,12.854385375976562,6083.02978515625,1300,0.2424823194742202,0.0288762133568525,2300,0.5600248575210571,40.122501373291016,22936.38671875,25059.607421875,25439.546875,14664.1533203125,15610.4111328125,16065.3115234375,0.0652558207511901,0.0665755867958068,0.0781981348991394,77.60501098632812,90.72200012207033,99.2300033569336,1300,0.0399999991059303,0.0,1.0,0.0
cross,gin,UK,IEEE39,1000,True,pu_zscore,0.764625072479248,ckpt_norm/cross_gin/cc_gin_UK_s1000.pt,100,6.455999851226807,6134.23583984375,1000,1.782400369644165,2201.978271484375,2900,0.2397286295890808,0.0508099272847175,3800,0.2728195786476135,20.08056259155273,6539.89013671875,6593.9912109375,6777.5986328125,7206.97412109375,7248.43701171875,7572.68798828125,0.1265385597944259,0.1546499878168106,0.1701414585113525,50.144168853759766,63.95938873291016,87.8916015625,2900,0.3834482729434967,0.0,1.0,0.0
cross,gin,UK,IEEE118,1000,True,pu_zscore,0.1957695186138153,ckpt_norm/cross_gin/cc_gin_UK_s1000.pt,100,3.273823976516724,7357.23583984375,5400,0.3041930198669433,478.6126708984375,6400,0.131737932562828,0.021088108420372,11700,0.3502591848373413,119.20428466796876,8393.2744140625,8538.9765625,10358.02734375,1280.24365234375,6469.923828125,6469.92529296875,0.0640807524323463,0.1008260846138,0.1481909751892089,186.9288482666016,210.73883056640625,261.0744934082031,6400,0.1404687464237213,0.0,1.0,0.0
cross,gin,UK,UK,1000,False,pu_zscore,0.0061429180204868,ckpt_norm/cross_gin/cc_gin_UK_s1000.pt,100,0.0243120864033699,568.7728271484375,2400,0.0083559341728687,48.94120788574219,500,0.0463199950754642,0.0004734914400614,2800,0.014254811219871,1.6222816705703735,1118.7799072265625,2624.761962890625,4772.3564453125,159.5922088623047,398.0985412597656,1148.848876953125,0.0015176773304119,0.0043511493131518,0.0246325135231018,4.274561882019043,7.831947803497314,22.943378448486328,500,0.0,0.0,,0.0
cross,gin,UK,IEEE24,300,True,pu_zscore,1.9320250749588013,ckpt_norm/cross_gin/cc_gin_UK_s300.pt,100,8.741641998291016,10679.5966796875,1100,3.6163370609283447,1974.703857421875,1300,0.2331966608762741,0.0273447707295417,2300,0.5393548607826233,38.319149017333984,13122.7958984375,15222.3017578125,15249.375,3958.283203125,4197.4560546875,5101.345703125,0.0642817690968513,0.0683680102229118,0.0783329010009765,83.03831481933594,98.0484390258789,113.5872039794922,1300,0.0399999991059303,0.0,1.0,0.0
cross,gin,UK,IEEE39,300,True,pu_zscore,0.6469057202339172,ckpt_norm/cross_gin/cc_gin_UK_s300.pt,100,8.552407264709473,8128.3125,1000,0.996823251247406,1244.069091796875,2900,0.2490479499101638,0.0525969676673412,3800,0.3382771909236908,24.622802734375,8526.892578125,8590.05859375,8772.9716796875,4518.087890625,4556.1337890625,4964.99267578125,0.131438210606575,0.1596357822418213,0.1754426956176757,64.55032348632812,75.82080841064453,86.1875228881836,2900,0.3834482729434967,0.0,1.0,0.0
cross,gin,UK,IEEE118,300,True,pu_zscore,0.3954809904098511,ckpt_norm/cross_gin/cc_gin_UK_s300.pt,100,8.105655670166016,18279.486328125,5400,0.4484224915504455,947.65478515625,6400,0.1311195194721222,0.0212607830762863,11700,0.4313149452209472,148.7720184326172,19236.064453125,19397.1015625,21500.94921875,3854.5087890625,5478.18603515625,7065.7392578125,0.0603845454752445,0.0995536372065544,0.1518758535385131,221.11941528320312,238.7364959716797,263.1648864746094,6400,0.1404687464237213,0.0,1.0,0.0
cross,gin,UK,UK,300,False,pu_zscore,0.0068530715070664,ckpt_norm/cross_gin/cc_gin_UK_s300.pt,100,0.0275874380022287,828.2279052734375,2400,0.0087891723960638,52.96821594238281,500,0.0415552780032157,0.0005091273924335,2800,0.0152903525158762,1.566361904144287,1571.5511474609375,1841.429443359375,3153.8447265625,184.0860748291016,390.9830932617188,1247.3388671875,0.0015866487519815,0.0043685832060873,0.02449631690979,5.031954765319824,8.530611991882324,32.6619987487793,500,0.0,0.0,,0.0
cross,gin,UK,IEEE24,700,True,pu_zscore,3.3828771114349365,ckpt_norm/cross_gin/cc_gin_UK_s700.pt,100,14.205337524414062,17423.640625,1100,7.207197666168213,3848.6923828125,1300,0.2698021829128265,0.031729482114315,2300,0.6583260893821716,38.6548080444336,19560.80859375,20887.306640625,20913.552734375,7157.4443359375,7240.458984375,7937.00341796875,0.0800549834966659,0.0810979455709457,0.0922433733940124,129.0477752685547,157.96717834472656,175.29905700683594,1300,0.0399999991059303,0.0,1.0,0.0
cross,gin,UK,IEEE39,700,True,pu_zscore,0.8434145450592041,ckpt_norm/cross_gin/cc_gin_UK_s700.pt,100,6.909135818481445,6565.298828125,1000,1.9881503582000728,2552.98291015625,2900,0.2420389354228973,0.0517078600823879,3800,0.3817938864231109,27.801898956298828,6965.2255859375,7022.22607421875,7205.1337890625,7746.2451171875,7780.576171875,8720.3017578125,0.125716283917427,0.1547421216964721,0.1705267429351806,73.73240661621094,113.19556427001952,138.39488220214844,2900,0.3834482729434967,0.0,1.0,0.0
cross,gin,UK,IEEE118,700,True,pu_zscore,0.2462057471275329,ckpt_norm/cross_gin/cc_gin_UK_s700.pt,100,4.2943501472473145,9668.5498046875,5400,0.3678327202796936,657.1286010742188,6400,0.1306497305631637,0.0202445145696401,11700,0.3684713542461395,124.3093719482422,10652.32421875,10835.2548828125,12594.90625,1916.511474609375,7238.97216796875,7238.9736328125,0.0631926357746124,0.0996379554271698,0.1462465524673462,203.39268493652344,228.4783935546875,247.421142578125,6400,0.1404687464237213,0.0,1.0,0.0
cross,gin,UK,UK,700,False,pu_zscore,0.0058178948238492,ckpt_norm/cross_gin/cc_gin_UK_s700.pt,100,0.0225082971155643,651.3905029296875,2400,0.0084602059796452,55.27952575683594,500,0.0478522777557373,0.0005348132690414,2800,0.0132675552740693,1.4160984754562378,1146.4012451171875,1273.3934326171875,3298.099609375,172.71267700195312,389.8912963867188,962.81640625,0.0015156293520703,0.0048543522134423,0.0248987674713134,3.916977643966675,7.342259407043457,28.05466079711914,500,0.0,0.0,,0.0
ood,gcn,IEEE118,IEEE118,0,True,pu_zscore,0.2773231863975525,ckpt_norm/ood_gcn/ood_gcn_heldout_IEEE118_s0.pt,100,6.562325954437256,14798.88671875,5400,0.0861139819025993,182.89524841308597,6400,0.1586654037237167,0.0289468616247177,11700,0.3709012269973755,128.6157989501953,15713.5009765625,15902.6142578125,15926.681640625,486.1427917480469,1210.6353759765625,2025.2353515625,0.0744901448488235,0.0853985026478767,0.1344759464263916,187.71876525878903,204.8555450439453,220.0340118408203,6400,0.1404687464237213,0.3818750083446502,0.6106785535812378,0.3806580603122711
ood,gcn,IEEE118,IEEE118,100,True,pu_zscore,0.2946577370166778,ckpt_norm/ood_gcn/ood_gcn_heldout_IEEE118_s100.pt,100,6.943804264068604,15659.771484375,5400,0.1116250231862068,178.7528533935547,6400,0.150308758020401,0.0270410347729921,11700,0.3547818064689636,123.15868377685548,16528.875,16713.365234375,16737.18359375,598.8907470703125,2058.251220703125,3105.088134765625,0.0627670809626579,0.0868332535028457,0.1482147574424743,180.86526489257807,197.1991271972656,207.0933532714844,6400,0.1404687464237213,0.3248437643051147,0.6751946806907654,0.3248500227928161
ood,gcn,IEEE118,IEEE118,1000,True,pu_zscore,0.16927570104599,ckpt_norm/ood_gcn/ood_gcn_heldout_IEEE118_s1000.pt,100,2.605551719665528,5850.330078125,5400,0.2791469395160675,664.7537231445312,6400,0.1816275268793106,0.0293712522834539,11700,0.3917071223258972,135.03810119628906,6824.2861328125,7021.94921875,7046.44140625,2183.716796875,2926.47412109375,2974.990966796875,0.0899577885866165,0.1286730468273162,0.1989847421646118,200.72286987304688,224.892578125,258.77880859375,6400,0.1404687464237213,0.221718743443489,0.6418242454528809,0.1994182914495468
ood,gcn,IEEE118,IEEE118,300,True,pu_zscore,0.3385016620159149,ckpt_norm/ood_gcn/ood_gcn_heldout_IEEE118_s300.pt,100,8.018763542175293,18086.826171875,5400,0.1090751066803932,208.42233276367188,6400,0.143439844250679,0.0246308874338865,11700,0.3515876233577728,121.575927734375,19029.162109375,19220.8671875,19245.048828125,801.3173217773438,1627.8228759765625,2558.604248046875,0.0676723569631576,0.0956166312098503,0.1633375883102417,181.46676635742188,198.2487945556641,215.44906616210935,6400,0.1404687464237213,0.1401562541723251,0.8631812930107117,0.1407016962766647
ood,gcn,IEEE118,IEEE118,700,True,pu_zscore,0.1326328068971634,ckpt_norm/ood_gcn/ood_gcn_heldout_IEEE118_s700.pt,100,2.855187177658081,6418.15380859375,5400,0.1171352788805961,284.59429931640625,6400,0.1461271047592163,0.0235290247946977,11700,0.3478125929832458,119.6783447265625,7369.11767578125,7563.10791015625,7587.41552734375,806.266845703125,1253.179443359375,2219.783935546875,0.0621605850756168,0.1077303066849708,0.1727296113967895,180.89572143554688,200.0528564453125,231.9716339111328,6400,0.1404687464237213,0.3524999916553497,0.538375973701477,0.3346664309501648
ood,gcn,IEEE24,IEEE24,0,True,pu_zscore,0.9357134699821472,ckpt_norm/ood_gcn/ood_gcn_heldout_IEEE24_s0.pt,100,3.9787580966949454,4666.65576171875,1100,1.953395128250122,530.8695068359375,1300,0.3475815653800964,0.0353945419192314,2300,0.66611248254776,41.85536575317383,6843.23583984375,11649.9794921875,11987.009765625,3433.808837890625,3666.4384765625,7708.08642578125,0.1406952291727066,0.1471045613288879,0.1532394886016845,120.7667007446289,137.5834503173828,193.4680328369141,1300,0.0399999991059303,0.1561538428068161,0.6730769276618958,0.1490384638309478
ood,gcn,IEEE24,IEEE24,100,True,pu_zscore,0.8642911911010742,ckpt_norm/ood_gcn/ood_gcn_heldout_IEEE24_s100.pt,100,3.3764488697052,3946.4052734375,1100,2.005878210067749,597.0563354492188,1300,0.3708474934101105,0.0391369685530662,2300,0.589508056640625,37.06389999389648,5640.3662109375,9805.7626953125,10017.908203125,3565.2119140625,3622.17138671875,5910.65087890625,0.1371699273586273,0.1549164056777954,0.1608492732048034,101.62876892089844,138.2762908935547,153.931884765625,1300,0.0399999991059303,0.1723076850175857,0.9038461446762084,0.175480768084526
ood,gcn,IEEE24,IEEE24,1000,True,pu_zscore,1.818023443222046,ckpt_norm/ood_gcn/ood_gcn_heldout_IEEE24_s1000.pt,100,9.545459747314451,11685.2197265625,1100,1.7407981157302856,437.8912048339844,1300,0.2312970757484436,0.0282668396830558,2300,0.6973726749420166,44.58953857421875,12420.9296875,12491.3095703125,12511.9873046875,3517.334228515625,3662.249267578125,3710.382080078125,0.0593596845865249,0.0716596022248268,0.0956620573997497,132.70382690429688,144.57345581054688,156.186279296875,1300,0.0399999991059303,0.127692312002182,1.0,0.1330128163099289
ood,gcn,IEEE24,IEEE24,300,True,pu_zscore,0.4124068021774292,ckpt_norm/ood_gcn/ood_gcn_heldout_IEEE24_s300.pt,100,1.4589967727661133,1734.487548828125,1100,1.0374770164489746,355.4205322265625,1300,0.2452065795660019,0.0291812624782323,2300,0.5782437920570374,37.228477478027344,2532.500732421875,3245.31005859375,3308.4560546875,1487.8189697265625,1768.645263671875,2912.60888671875,0.0644406974315643,0.0729492902755737,0.0990633368492126,101.7857437133789,127.1244888305664,185.49777221679688,1300,0.0399999991059303,0.1738461554050445,0.8846153616905212,0.1762820482254028
ood,gcn,IEEE24,IEEE24,700,True,pu_zscore,0.8636902570724487,ckpt_norm/ood_gcn/ood_gcn_heldout_IEEE24_s700.pt,100,3.508112907409668,2765.497802734375,1100,1.9202724695205688,560.7538452148438,1300,0.3594363033771515,0.0353234931826591,2300,0.4548878669738769,26.60014533996582,8346.3173828125,18153.4921875,18204.123046875,3398.067138671875,3594.17529296875,8005.2646484375,0.1273932605981826,0.1359552592039108,0.1574257612228393,79.05472564697266,124.05948638916016,169.74351501464844,1300,0.0399999991059303,0.2030769288539886,0.9230769276618958,0.2083333283662796
ood,gcn,IEEE39,IEEE39,0,True,pu_zscore,4.686767578125,ckpt_norm/ood_gcn/ood_gcn_heldout_IEEE39_s0.pt,100,70.19298553466797,66733.3828125,1000,4.480433464050293,2669.7626953125,2900,0.2427794635295868,0.051573134958744,3800,0.5742307901382446,46.21198654174805,67137.5390625,67201.0,67384.828125,24745.984375,25172.6640625,25458.2109375,0.1232411116361618,0.1580771058797836,0.1968385577201843,95.7964324951172,120.9299774169922,209.9457092285156,2900,0.3834482729434967,0.1482758671045303,0.9550359845161438,0.2125279605388641
ood,gcn,IEEE39,IEEE39,100,True,pu_zscore,4.3357038497924805,ckpt_norm/ood_gcn/ood_gcn_heldout_IEEE39_s100.pt,100,67.5512466430664,64221.82421875,1000,2.63394832611084,1650.9468994140625,2900,0.2759773433208465,0.0592512972652912,3800,0.5950218439102173,49.0346794128418,64626.0859375,64689.546875,64873.34375,14524.552734375,14951.2490234375,15236.7861328125,0.1339114904403686,0.1709232926368713,0.2104266285896301,101.65540313720705,118.47418975830078,188.45404052734372,2900,0.3834482729434967,0.2413793057203292,0.95593523979187,0.3640939593315124
ood,gcn,IEEE39,IEEE39,1000,True,pu_zscore,1.4376307725906372,ckpt_norm/ood_gcn/ood_gcn_heldout_IEEE39_s1000.pt,100,22.376548767089844,21272.783203125,1000,0.885870099067688,716.599365234375,2900,0.2583948671817779,0.053751915693283,3800,0.8342281579971313,63.22682571411133,21680.6015625,21744.345703125,21928.99609375,4732.4013671875,5160.7529296875,5446.9326171875,0.1405263692140579,0.1703128963708877,0.194434642791748,166.8226776123047,218.97715759277344,244.91363525390625,2900,0.3834482729434967,0.0244827587157487,0.9973021745681764,0.0380313210189342
ood,gcn,IEEE39,IEEE39,300,True,pu_zscore,1.5911158323287964,ckpt_norm/ood_gcn/ood_gcn_heldout_IEEE39_s300.pt,100,25.120189666748047,23881.494140625,1000,0.6683298349380493,568.3916015625,2900,0.2369455993175506,0.0457178577780723,3800,0.3248590528964996,24.14099884033203,24251.5859375,24305.783203125,24437.58984375,3568.06103515625,4002.767333984375,4265.83154296875,0.136019766330719,0.1762964278459549,0.2044957876205444,62.28479766845703,74.70011901855469,173.25479125976562,2900,0.3834482729434967,0.1744827628135681,0.7895683646202087,0.152125284075737
ood,gcn,IEEE39,IEEE39,700,True,pu_zscore,1.6332828998565674,ckpt_norm/ood_gcn/ood_gcn_heldout_IEEE39_s700.pt,100,25.63682174682617,24372.48828125,1000,0.8319036364555359,737.3594360351562,2900,0.2744888663291931,0.0576272532343864,3800,0.7619146108627319,52.30563735961914,24788.05078125,24852.134765625,25037.84375,4389.6826171875,4818.35693359375,5104.81640625,0.1471138447523117,0.1790042370557785,0.21832275390625,170.9971160888672,241.62745666503903,269.16314697265625,2900,0.3834482729434967,0.0689655169844627,0.9973021745681764,0.1101789698004722
ood,gcn,UK,UK,0,True,pu_zscore,0.1833501309156417,ckpt_norm/ood_gcn/ood_gcn_heldout_UK_s0.pt,100,0.7786189913749695,25934.0078125,2400,0.1757043004035949,1461.6595458984375,500,5.720230579376221,0.1881828308105468,2800,2.140742301940918,272.5498962402344,32316.28515625,34130.83984375,34201.015625,3837.792724609375,6340.83837890625,10329.2197265625,0.3533527851104736,0.4093308448791504,0.4912522435188293,723.9671020507812,913.1607666015624,1090.1329345703125,500,0.0,0.9919999837875366,,0.9919999837875366
ood,gcn,UK,UK,100,True,pu_zscore,0.1737750470638275,ckpt_norm/ood_gcn/ood_gcn_heldout_UK_s100.pt,100,0.7200933694839478,23461.990234375,2400,0.1924952417612075,1493.5975341796875,500,8.766411781311035,0.248763769865036,2800,2.534373044967652,313.5201110839844,33633.4296875,35276.7890625,35372.16796875,4099.5908203125,7077.953125,11614.6962890625,0.6894549131393433,0.8261846899986267,1.025418758392334,919.6011352539062,1113.747802734375,1485.8734130859375,500,0.0,0.8420000076293945,,0.8420000076293945
ood,gcn,UK,UK,1000,True,pu_zscore,0.170364648103714,ckpt_norm/ood_gcn/ood_gcn_heldout_UK_s1000.pt,100,0.5258602499961853,15363.0888671875,2400,0.3304422199726105,1808.887451171875,500,32.30267333984375,0.534052312374115,2800,7.040858268737793,738.150634765625,30483.791015625,33221.26953125,33340.4765625,6832.17041015625,15875.775390625,16144.3994140625,3.4912283420562744,3.877228975296021,3.9456841945648193,2588.93505859375,3120.2265625,3313.723388671875,500,0.0,0.7179999947547913,,0.7179999947547913
ood,gcn,UK,UK,300,True,pu_zscore,0.3956721127033233,ckpt_norm/ood_gcn/ood_gcn_heldout_UK_s300.pt,100,1.2968802452087402,43467.21484375,2400,0.7611640691757202,4682.71435546875,500,18.481639862060547,0.5389763712882996,2800,3.487234354019165,362.4000854492188,46400.26171875,48077.76953125,48158.109375,21679.328125,28967.822265625,38227.4453125,1.4477049112319946,1.5618306398391724,1.6801838874816897,1317.036376953125,1985.05078125,2650.22607421875,500,0.0,0.9679999947547911,,0.9679999947547911
ood,gcn,UK,UK,700,True,pu_zscore,0.1552431583404541,ckpt_norm/ood_gcn/ood_gcn_heldout_UK_s700.pt,100,0.6415372490882874,20175.076171875,2400,0.1679290831089019,1319.345458984375,500,18.567665100097656,0.5162845849990845,2800,3.771484375,394.5061645507813,33182.9375,35194.5,35270.046875,4214.171875,5548.875,10944.5361328125,1.4287409782409668,1.66446053981781,1.7932603359222412,1357.058349609375,2144.231689453125,2544.480224609375,500,0.0,1.0,,1.0
ood,nnconv,IEEE118,IEEE118,0,True,pu_zscore,0.3273391723632812,ckpt_norm/ood_nnconv/ood_nnconv_heldout_IEEE118_s0.pt,100,7.011743068695068,15812.150390625,5400,0.3204802870750427,747.4468994140625,6400,0.1233015581965446,0.0196909960359334,11700,0.3670653402805328,126.45491790771484,16787.31640625,16983.853515625,17008.287109375,2244.68408203125,2983.186767578125,3876.85791015625,0.0557825341820716,0.1060395836830139,0.1635342836380005,190.494873046875,208.68548583984372,244.75390625,6400,0.1404687464237213,0.1500000059604644,0.7296996712684631,0.1303399354219436
ood,nnconv,IEEE118,IEEE118,100,True,pu_zscore,0.3819332718849182,ckpt_norm/ood_nnconv/ood_nnconv_heldout_IEEE118_s100.pt,100,8.932304382324219,20148.095703125,5400,0.1824686229228973,312.52056884765625,6400,0.1449034363031387,0.0229395143687725,11700,0.3572228848934173,122.84647369384766,21142.462890625,21340.3515625,21364.84765625,1016.9671020507812,3634.821044921875,4529.1552734375,0.0652681291103363,0.1095122173428535,0.1603484749794006,186.85629272460935,204.25582885742188,234.9818420410156,6400,0.1404687464237213,0.015625,0.9977753162384032,0.0178149435669183
ood,nnconv,IEEE118,IEEE118,300,True,pu_zscore,0.3320582509040832,ckpt_norm/ood_nnconv/ood_nnconv_heldout_IEEE118_s300.pt,100,7.793629646301269,17578.25390625,5400,0.1436645090579986,287.9460754394531,6400,0.1311577409505844,0.019844202324748,11700,0.3641529381275177,125.97933959960938,18524.41015625,18718.3671875,18742.67578125,798.6973876953125,2664.312255859375,3580.248046875,0.0635860189795494,0.1129923164844513,0.1639505624771118,187.7893829345703,204.18540954589844,241.9398651123047,6400,0.1404687464237213,0.0007812500116415,1.0,0.0009089256636798
ood,nnconv,IEEE24,IEEE24,0,True,pu_zscore,3.7644972801208496,ckpt_norm/ood_nnconv/ood_nnconv_heldout_IEEE24_s0.pt,100,18.96438980102539,23276.724609375,1100,4.934041500091553,1114.1761474609375,1300,0.962327778339386,0.0763104483485221,2300,0.8230489492416382,44.34432220458984,23956.71875,24802.990234375,24950.87890625,9996.6728515625,10210.71875,10983.98828125,0.3832971751689911,0.4184248745441437,0.5631203651428223,157.9331817626953,251.4344482421875,483.4155578613281,1300,0.0399999991059303,0.1584615409374237,0.942307710647583,0.1626602560281753
ood,nnconv,IEEE24,IEEE24,100,True,pu_zscore,3.4165587425231934,ckpt_norm/ood_nnconv/ood_nnconv_heldout_IEEE24_s100.pt,100,17.33327293395996,21278.794921875,1100,4.305481433868408,931.0771484375,1300,0.5961292386054993,0.0515666902065277,2300,0.3892602622509002,25.885948181152344,21765.8046875,22694.939453125,22823.91796875,8694.384765625,8978.5341796875,9151.7373046875,0.2414309531450271,0.2735025882720947,0.3650428652763366,55.03475570678711,98.19481658935548,150.68020629882812,1300,0.0399999991059303,0.1576923131942749,1.0,0.1642628163099289
ood,nnconv,IEEE24,IEEE24,300,True,pu_zscore,3.331631183624268,ckpt_norm/ood_nnconv/ood_nnconv_heldout_IEEE24_s300.pt,100,17.002107620239258,20864.966796875,1100,4.049164772033691,940.8556518554688,1300,0.2292578816413879,0.0236483812332153,2300,0.387175440788269,24.26400756835937,21784.115234375,22224.8125,22228.482421875,8085.08642578125,8660.48828125,9081.8115234375,0.0798754543066024,0.0881669893860817,0.1084717512130737,73.2935562133789,84.52806091308594,120.33903503417967,1300,0.0399999991059303,0.1892307698726654,0.6538461446762085,0.1826923042535781
ood,nnconv,IEEE39,IEEE39,0,True,pu_zscore,13.317010879516602,ckpt_norm/ood_nnconv/ood_nnconv_heldout_IEEE39_s0.pt,100,209.6421813964844,198821.59375,1000,6.21413516998291,3845.54150390625,2900,0.3386015295982361,0.0561289452016353,3800,4.750431060791016,326.9438781738281,199057.25,259903.265625,259976.28125,33589.64453125,34065.93359375,45711.0390625,0.1436945348978042,0.383192628622055,0.4286697506904602,1273.187744140625,1375.5380859375,2186.56396484375,2900,0.3834482729434967,0.2796551585197449,0.4811151027679443,0.1308724880218505
ood,nnconv,IEEE39,IEEE39,100,True,pu_zscore,7.580404758453369,ckpt_norm/ood_nnconv/ood_nnconv_heldout_IEEE39_s100.pt,100,120.46741485595705,114256.21875,1000,2.074502944946289,1412.9322509765625,2900,0.3897803425788879,0.0748505443334579,3800,4.857619762420654,326.7853698730469,114524.5859375,148923.21875,149013.34375,11134.203125,11730.4736328125,15914.1943359375,0.2397743612527847,0.2773706912994385,0.3605389595031738,1103.2373046875,1176.98486328125,1585.326171875,2900,0.3834482729434967,0.4206896424293518,0.4658273458480835,0.3501118421554565
ood,nnconv,IEEE39,IEEE39,300,True,pu_zscore,8.043811798095703,ckpt_norm/ood_nnconv/ood_nnconv_heldout_IEEE39_s300.pt,100,128.38282775878906,121742.703125,1000,0.8934053778648376,927.0390014648438,2900,0.3649925887584686,0.0631103962659835,3800,3.907015800476074,290.8851623535156,122001.890625,159912.0,160002.125,4089.559814453125,4632.73388671875,6471.375,0.2464939802885055,0.2956897020339966,0.4126118421554565,832.1315307617188,911.981689453125,1392.363037109375,2900,0.3834482729434967,0.5099999904632568,0.290467619895935,0.3859060406684875
ood,nnconv,UK,UK,0,True,pu_zscore,0.1596752554178238,ckpt_norm/ood_nnconv/ood_nnconv_heldout_UK_s0.pt,100,0.5844662189483643,18381.619140625,2400,0.2558685839176178,1353.434326171875,500,2.4106431007385254,0.0739181190729141,2800,3.86779522895813,461.232421875,30466.609375,33272.703125,33391.1328125,4399.82861328125,15144.794921875,27025.146484375,0.1466677039861679,0.1602547615766525,0.2672350406646728,1226.49072265625,2095.54833984375,3914.003173828125,500,0.0,0.6579999923706055,,0.6579999923706055
ood,nnconv,UK,UK,100,True,pu_zscore,0.1229591146111488,ckpt_norm/ood_nnconv/ood_nnconv_heldout_UK_s100.pt,100,0.4978472590446472,14164.2197265625,2400,0.1513076573610305,1143.07958984375,500,3.817378044128418,0.1171337664127349,2800,1.9274667501449585,236.4936981201172,29521.30859375,32482.572265625,32612.322265625,3299.299560546875,5696.998046875,11299.7294921875,0.2532323896884918,0.3021552264690399,0.4112842082977295,649.4199829101562,949.3040161132812,1235.220703125,500,0.0,0.7739999890327454,,0.7739999890327454
ood,nnconv,UK,UK,300,True,pu_zscore,0.1366629898548126,ckpt_norm/ood_nnconv/ood_nnconv_heldout_UK_s300.pt,100,0.50999516248703,15238.26953125,2400,0.2111162692308426,1492.539306640625,500,17.44881248474121,0.459467202425003,2800,3.083358764648437,321.08624267578125,28777.1171875,31430.310546875,31539.07421875,5208.1669921875,9011.0703125,18387.869140625,1.3572351932525637,2.065246343612671,2.316066026687622,1172.0887451171875,1893.189453125,2522.965087890625,500,0.0,0.8999999761581421,,0.8999999761581421
ood,transformer,IEEE118,IEEE118,0,True,pu_zscore,0.2363023161888122,ckpt_norm/ood_transformer/ood_transformer_heldout_IEEE118_s0.pt,100,5.535584449768066,12479.7470703125,5400,0.0989636555314064,207.2929229736328,6400,0.1626014858484268,0.0282860919833183,11700,0.364773154258728,125.96984100341795,13426.8984375,13576.9208984375,13655.8740234375,792.6798095703125,1235.141357421875,1944.978515625,0.0612054541707038,0.1217214912176132,0.1776531934738159,188.1534881591797,206.22293090820312,269.978515625,6400,0.1404687464237213,0.0007812500116415,0.9955506324768066,0.0001817851298255
ood,transformer,IEEE118,IEEE118,100,True,pu_zscore,0.19582100212574,ckpt_norm/ood_transformer/ood_transformer_heldout_IEEE118_s100.pt,100,4.572926044464111,10304.92578125,5400,0.0843792855739593,162.73875427246094,6400,0.1584432274103164,0.0256250314414501,11700,0.3461491167545318,117.39221954345705,11204.986328125,11393.119140625,11417.1318359375,732.384765625,1181.9346923828125,1609.30859375,0.0680638551712036,0.1235083863139152,0.1761286258697509,187.89163208007807,223.05897521972656,267.4988708496094,6400,0.1404687464237213,0.0329687483608722,0.8420467376708984,0.0125431735068559
ood,transformer,IEEE118,IEEE118,1000,True,pu_zscore,0.3128994703292846,ckpt_norm/ood_transformer/ood_transformer_heldout_IEEE118_s1000.pt,100,7.274186611175537,16403.330078125,5400,0.1642666608095169,234.0652008056641,6400,0.1518906056880951,0.0243125781416893,11700,0.3376176655292511,116.31562042236328,17374.365234375,17546.603515625,19084.0,581.7702026367188,3583.09716796875,4608.7109375,0.0715726912021637,0.1066595539450645,0.1578056216239929,178.19638061523438,197.7947998046875,248.69419860839844,6400,0.1404687464237213,0.0001562499965075,1.0,0.0001817851298255
ood,transformer,IEEE118,IEEE118,300,True,pu_zscore,0.2924033403396606,ckpt_norm/ood_transformer/ood_transformer_heldout_IEEE118_s300.pt,100,6.891314029693604,15541.892578125,5400,0.1098960489034652,201.85955810546875,6400,0.1721457988023758,0.030784323811531,11700,0.3588059544563293,123.61325073242188,16442.77734375,16632.205078125,16656.283203125,512.2072143554688,2012.8575439453125,2932.13330078125,0.0648353695869445,0.1262076795101165,0.1815220117568969,186.0109100341797,203.3059539794922,266.2646484375,6400,0.1404687464237213,0.0,1.0,0.0
ood,transformer,IEEE118,IEEE118,700,True,pu_zscore,0.2587288618087768,ckpt_norm/ood_transformer/ood_transformer_heldout_IEEE118_s700.pt,100,6.036194324493408,13610.4501953125,5400,0.1220883503556251,213.51914978027344,6400,0.1625843644142151,0.0261567886918783,11700,0.3652676343917846,124.48847198486328,14516.0029296875,14706.5517578125,14730.68359375,576.8178100585938,2312.750244140625,3236.92138671875,0.0656460747122764,0.1444674134254455,0.204640507698059,195.89085388183597,218.1820831298828,261.5308532714844,6400,0.1404687464237213,0.000312499993015,1.0,0.0003635702596511
ood,transformer,IEEE24,IEEE24,0,True,pu_zscore,1.1005566120147705,ckpt_norm/ood_transformer/ood_transformer_heldout_IEEE24_s0.pt,100,5.426353931427002,6534.87890625,1100,1.5886609554290771,456.6201171875,1300,0.3239536881446838,0.0381342843174934,2300,0.8865455985069275,46.78483200073242,7350.2763671875,7420.830078125,7494.61669921875,2916.025390625,3007.4697265625,3187.267822265625,0.0948856994509697,0.1035247892141342,0.1188578605651855,181.9836883544922,298.580078125,331.51385498046875,1300,0.0399999991059303,0.3807692229747772,0.3076923191547394,0.3677884638309479
ood,transformer,IEEE24,IEEE24,100,True,pu_zscore,0.4553707540035248,ckpt_norm/ood_transformer/ood_transformer_heldout_IEEE24_s100.pt,100,0.9821043610572816,1117.52685546875,1100,1.363550066947937,451.0389404296875,1300,0.6885267496109009,0.0710116997361183,2300,1.2760026454925537,64.06234741210938,1698.1676025390625,2760.799072265625,2849.24365234375,2502.72900390625,2558.907958984375,2797.685546875,0.2130916863679886,0.2491305470466613,0.2714601755142212,290.7380065917969,353.3224792480469,408.2595825195313,1300,0.0399999991059303,0.4069230854511261,0.2692307829856872,0.3934294879436493
ood,transformer,IEEE24,IEEE24,1000,True,pu_zscore,0.4699100255966186,ckpt_norm/ood_transformer/ood_transformer_heldout_IEEE24_s1000.pt,100,0.539644718170166,563.0598754882812,1100,1.5132166147232056,458.8700256347656,1300,0.4923596680164337,0.0527537949383258,2300,0.8024625778198242,46.4602165222168,949.8025512695312,1773.1334228515625,1917.1490478515625,2963.914306640625,2989.641357421875,3391.387451171875,0.1717542856931686,0.1874215602874755,0.2383372187614441,158.2567138671875,179.9813995361328,254.3931884765625,1300,0.0399999991059303,0.2430769205093383,0.0769230797886848,0.2147435843944549
ood,transformer,IEEE24,IEEE24,300,True,pu_zscore,0.3360938727855682,ckpt_norm/ood_transformer/ood_transformer_heldout_IEEE24_s300.pt,100,1.5564063787460327,1878.2147216796875,1100,0.5885739326477051,220.52220153808597,1300,0.6063224673271179,0.0562819316983222,2300,0.5009850263595581,33.00716018676758,2378.06201171875,2802.1591796875,2870.828857421875,1064.1287841796875,1118.020263671875,1664.2852783203125,0.2100761085748672,0.2418773174285888,0.343173086643219,80.4773941040039,115.2936782836914,173.368896484375,1300,0.0399999991059303,0.2415384650230407,0.557692289352417,0.2331730723381042
ood,transformer,IEEE24,IEEE24,700,True,pu_zscore,0.3013140261173248,ckpt_norm/ood_transformer/ood_transformer_heldout_IEEE24_s700.pt,100,0.3652654588222503,377.4826965332031,1100,0.9666097164154052,318.6579284667969,1300,1.0207639932632446,0.0912859216332435,2300,0.5665609836578369,40.75616455078125,703.4343872070312,1152.609130859375,1172.7049560546875,1551.4705810546875,1614.984619140625,2245.072265625,0.3630988895893097,0.3755108416080475,0.3791484832763672,90.60015869140624,103.369140625,138.90464782714844,1300,0.0399999991059303,0.4030769169330597,0.3076923191547394,0.3910256326198578
ood,transformer,IEEE39,IEEE39,0,True,pu_zscore,0.1107908338308334,ckpt_norm/ood_transformer/ood_transformer_heldout_IEEE39_s0.pt,100,0.8504156470298767,782.0381469726562,1000,0.1966127306222915,241.57347106933597,2900,0.4778302311897278,0.0906000882387161,3800,1.725383996963501,124.15135192871094,1027.109375,1081.3538818359375,1081.6285400390625,770.1793823242188,949.566650390625,1140.6884765625,0.2782831490039825,0.3498474955558777,0.4474039673805237,404.5091552734375,421.46044921875,492.4386596679688,2900,0.3834482729434967,0.4489655196666717,0.4433453381061554,0.3819910585880279
ood,transformer,IEEE39,IEEE39,100,True,pu_zscore,0.1752476394176483,ckpt_norm/ood_transformer/ood_transformer_heldout_IEEE39_s100.pt,100,2.224110841751098,2104.473388671875,1000,0.2322306931018829,278.3435363769531,2900,0.3035725057125091,0.0601612702012062,3800,1.6981457471847534,123.3702163696289,2349.736328125,2404.052490234375,2404.328369140625,1037.2283935546875,1326.92724609375,1517.7320556640625,0.1771068423986435,0.2373441755771637,0.3221022486686706,367.53900146484375,385.5736389160156,416.8310241699219,2900,0.3834482729434967,0.3703448176383972,0.3902877569198608,0.2214765101671219
ood,transformer,IEEE39,IEEE39,1000,True,pu_zscore,0.1197780221700668,ckpt_norm/ood_transformer/ood_transformer_heldout_IEEE39_s1000.pt,100,1.0547893047332764,981.5086669921876,1000,0.2052460014820099,299.98406982421875,2900,0.3969498574733734,0.0685927420854568,3800,1.7426159381866455,122.21251678466795,1227.6934814453125,1281.8946533203125,1282.16796875,648.0576171875,787.7144165039062,862.73681640625,0.2667144536972046,0.3590903282165527,0.465768039226532,366.3708801269531,383.3521423339844,417.9389343261719,2900,0.3834482729434967,0.4093103408813476,0.3794963955879211,0.2779642045497894
ood,transformer,IEEE39,IEEE39,300,True,pu_zscore,0.123228520154953,ckpt_norm/ood_transformer/ood_transformer_heldout_IEEE39_s300.pt,100,1.5138449668884275,1424.6011962890625,1000,0.1782135963439941,223.1499481201172,2900,0.2893337309360504,0.0522820949554443,3800,1.1732207536697388,85.16810607910156,1669.913818359375,1718.6275634765625,1718.9031982421875,714.6671752929688,956.3974609375,1129.848876953125,0.1824418008327484,0.2504412829875946,0.350984513759613,281.81982421875,348.5985412597656,372.8727722167969,2900,0.3834482729434967,0.3468965590000152,0.3776978552341461,0.1756152063608169
ood,transformer,IEEE39,IEEE39,700,True,pu_zscore,0.1322691291570663,ckpt_norm/ood_transformer/ood_transformer_heldout_IEEE39_s700.pt,100,1.4847650527954102,1396.6031494140625,1000,0.2172312885522842,314.48394775390625,2900,0.3423718512058258,0.0702537447214126,3800,1.339488863945007,99.16216278076172,1641.2410888671875,1695.5242919921875,1695.799560546875,679.3539428710938,858.1397094726562,1048.968017578125,0.1695347875356674,0.2094246298074722,0.2690936923027038,302.10260009765625,363.6242370605469,433.1365661621094,2900,0.3834482729434967,0.4806896448135376,0.4343525171279907,0.4278523623943329
ood,transformer,UK,UK,0,True,pu_zscore,0.1474505513906479,ckpt_norm/ood_transformer/ood_transformer_heldout_UK_s0.pt,100,0.5279605388641357,15813.138671875,2400,0.2385228723287582,1307.3917236328125,500,5.788961887359619,0.1931555271148681,2800,5.276368141174316,509.8237609863281,30093.650390625,32152.474609375,32245.900390625,6141.81787109375,13094.330078125,16247.453125,0.3566223084926605,0.3755097389221191,0.3817152380943298,1934.8248291015625,3130.277099609375,3591.92919921875,500,0.0,0.9959999918937684,,0.9959999918937684
ood,transformer,UK,UK,100,True,pu_zscore,0.1429685950279235,ckpt_norm/ood_transformer/ood_transformer_heldout_UK_s100.pt,100,0.5813562273979187,17747.029296875,2400,0.1721595078706741,1293.4847412109375,500,10.89882755279541,0.3162822425365448,2800,2.428382635116577,269.7761535644531,31535.70703125,34000.22265625,34100.09375,4153.748046875,6700.025390625,11578.9228515625,0.5935324430465698,0.7014751434326172,0.7240386605262756,889.9132690429688,997.81982421875,1098.616943359375,500,0.0,0.7540000081062317,,0.7540000081062317
ood,transformer,UK,UK,1000,True,pu_zscore,0.1364903748035431,ckpt_norm/ood_transformer/ood_transformer_heldout_UK_s1000.pt,100,0.5552923679351807,16396.451171875,2400,0.1640359014272689,1234.885498046875,500,7.9990692138671875,0.2416918575763702,2800,2.3081934452056885,261.7056579589844,31818.6015625,34494.26171875,34611.41796875,3470.875,7033.26953125,11136.0673828125,0.4747212827205658,0.4869625270366668,0.5022781491279602,835.9789428710938,1146.568603515625,1425.07275390625,500,0.0,0.75,,0.75
ood,transformer,UK,UK,300,True,pu_zscore,0.1787692606449127,ckpt_norm/ood_transformer/ood_transformer_heldout_UK_s300.pt,100,0.5834760069847107,17747.177734375,2400,0.34266397356987,2033.8739013671875,500,8.394009590148926,0.2006986588239669,2800,3.227398157119751,368.2342529296875,31822.283203125,34387.5390625,34498.453125,7601.33837890625,16804.259765625,19081.20703125,0.7252774834632874,0.7369893193244934,0.7380210757255554,1156.8355712890625,1679.5316162109375,1991.999267578125,500,0.0,0.6980000138282776,,0.6980000138282776
ood,transformer,UK,UK,700,True,pu_zscore,0.1621519476175308,ckpt_norm/ood_transformer/ood_transformer_heldout_UK_s700.pt,100,0.6122145056724548,18845.119140625,2400,0.2468270808458328,1659.86474609375,500,4.69274377822876,0.1342197209596634,2800,2.727293968200684,274.2420349121094,33067.796875,35342.75,35441.8046875,6074.49609375,10354.7890625,21282.685546875,0.3374715745449066,0.3415917456150055,0.3421027660369873,835.524658203125,1416.49658203125,3136.4423828125,500,0.0,0.6620000004768372,,0.6620000004768372
ood,gat,IEEE118,IEEE118,0,True,pu_zscore,0.3421628177165985,ckpt_norm/ood_gat/ood_gat_heldout_IEEE118_s0.pt,100,7.979475498199463,17996.318359375,5400,0.1699813604354858,273.0059509277344,6400,0.1433349847793579,0.0241285189986228,11700,0.3708624243736267,127.20746612548828,18987.208984375,19186.115234375,19210.666015625,1248.60693359375,2573.075439453125,2859.526611328125,0.0626941323280334,0.1049790456891059,0.1443627476692199,193.52325439453125,211.2492218017578,231.09280395507807,6400,0.1404687464237213,0.0317187495529651,0.8565072417259216,0.013452099636197
ood,gat,IEEE118,IEEE118,100,True,pu_zscore,0.1534492671489715,ckpt_norm/ood_gat/ood_gat_heldout_IEEE118_s100.pt,100,3.484696388244629,7844.06640625,5400,0.0949631482362747,163.8212432861328,6400,0.124647207558155,0.0198697596788406,11700,0.3496147990226745,120.60584259033205,8771.8193359375,8964.5498046875,8988.79296875,699.1874389648438,1327.51904296875,3100.808837890625,0.0569112189114093,0.0917474329471588,0.1688438653945922,183.19146728515625,201.60194396972656,221.70684814453125,6400,0.1404687464237213,0.0632812529802322,0.7408231496810913,0.0312670432031154
ood,gat,IEEE118,IEEE118,1000,True,pu_zscore,0.2032789140939712,ckpt_norm/ood_gat/ood_gat_heldout_IEEE118_s1000.pt,100,4.354754447937012,9807.8046875,5400,0.1950694918632507,326.2291564941406,6400,0.1248061880469322,0.0193919595330953,11700,0.3363138437271118,116.30899810791016,10856.9609375,11004.0830078125,11028.7060546875,1526.6912841796875,2683.967529296875,3057.107666015625,0.059861421585083,0.0976790636777877,0.1828733682632446,176.93052673339844,196.36749267578125,220.1924743652344,6400,0.1404687464237213,0.063593752682209,0.743047833442688,0.0319941826164722
ood,gat,IEEE118,IEEE118,300,True,pu_zscore,0.1916695833206176,ckpt_norm/ood_gat/ood_gat_heldout_IEEE118_s300.pt,100,4.500400066375732,10137.34765625,5400,0.0709518417716026,134.87547302246094,6400,0.1292700618505478,0.0214280467480421,11700,0.3356337547302246,115.68533325195312,11157.8193359375,11358.7080078125,11383.365234375,419.26416015625,1158.204833984375,2151.54541015625,0.0616861395537853,0.0861846730113029,0.1537011861801147,175.92312622070312,193.6185302734375,212.72991943359372,6400,0.1404687464237213,0.2267187535762787,0.5973303914070129,0.1979640126228332
ood,gat,IEEE118,IEEE118,700,True,pu_zscore,0.1573721766471862,ckpt_norm/ood_gat/ood_gat_heldout_IEEE118_s700.pt,100,3.604524612426758,8113.6123046875,5400,0.0903787985444068,196.08273315429688,6400,0.1365774720907211,0.0221497789025306,11700,0.3272075951099396,112.58332061767578,9072.88671875,9268.7822265625,9293.185546875,630.8489990234375,1217.58056640625,2664.20947265625,0.0596080832183361,0.1026121973991394,0.1855952739715576,174.17735290527344,193.03176879882807,211.48291015625,6400,0.1404687464237213,0.0793749988079071,0.7385984659194946,0.0496273413300514
ood,gat,IEEE24,IEEE24,0,True,pu_zscore,0.4114032387733459,ckpt_norm/ood_gat/ood_gat_heldout_IEEE24_s0.pt,100,1.0386238098144531,1214.15380859375,1100,1.20214581489563,361.8836975097656,1300,0.3096660077571869,0.0350406430661678,2300,0.6721951961517334,38.91237258911133,1715.04150390625,2459.97802734375,2514.549560546875,2357.99658203125,2570.085693359375,3728.706787109375,0.0816719979047775,0.1206455156207084,0.2242224216461181,92.72760772705078,228.82064819335935,275.010498046875,1300,0.0399999991059303,0.1976923048496246,0.557692289352417,0.1875
ood,gat,IEEE24,IEEE24,100,True,pu_zscore,0.4997451901435852,ckpt_norm/ood_gat/ood_gat_heldout_IEEE24_s100.pt,100,2.11842679977417,2456.283203125,1100,1.040063738822937,344.4837646484375,1300,0.5317955613136292,0.0554733462631702,2300,0.7503619194030762,50.56655502319336,3600.5029296875,4097.42431640625,4217.45654296875,1899.358154296875,2128.1748046875,4086.16748046875,0.168242409825325,0.182701289653778,0.2845791578292846,110.56031036376952,179.2451629638672,229.5497589111328,1300,0.0399999991059303,0.3415384590625763,0.4038461446762085,0.3309294879436493
ood,gat,IEEE24,IEEE24,1000,True,pu_zscore,0.9142095446586608,ckpt_norm/ood_gat/ood_gat_heldout_IEEE24_s1000.pt,100,4.5320539474487305,5483.470703125,1100,1.2931122779846191,375.7151489257813,1300,0.4735158383846283,0.0510268211364746,2300,0.499751329421997,27.887331008911133,6265.11572265625,8826.16015625,8909.6630859375,2418.970947265625,2734.52685546875,4540.59765625,0.1310802996158599,0.1443016231060028,0.177537202835083,85.0635757446289,140.2969970703125,220.8921813964844,1300,0.0399999991059303,0.3953846096992492,0.3076923191547394,0.3830128312110901
ood,gat,IEEE24,IEEE24,300,True,pu_zscore,1.0514601469039917,ckpt_norm/ood_gat/ood_gat_heldout_IEEE24_s300.pt,100,5.089723110198975,6229.25390625,1100,1.621038556098938,377.2547302246094,1300,0.6345515847206116,0.0614157766103744,2300,1.220732569694519,69.02725219726562,6897.62548828125,6943.89453125,7205.40380859375,3323.59912109375,3392.474853515625,3565.099609375,0.2514919340610504,0.2589017450809479,0.2599201202392578,242.08151245117188,323.5409851074219,353.22039794921875,1300,0.0399999991059303,0.3946153819561004,0.1538461595773697,0.3758012950420379
ood,gat,IEEE24,IEEE24,700,True,pu_zscore,0.3179545700550079,ckpt_norm/ood_gat/ood_gat_heldout_IEEE24_s700.pt,100,0.4387392699718475,444.4306945800781,1100,1.009207844734192,305.22235107421875,1300,0.3671611249446869,0.034772589802742,2300,0.7144266366958618,45.183326721191406,847.8445434570312,1782.93212890625,1867.8563232421875,1915.6392822265625,2161.357666015625,3642.3876953125,0.1357007473707199,0.1778690963983535,0.2641114592552185,122.4826431274414,206.371826171875,280.6797180175781,1300,0.0399999991059303,0.2246153801679611,0.5961538553237915,0.2171474397182464
ood,gat,IEEE39,IEEE39,0,True,pu_zscore,0.5227577686309814,ckpt_norm/ood_gat/ood_gat_heldout_IEEE39_s0.pt,100,3.187263965606689,3017.859375,1000,1.3238883018493652,891.7489013671875,2900,0.2263607680797577,0.0435785055160522,3800,0.8628545999526978,68.57646942138672,3530.331298828125,3657.890380859375,3765.189208984375,7238.4296875,7733.3720703125,8051.35009765625,0.1299006193876266,0.1637495160102844,0.1975962519645691,158.9433135986328,176.08712768554688,187.7789306640625,2900,0.3834482729434967,0.1331034451723098,0.8911870718002319,0.1482102870941162
ood,gat,IEEE39,IEEE39,100,True,pu_zscore,0.1912752538919448,ckpt_norm/ood_gat/ood_gat_heldout_IEEE39_s100.pt,100,0.2789357304573059,190.3744964599609,1000,0.5178413987159729,506.5398559570313,2900,0.2251494824886322,0.0438005588948726,3800,0.7071083188056946,55.56708526611328,573.3789672851562,639.034912109375,829.98388671875,2679.4873046875,3112.418701171875,3402.8974609375,0.1337145566940307,0.1703378111124038,0.1925922632217407,114.54206085205078,127.48125457763672,155.01319885253906,2900,0.3834482729434967,0.1982758641242981,0.7266187071800232,0.1515659987926483
ood,gat,IEEE39,IEEE39,1000,True,pu_zscore,0.7890878319740295,ckpt_norm/ood_gat/ood_gat_heldout_IEEE39_s1000.pt,100,12.551287651062012,11929.84375,1000,0.1909944415092468,251.3622283935547,2900,0.2495115995407104,0.0505488626658916,3800,0.654691755771637,49.85832977294922,12470.77734375,12750.78515625,12998.0048828125,690.0333862304688,845.06005859375,1038.36328125,0.138777494430542,0.1759242713451385,0.1981723308563232,125.42529296875,143.25750732421875,159.67999267578125,2900,0.3834482729434967,0.1762069016695022,0.8705036044120789,0.2052572667598724
ood,gat,IEEE39,IEEE39,300,True,pu_zscore,0.0645045042037963,ckpt_norm/ood_gat/ood_gat_heldout_IEEE39_s300.pt,100,0.445243626832962,382.7467041015625,1000,0.1428118050098419,185.9665069580078,2900,0.2336253076791763,0.0443823300302028,3800,0.6848174333572388,57.33787536621094,616.0584716796875,670.7679443359375,671.047119140625,519.2955322265625,672.8311767578125,919.7428588867188,0.1324665993452072,0.1629867404699325,0.1857492923736572,95.8108139038086,106.93804931640624,130.15567016601562,2900,0.3834482729434967,0.2444827556610107,0.6393885016441345,0.172259509563446
ood,gat,IEEE39,IEEE39,700,True,pu_zscore,0.1136849820613861,ckpt_norm/ood_gat/ood_gat_heldout_IEEE39_s700.pt,100,0.795425534248352,726.5418090820312,1000,0.2663865685462951,307.7408142089844,2900,0.2287700176239013,0.0468242205679416,3800,0.8454853892326355,62.40998840332031,974.2034912109376,1029.070068359375,1029.3494873046875,1204.3084716796875,1493.5712890625,1683.417236328125,0.1237353608012199,0.1547688841819763,0.1894342303276062,178.2042236328125,215.64584350585935,253.88284301757807,2900,0.3834482729434967,0.3606896698474884,0.5071942210197449,0.2785235047340393
ood,gat,UK,UK,0,True,pu_zscore,0.1547810733318328,ckpt_norm/ood_gat/ood_gat_heldout_UK_s0.pt,100,0.6086776256561279,18656.943359375,2400,0.2106359750032425,1525.23291015625,500,10.161376953125,0.2999742925167084,2800,2.7105813026428223,268.4462585449219,33016.15234375,34728.9453125,34732.77734375,5061.2080078125,8481.2587890625,9535.859375,0.7275680899620056,0.8204715251922607,0.8577038645744324,1040.45654296875,1605.9200439453125,2639.89990234375,500,0.0,0.9240000247955322,,0.9240000247955322
ood,gat,UK,UK,100,True,pu_zscore,0.192241832613945,ckpt_norm/ood_gat/ood_gat_heldout_UK_s100.pt,100,0.7131550908088684,23337.810546875,2400,0.2877618074417114,2262.742431640625,500,4.374571800231934,0.1365294009447097,2800,7.082724094390869,846.9008178710938,30713.546875,33289.1796875,33423.1953125,7264.8349609375,9179.5703125,11515.177734375,0.2853739559650421,0.3315340578556061,0.3375526666641235,2432.9091796875,2835.126708984375,3140.9423828125,500,0.0,0.8460000157356262,,0.8460000157356262
ood,gat,UK,UK,1000,True,pu_zscore,0.2812542021274566,ckpt_norm/ood_gat/ood_gat_heldout_UK_s1000.pt,100,0.5710338354110718,17367.82421875,2400,0.6945217251777649,4802.548828125,500,4.534527778625488,0.1135875731706619,2800,6.612733364105225,741.6498413085938,31715.671875,34424.5078125,34540.5,20748.53125,24085.6796875,26404.134765625,0.3511160314083099,0.4578307271003723,0.518001139163971,2355.726806640625,2863.40283203125,3391.52197265625,500,0.0,0.4979999959468841,,0.4979999959468841
ood,gat,UK,UK,300,True,pu_zscore,0.1400876492261886,ckpt_norm/ood_gat/ood_gat_heldout_UK_s300.pt,100,0.5266868472099304,15333.2978515625,2400,0.2144171297550201,1746.9505615234375,500,10.060805320739746,0.316936582326889,2800,2.670492172241211,292.63592529296875,30627.96875,33355.40625,33472.12890625,4636.25048828125,5716.02197265625,10758.6982421875,0.6788974404335022,0.8033463358879089,0.8318469524383545,1016.9049682617188,1204.6356201171875,1728.1929931640625,500,0.0,0.9039999842643738,,0.9039999842643738
ood,gat,UK,UK,700,True,pu_zscore,0.2362572848796844,ckpt_norm/ood_gat/ood_gat_heldout_UK_s700.pt,100,0.7323526740074158,23679.080078125,2400,0.3346405923366546,2318.65087890625,500,11.160487174987791,0.3331716358661651,2800,22.08403968811035,2481.109130859375,34591.74609375,37266.1171875,37414.78125,7712.384765625,14454.6962890625,16464.2578125,0.6539974212646484,0.7307596802711487,0.8079075813293457,7967.18310546875,10206.3134765625,11438.7958984375,500,0.0,0.7720000147819519,,0.7720000147819519
ood,gin,IEEE118,IEEE118,0,True,pu_zscore,0.3036642372608185,ckpt_norm/ood_gin/ood_gin_heldout_IEEE118_s0.pt,100,6.797196388244629,15312.767578125,5400,0.2366175055503845,408.9793395996094,6400,0.2040085196495056,0.0387072078883647,11700,0.3239735662937164,110.02964782714844,16571.39453125,16824.28125,17795.798828125,2008.7840576171875,3949.366455078125,5182.982421875,0.0764342248439788,0.1375044137239456,0.2034881114959716,174.94337463378906,191.84043884277344,225.45120239257807,6400,0.1404687464237213,0.0,1.0,0.0
ood,gin,IEEE118,IEEE118,100,True,pu_zscore,0.431159496307373,ckpt_norm/ood_gin/ood_gin_heldout_IEEE118_s100.pt,100,8.041560173034668,18137.5234375,5400,0.5956945419311523,979.1301879882812,6400,0.2287728786468505,0.0452418439090251,11700,0.308155357837677,104.72925567626952,19045.484375,19210.1015625,20392.884765625,4791.923828125,8182.3173828125,9066.576171875,0.0759706273674964,0.1399975419044494,0.1940921545028686,168.26947021484375,185.48696899414065,208.99839782714844,6400,0.1404687464237213,0.0,1.0,0.0
ood,gin,IEEE118,IEEE118,1000,True,pu_zscore,0.194493293762207,ckpt_norm/ood_gin/ood_gin_heldout_IEEE118_s1000.pt,100,4.361023902893066,9822.98046875,5400,0.1460665315389633,341.3338317871094,6400,0.1909293532371521,0.0366698130965232,11700,0.2941069006919861,99.28650665283205,10834.28515625,10948.6796875,11294.22265625,1204.368896484375,1437.7589111328125,1770.3447265625,0.0698736310005188,0.1228934302926063,0.1706894636154174,163.86993408203125,182.19415283203125,206.29376220703125,6400,0.1404687464237213,0.0,1.0,0.0
ood,gin,IEEE118,IEEE118,300,True,pu_zscore,0.1754217892885208,ckpt_norm/ood_gin/ood_gin_heldout_IEEE118_s300.pt,100,4.053868770599365,9127.244140625,5400,0.0937406197190284,174.39344787597656,6400,0.2064361125230789,0.0403489395976066,11700,0.3000401556491852,100.43605041503906,10027.4326171875,10199.92578125,12048.716796875,921.4664306640624,1311.7822265625,1716.5338134765625,0.0833317339420318,0.1272809505462646,0.1734719276428222,169.70278930664062,190.41082763671875,224.8171844482422,6400,0.1404687464237213,0.0,1.0,0.0
ood,gin,IEEE118,IEEE118,700,True,pu_zscore,0.1398142427206039,ckpt_norm/ood_gin/ood_gin_heldout_IEEE118_s700.pt,100,2.9114975929260254,6543.791015625,5400,0.144684299826622,297.5406494140625,6400,0.1716286242008209,0.0281226355582475,11700,0.3198689222335815,108.448486328125,7511.4150390625,7696.92529296875,7721.41796875,1120.7652587890625,2091.018798828125,2340.259765625,0.0720995739102363,0.1342078447341919,0.1816167831420898,175.2194061279297,196.8809509277344,227.34803771972656,6400,0.1404687464237213,0.0160937495529651,0.9988876581192015,0.0185420829802751
ood,gin,IEEE24,IEEE24,0,True,pu_zscore,1.441839575767517,ckpt_norm/ood_gin/ood_gin_heldout_IEEE24_s0.pt,100,6.085697650909424,7440.13818359375,1100,3.0489559173583984,1179.6282958984375,1300,0.5229708552360535,0.0624911971390247,2300,0.3728359341621399,25.15711212158203,7859.17333984375,9947.951171875,10275.5576171875,5336.66650390625,5424.93505859375,6555.2451171875,0.1265368610620498,0.1493735164403915,0.1614638566970825,62.63150405883789,72.80061340332031,96.4224624633789,1300,0.0399999991059303,0.6399999856948853,0.2115384638309478,0.6338140964508057
ood,gin,IEEE24,IEEE24,100,True,pu_zscore,0.6074480414390564,ckpt_norm/ood_gin/ood_gin_heldout_IEEE24_s100.pt,100,0.8031639456748962,928.29296875,1100,1.9501177072525024,736.6802368164062,1300,0.4308556914329529,0.0482325069606304,2300,0.4308481514453888,30.41247940063477,1406.092529296875,1792.33056640625,1895.32080078125,2841.129638671875,3002.0576171875,4589.73388671875,0.1261122971773147,0.1637188196182251,0.1984282732009887,63.87422180175781,80.00678253173828,144.95718383789062,1300,0.0399999991059303,0.3969230651855469,0.4615384638309479,0.3910256326198578
ood,gin,IEEE24,IEEE24,1000,True,pu_zscore,0.3560805916786194,ckpt_norm/ood_gin/ood_gin_heldout_IEEE24_s1000.pt,100,0.4434556365013122,419.6119384765625,1100,1.1003230810165403,586.8485717773438,1300,0.4520524442195892,0.0587809346616268,2300,1.6725891828536987,82.2703628540039,1001.064697265625,1621.9456787109375,1811.1937255859373,1147.1033935546875,1255.2945556640625,1900.8558349609373,0.1117553785443306,0.136724978685379,0.1522836089134216,333.1244812011719,452.8977966308594,468.474365234375,1300,0.0399999991059303,0.5992307662963867,0.0192307699471712,0.5833333134651184
ood,gin,IEEE24,IEEE24,300,True,pu_zscore,0.5857624411582947,ckpt_norm/ood_gin/ood_gin_heldout_IEEE24_s300.pt,100,2.279093980789185,1991.15576171875,1100,1.3599811792373655,523.5925903320312,1300,0.7491313815116882,0.088236503303051,2300,0.722980260848999,46.356224060058594,3205.031982421875,10892.71875,11469.7060546875,1843.390625,2228.97216796875,5459.08349609375,0.1888904273509979,0.2269207090139389,0.2548558115959167,130.78305053710938,174.6544647216797,189.71568298339844,1300,0.0399999991059303,0.5930769443511963,0.5,0.5969551205635071
ood,gin,IEEE24,IEEE24,700,True,pu_zscore,1.0504536628723145,ckpt_norm/ood_gin/ood_gin_heldout_IEEE24_s700.pt,100,3.488095998764038,4209.486328125,1100,2.7659177780151367,838.8201293945312,1300,0.5705629587173462,0.0570678003132343,2300,0.6257382035255432,39.201454162597656,5356.763671875,7410.71142578125,7454.81396484375,4543.4111328125,4749.71826171875,7053.76171875,0.1979547888040542,0.2065151035785675,0.220681607723236,131.60391235351562,141.09239196777344,154.39590454101562,1300,0.0399999991059303,0.327692300081253,0.6538461446762085,0.3269230723381042
ood,gin,IEEE39,IEEE39,0,True,pu_zscore,0.1525661647319793,ckpt_norm/ood_gin/ood_gin_heldout_IEEE39_s0.pt,100,2.091905355453491,1978.4759521484373,1000,0.162696823477745,196.28713989257807,2900,0.255955159664154,0.0579939112067222,3800,1.3448200225830078,117.05535888671876,2368.334716796875,2429.06640625,2604.5126953125,693.6243286132812,865.0573120117188,940.079833984375,0.1137709990143776,0.1279972344636917,0.1497769951820373,181.3774261474609,194.4820098876953,214.81472778320312,2900,0.3834482729434967,0.8617241382598877,0.0035971223842352,0.7779642343521118
ood,gin,IEEE39,IEEE39,100,True,pu_zscore,0.1169294565916061,ckpt_norm/ood_gin/ood_gin_heldout_IEEE39_s100.pt,100,1.3772345781326294,1292.5426025390625,1000,0.177720159292221,249.43116760253903,2900,0.4570181667804718,0.0978948771953582,3800,1.190116286277771,103.73957824707033,1544.3955078125,1596.953857421875,1597.21337890625,672.4668579101562,843.8992309570312,918.9218139648438,0.2151615023612976,0.2562702298164367,0.3356294631958008,170.39129638671875,185.72569274902344,205.4880523681641,2900,0.3834482729434967,0.8262069225311279,0.0863309353590011,0.7718120813369751
ood,gin,IEEE39,IEEE39,1000,True,pu_zscore,0.1743848174810409,ckpt_norm/ood_gin/ood_gin_heldout_IEEE39_s1000.pt,100,2.473172903060913,2341.83740234375,1000,0.1278943419456482,175.70489501953125,2900,0.3390301167964935,0.074129082262516,3800,1.717711091041565,148.65798950195312,2594.073974609375,2647.114501953125,2647.3779296875,449.9417114257813,611.5126953125,682.880615234375,0.1629959642887115,0.186830461025238,0.2158136963844299,243.69488525390625,284.7449951171875,303.238525390625,2900,0.3834482729434967,0.7886207103729248,0.089028775691986,0.7125279903411865
ood,gin,IEEE39,IEEE39,300,True,pu_zscore,0.157274380326271,ckpt_norm/ood_gin/ood_gin_heldout_IEEE39_s300.pt,100,1.982824683189392,1874.0093994140625,1000,0.2044989615678787,250.1240997314453,2900,0.1908133178949356,0.0412794910371303,3800,1.6162093877792358,137.01258850097656,2119.220947265625,2173.125732421875,2173.398681640625,851.0872802734375,1140.8543701171875,1331.814453125,0.0862666293978691,0.1165985688567161,0.1385941505432129,225.08868408203125,237.79173278808597,259.15826416015625,2900,0.3834482729434967,0.5162069201469421,0.0971223041415214,0.2757270634174347
ood,gin,IEEE39,IEEE39,700,True,pu_zscore,0.1060521453619003,ckpt_norm/ood_gin/ood_gin_heldout_IEEE39_s700.pt,100,0.8547273874282837,780.2676391601562,1000,0.1699085682630539,236.35757446289065,2900,0.2197889536619186,0.0457596033811569,3800,1.772991180419922,154.098388671875,1187.0999755859375,1378.8385009765625,1396.655517578125,655.0128173828125,808.2058715820312,908.4949340820312,0.1163130477070808,0.150528609752655,0.1799671649932861,236.63510131835935,246.73876953125,260.11529541015625,2900,0.3834482729434967,0.132758617401123,0.7949640154838562,0.0878076031804084
ood,gin,UK,UK,0,True,pu_zscore,0.23374904692173,ckpt_norm/ood_gin/ood_gin_heldout_UK_s0.pt,100,0.4735318422317505,13646.009765625,2400,0.3203260898590088,2495.6044921875,500,493.44091796875,13.082770347595217,2800,31.165895462036133,3220.545654296875,29204.15625,31810.26171875,31951.255859375,7732.55615234375,10087.30859375,13491.46875,34.73601150512695,37.59403610229492,40.30924224853516,11908.509765625,14790.4619140625,18623.916015625,500,0.0,1.0,,1.0
ood,gin,UK,UK,100,True,pu_zscore,0.141403466463089,ckpt_norm/ood_gin/ood_gin_heldout_UK_s100.pt,100,0.5544027090072632,16520.638671875,2400,0.1393842250108719,941.9010620117188,500,52.26665496826172,1.556827425956726,2800,8.98466968536377,1045.2919921875,30987.328125,33480.67578125,33589.37890625,3444.365966796875,6531.11376953125,10416.0078125,3.363071918487549,3.696464061737061,3.9768240451812735,2949.830810546875,3532.68798828125,4221.36083984375,500,0.0,0.9919999837875366,,0.9919999837875366
ood,gin,UK,UK,1000,True,pu_zscore,0.2170312851667404,ckpt_norm/ood_gin/ood_gin_heldout_UK_s1000.pt,100,0.6537990570068359,21545.330078125,2400,0.4344808161258697,3230.8759765625,500,30.807056427001957,0.8998487591743469,2800,8.142190933227539,921.9562377929688,29778.099609375,31906.333984375,32019.22265625,10892.685546875,15173.5693359375,19700.109375,1.8247957229614256,1.9290109872817995,2.3204946517944336,2859.696533203125,3426.0107421875,3901.7265625,500,0.0,0.9580000042915344,,0.9580000042915344
ood,gin,UK,UK,300,True,pu_zscore,0.991644024848938,ckpt_norm/ood_gin/ood_gin_heldout_UK_s300.pt,100,0.2154984474182129,6073.515625,2400,2.765267372131348,22141.24609375,500,30.061723709106445,0.8988178968429565,2800,4.213213920593262,488.7246398925781,13633.1640625,19017.60546875,19349.1953125,63966.8828125,83409.4453125,91213.8828125,1.8023664951324463,1.9299981594085691,1.982882022857666,1457.6417236328125,1767.41064453125,2061.93359375,500,0.0,0.8980000019073486,,0.8980000019073486
ood,gin,UK,UK,700,True,pu_zscore,0.1618132442235946,ckpt_norm/ood_gin/ood_gin_heldout_UK_s700.pt,100,0.5392557978630066,15902.7841796875,2400,0.300303041934967,2779.468017578125,500,18.636058807373047,0.5106969475746155,2800,3.833482265472412,370.4747009277344,30897.763671875,33404.8984375,33567.53515625,6237.7138671875,9116.8193359375,13848.634765625,1.5764132738113403,1.826404094696045,2.0637850761413574,1507.529541015625,2267.88232421875,3330.62109375,500,0.0,0.984000027179718,,0.984000027179718
ood,arma_gnn,IEEE118,IEEE118,0,True,pu_zscore,0.2795067131519317,ckpt_norm/ood_arma_gnn/ood_arma_gnn_heldout_IEEE118_s0.pt,100,6.205258369445801,13992.4599609375,5400,0.228310689330101,595.1386108398438,6400,0.1951615959405899,0.0374297015368938,11700,0.3399732112884521,117.23880004882812,14897.69921875,15079.8125,15084.861328125,1395.648193359375,2708.9873046875,2962.789306640625,0.0663248375058174,0.1312088817358017,0.1876636743545532,178.4533233642578,195.0557556152344,211.0691680908203,6400,0.1404687464237213,0.0,1.0,0.0
ood,arma_gnn,IEEE118,IEEE118,100,True,pu_zscore,0.1843893676996231,ckpt_norm/ood_arma_gnn/ood_arma_gnn_heldout_IEEE118_s100.pt,100,4.304610252380371,9699.7890625,5400,0.0786726996302604,144.77684020996094,6400,0.1850696951150894,0.0348067320883274,11700,0.339295357465744,116.37676239013672,10573.58203125,10734.0078125,10753.8740234375,525.1524658203125,1218.041259765625,2479.0048828125,0.0659998878836631,0.1284584105014801,0.1794811487197876,180.90887451171875,197.23974609375,216.63473510742188,6400,0.1404687464237213,0.000312499993015,0.9977753162384032,0.0
ood,arma_gnn,IEEE118,IEEE118,1000,True,pu_zscore,0.2225522547960281,ckpt_norm/ood_arma_gnn/ood_arma_gnn_heldout_IEEE118_s1000.pt,100,4.847278118133545,10928.2998046875,5400,0.1974037438631057,439.50830078125,6400,0.1592247039079666,0.0277352929115295,11700,0.3796126544475555,131.08677673339844,11722.1796875,11903.9453125,11917.703125,1248.5684814453125,2768.344970703125,3205.939208984375,0.0601801611483097,0.1257335841655731,0.1791697740554809,194.62908935546875,210.8118438720703,223.748779296875,6400,0.1404687464237213,0.0009374999790452,0.9944382905960084,0.0001817851298255
ood,arma_gnn,IEEE118,IEEE118,300,True,pu_zscore,0.1436775475740432,ckpt_norm/ood_arma_gnn/ood_arma_gnn_heldout_IEEE118_s300.pt,100,3.2357828617095947,7282.1474609375,5400,0.0983979552984237,240.53567504882807,6400,0.1892686635255813,0.0361022092401981,11700,0.3082574307918548,105.40045928955078,8182.84765625,8370.048828125,8381.013671875,471.7874755859375,1259.95751953125,2900.570556640625,0.0674506202340126,0.1243765726685524,0.1800000667572021,169.65443420410156,189.4423065185547,212.23129272460935,6400,0.1404687464237213,0.0,1.0,0.0
ood,arma_gnn,IEEE118,IEEE118,700,True,pu_zscore,0.2232627421617508,ckpt_norm/ood_arma_gnn/ood_arma_gnn_heldout_IEEE118_s700.pt,100,4.956837177276611,11174.62890625,5400,0.1797945946455001,391.98675537109375,6400,0.1319571435451507,0.0219817571341991,11700,0.332172155380249,114.26241302490234,12008.0634765625,12179.6572265625,12206.3779296875,1249.795654296875,2476.1181640625,3598.05712890625,0.0527801364660263,0.1071520745754242,0.1593878865242004,175.82777404785156,193.9328155517578,213.58004760742188,6400,0.1404687464237213,0.0023437500931322,0.9899888634681702,0.0010907107498496
ood,arma_gnn,IEEE24,IEEE24,0,True,pu_zscore,1.8850555419921875,ckpt_norm/ood_arma_gnn/ood_arma_gnn_heldout_IEEE24_s0.pt,100,8.017431259155273,9784.494140625,1100,3.942007541656494,1113.0196533203125,1300,0.2228582501411438,0.0281187798827886,2300,0.3419541418552398,24.31657600402832,10683.3896484375,10919.9716796875,10967.806640625,6886.3408203125,7257.7783203125,8133.521484375,0.046127900481224,0.0721002966165542,0.1320379376411438,49.25319290161133,54.4431266784668,66.40583801269531,1300,0.0399999991059303,0.0261538457125425,0.8846153616905212,0.0224358979612588
ood,arma_gnn,IEEE24,IEEE24,100,True,pu_zscore,1.446316838264465,ckpt_norm/ood_arma_gnn/ood_arma_gnn_heldout_IEEE24_s100.pt,100,4.469854354858398,5414.84619140625,1100,3.956425666809082,1122.08837890625,1300,0.2047271877527237,0.0247606132179498,2300,0.2076815813779831,14.964993476867676,6361.1123046875,7205.1064453125,7256.9130859375,6168.66455078125,7446.60791015625,9081.5390625,0.0525978952646255,0.0655702129006385,0.1050033569335937,29.17115020751953,36.29443359375,46.72679138183594,1300,0.0399999991059303,0.0099999997764825,0.9807692170143129,0.0096153849735856
ood,arma_gnn,IEEE24,IEEE24,1000,True,pu_zscore,1.3661779165267944,ckpt_norm/ood_arma_gnn/ood_arma_gnn_heldout_IEEE24_s1000.pt,100,6.026940822601318,7300.72607421875,1100,2.688395977020264,721.5245361328125,1300,0.2468495815992355,0.0298548471182584,2300,0.3286983370780945,22.747556686401367,8690.9638671875,9810.091796875,9879.75390625,4997.1787109375,5388.97998046875,8651.154296875,0.0619424507021904,0.0797321051359176,0.1163346767425537,49.39743041992188,61.21995544433594,75.36183166503906,1300,0.0399999991059303,0.0299999993294477,1.0,0.03125
ood,arma_gnn,IEEE24,IEEE24,300,True,pu_zscore,1.1343225240707395,ckpt_norm/ood_arma_gnn/ood_arma_gnn_heldout_IEEE24_s300.pt,100,4.541666030883789,5461.69873046875,1100,2.564009189605713,735.7472534179688,1300,0.216689720749855,0.027029475197196,2300,0.7001287937164307,42.897586822509766,6970.1875,7438.1201171875,7471.29541015625,4377.1025390625,4909.38134765625,6247.103515625,0.0488932244479656,0.0714396014809608,0.1006905436515808,132.95431518554688,147.1982421875,171.42466735839844,1300,0.0399999991059303,0.0299999993294477,0.9615384340286256,0.0296474359929561
ood,arma_gnn,IEEE24,IEEE24,700,True,pu_zscore,1.3711183071136477,ckpt_norm/ood_arma_gnn/ood_arma_gnn_heldout_IEEE24_s700.pt,100,6.331076622009277,7677.8017578125,1100,2.451031446456909,624.928955078125,1300,0.2299474775791168,0.0273262355476617,2300,0.301308125257492,18.640384674072266,8919.1923828125,9271.8681640625,9490.6923828125,4756.42431640625,4936.94140625,6565.2705078125,0.0583476014435291,0.083895243704319,0.1078397035598754,51.91132354736328,63.65154647827149,83.54299926757812,1300,0.0399999991059303,0.0207692310214042,0.9615384340286256,0.0200320519506931
ood,arma_gnn,IEEE39,IEEE39,0,True,pu_zscore,1.5486695766448977,ckpt_norm/ood_arma_gnn/ood_arma_gnn_heldout_IEEE39_s0.pt,100,22.40592765808105,21301.244140625,1000,1.8009103536605835,1318.7535400390625,2900,0.2481782138347625,0.0527107939124107,3800,1.0049874782562256,87.1438217163086,21547.810546875,21616.783203125,21642.369140625,9817.7236328125,10428.2890625,11228.4091796875,0.1305024921894073,0.1544620096683502,0.2014902830123901,154.80923461914062,186.4353485107422,268.244140625,2900,0.3834482729434967,0.5724138021469116,0.1915467679500579,0.4256152212619781
ood,arma_gnn,IEEE39,IEEE39,100,True,pu_zscore,1.2349226474761963,ckpt_norm/ood_arma_gnn/ood_arma_gnn_heldout_IEEE39_s100.pt,100,18.64750862121582,17728.005859375,1000,1.0958998203277588,857.1361694335938,2900,0.4067802429199219,0.088997758924961,3800,1.537803053855896,134.40476989746094,17977.638671875,18081.75390625,18086.234375,5952.08837890625,6417.04150390625,6737.1396484375,0.1896862983703613,0.2026018649339676,0.2293131947517395,230.78079223632807,251.0527801513672,276.7613525390625,2900,0.3834482729434967,0.8544827699661255,0.0053956834599375,0.7673377990722656
ood,arma_gnn,IEEE39,IEEE39,1000,True,pu_zscore,1.3343745470046997,ckpt_norm/ood_arma_gnn/ood_arma_gnn_heldout_IEEE39_s1000.pt,100,19.016328811645508,18077.435546875,1000,1.6509733200073242,1145.1929931640625,2900,0.3526353240013122,0.0756658092141151,3800,1.2751652002334597,114.13228607177734,18788.10546875,19041.369140625,19353.7421875,9042.2099609375,9583.3935546875,10037.6572265625,0.1777848750352859,0.1967685669660568,0.2230262756347656,182.259765625,198.5114288330078,269.9380187988281,2900,0.3834482729434967,0.7082758545875549,0.2679856121540069,0.6935123205184937
ood,arma_gnn,IEEE39,IEEE39,300,True,pu_zscore,1.0597057342529297,ckpt_norm/ood_arma_gnn/ood_arma_gnn_heldout_IEEE39_s300.pt,100,15.797086715698242,15017.1474609375,1000,1.0435415506362915,784.9989013671875,2900,0.2997482419013977,0.0638202354311943,3800,0.7819119691848755,65.85958099365234,15413.7939453125,15462.0478515625,15625.044921875,5655.70751953125,6155.38916015625,6546.759765625,0.1571888327598571,0.170059859752655,0.1914112567901611,140.4916534423828,163.4981689453125,259.4852294921875,2900,0.3834482729434967,0.6348276138305664,0.1978417336940765,0.530760645866394
ood,arma_gnn,IEEE39,IEEE39,700,True,pu_zscore,1.5414413213729858,ckpt_norm/ood_arma_gnn/ood_arma_gnn_heldout_IEEE39_s700.pt,100,22.750110626220703,21627.634765625,1000,1.6160764694213867,1136.4801025390625,2900,0.3341853022575378,0.0716617852449417,3800,1.1687748432159424,99.27495574951172,22057.326171875,22102.9453125,22252.490234375,8836.056640625,9636.6767578125,10276.6630859375,0.1572411209344864,0.2003723084926605,0.2321686744689941,192.14431762695312,219.1423492431641,288.9187927246094,2900,0.3834482729434967,0.6520689725875854,0.1780575513839721,0.5464205741882324
ood,arma_gnn,UK,UK,0,True,pu_zscore,0.2609972059726715,ckpt_norm/ood_arma_gnn/ood_arma_gnn_heldout_UK_s0.pt,100,0.6526883244514465,21261.078125,2400,0.6057032942771912,3943.705810546875,500,10.875725746154783,0.3111084401607513,2800,3.2654848098754883,470.9812622070313,30409.94921875,32645.83203125,32744.6171875,16076.564453125,21173.423828125,25752.6328125,0.8101921081542969,0.891802191734314,1.0299022197723389,934.7653198242188,1072.4818115234375,1173.501953125,500,0.0,0.9300000071525574,,0.9300000071525574
ood,arma_gnn,UK,UK,100,True,pu_zscore,0.2424085140228271,ckpt_norm/ood_arma_gnn/ood_arma_gnn_heldout_UK_s100.pt,100,0.5955055952072144,19251.783203125,2400,0.5638444423675537,4049.556640625,500,16.188180923461914,0.5287219285964966,2800,4.817580223083496,736.6222534179688,29712.4296875,31766.01171875,31852.474609375,15778.533203125,20339.845703125,24180.765625,1.12068510055542,1.147567629814148,1.200880765914917,1206.8519287109375,1498.6986083984375,2034.3328857421875,500,0.0,1.0,,1.0
ood,arma_gnn,UK,UK,1000,True,pu_zscore,0.1283147633075714,ckpt_norm/ood_arma_gnn/ood_arma_gnn_heldout_UK_s1000.pt,100,0.5393222570419312,15999.728515625,2400,0.1306467652320861,1008.1815795898438,500,2.246521472930908,0.060486551374197,2800,1.9152753353118896,245.6005096435547,30505.73046875,33083.63671875,33199.109375,2615.735107421875,4733.4541015625,10238.5732421875,0.2127788066864013,0.2671354115009308,0.3104378581047058,558.6551513671875,753.4210815429688,1160.711181640625,500,0.0,0.4099999964237213,,0.4099999964237213
ood,arma_gnn,UK,UK,300,True,pu_zscore,0.1541299521923065,ckpt_norm/ood_arma_gnn/ood_arma_gnn_heldout_UK_s300.pt,100,0.5272602438926697,15657.0703125,2400,0.2745503783226013,1750.3531494140625,500,9.467070579528809,0.2792333960533142,2800,4.203843593597412,590.9275512695312,30229.83984375,32876.87109375,32999.1015625,7146.767578125,13093.1396484375,17130.1328125,0.6421787738800049,0.7062556743621826,0.800829291343689,1256.0035400390625,1519.6890869140625,2120.235107421875,500,0.0,0.8539999723434448,,0.8539999723434448
ood,arma_gnn,UK,UK,700,True,pu_zscore,0.193063274025917,ckpt_norm/ood_arma_gnn/ood_arma_gnn_heldout_UK_s700.pt,100,0.5474959015846252,16671.015625,2400,0.4183705151081085,2943.883056640625,500,8.517241477966309,0.2689951658248901,2800,2.737372875213623,377.9930725097656,30754.0625,33353.08984375,33472.3203125,9553.3359375,18922.8828125,23121.046875,0.5461771488189697,0.6000024080276489,0.637202262878418,767.90283203125,1229.3043212890625,1310.3931884765625,500,0.0,1.0,,1.0
