model,train_grid,test_grid,unseen,seed,regime,num_layers,hidden,learning_rate,normalize,nrmse,mse,mae,nrmse_P,nrmse_Q,nrmse_V,nrmse_theta,mse_P,mse_Q,mse_V,mse_theta,mae_P,mae_Q,mae_V,mae_theta
arma_gnn,IEEE24,IEEE24,False,0,B,8,128,0.001,pu_zscore,0.0049047204665839,11.37381649017334,0.6544257402420044,0.0023578817490488,0.0075179790146648,0.0085027106106281,0.0105856098234653,23.444971084594727,21.274274826049805,1.5228270058287308e-06,0.7760239839553833,0.6162465214729309,1.5636094808578491,0.0004243257280904,0.4374224841594696
arma_gnn,IEEE24,IEEE39,True,0,B,8,128,0.001,pu_zscore,0.0962765961885452,13707.859375,32.11510467529297,0.0578015446662902,0.0839601904153823,0.2876167595386505,0.4475632607936859,27961.673828125,24375.66796875,0.0057057593949139,2494.086669921875,26.471872329711918,57.09917449951172,0.0506641902029514,44.83871841430664
arma_gnn,IEEE24,IEEE118,True,0,B,8,128,0.001,pu_zscore,0.1175465881824493,85977.0234375,91.48429107666016,0.0806120261549949,0.0615031942725181,0.1720233559608459,0.5979418158531189,255194.9375,42488.7109375,0.0014593933010473,46224.39453125,46.25704574584961,112.41278839111328,0.0241423193365335,207.24322509765625
arma_gnn,IEEE24,UK,True,0,B,8,128,0.001,pu_zscore,0.1295475661754608,3353612.25,443.1385192871094,0.0752086266875267,0.1210105270147323,2.5969061851501465,1.889630913734436,11365740.0,1955691.0,0.0109938355162739,93018.0078125,545.736328125,978.7388916015624,0.0376680381596088,248.04129028320312
arma_gnn,IEEE24,IEEE24,False,100,B,8,128,0.001,pu_zscore,0.004465720616281,9.428894996643066,0.6312243342399597,0.0023705170024186,0.0059572234749794,0.0093085616827011,0.0097674150019884,23.696918487548828,13.357965469360352,1.8251599840368728e-06,0.6606976389884949,0.7687342166900635,1.352039813995361,0.0004413368878886,0.4036821722984314
arma_gnn,IEEE24,IEEE39,True,100,B,8,128,0.001,pu_zscore,0.1040637046098709,16014.9912109375,32.67609024047852,0.0642660409212112,0.0892372950911521,0.1822350919246673,0.3965566456317901,34565.859375,27536.10546875,0.0022905992809683,1958.002197265625,29.49296188354492,61.19945526123047,0.0319756008684635,39.97998046875
arma_gnn,IEEE24,IEEE118,True,100,B,8,128,0.001,pu_zscore,0.1323528736829757,109000.65625,129.85842895507812,0.080464944243431,0.0891454219818115,0.214961901307106,0.845733106136322,254264.5625,89263.984375,0.0022788746282458,92474.078125,46.146934509277344,179.2076873779297,0.0304285436868667,294.0486145019531
arma_gnn,IEEE24,UK,True,100,B,8,128,0.001,pu_zscore,0.128492921590805,3299231.0,406.9849853515625,0.0735534653067588,0.1304656416177749,1.2883089780807495,1.4223190546035769,10870979.0,2273244.75,0.0027056820690631,52699.5703125,533.0296020507812,908.1256713867188,0.0186909083276987,186.7658843994141
arma_gnn,IEEE24,IEEE24,False,300,B,8,128,0.001,pu_zscore,0.0051352311857044,12.468027114868164,0.6257013082504272,0.0028600601945072,0.0062852371484041,0.008208337239921,0.0085615739226341,34.494991302490234,14.869483947753906,1.4192080470820656e-06,0.5076339244842529,0.7532796263694763,1.4034075736999512,0.0003547662927303,0.345763236284256
arma_gnn,IEEE24,IEEE39,True,300,B,8,128,0.001,pu_zscore,0.0852852240204811,10756.6181640625,26.503721237182617,0.0560422427952289,0.067231647670269,0.1856603175401687,0.2987267673015594,26285.44140625,15629.935546875,0.0023775147274136,1111.0941162109375,25.5817813873291,49.578651428222656,0.0333042703568935,30.821149826049805
arma_gnn,IEEE24,IEEE118,True,300,B,8,128,0.001,pu_zscore,0.1108843758702278,76507.328125,84.16102600097656,0.0745535492897033,0.0576275177299976,0.1818729490041732,0.6246702671051025,218277.53125,37302.5078125,0.0016312994994223,50449.28515625,42.72697067260742,77.90158081054688,0.0255899149924516,215.98995971679688
arma_gnn,IEEE24,UK,True,300,B,8,128,0.001,pu_zscore,0.1318129450082779,3471926.0,485.9685363769531,0.0729657560586929,0.1526972353458404,2.203423023223877,1.7054771184921265,10697950.0,3113983.25,0.0079146632924675,75771.3203125,526.9411010742188,1205.083251953125,0.0295036733150482,211.82012939453125
arma_gnn,IEEE24,IEEE24,False,700,B,8,128,0.001,pu_zscore,0.0054647070355713,14.11924648284912,0.6731143593788147,0.0029770168475806,0.0070097954012453,0.0096970554441213,0.0093675861135125,37.37389373779297,18.49537849426269,1.980685283342609e-06,0.6077133417129517,0.727389395236969,1.5565974712371826,0.0004576705978251,0.4080128371715545
arma_gnn,IEEE24,IEEE39,True,700,B,8,128,0.001,pu_zscore,0.1111506596207618,18270.578125,33.69234085083008,0.0688280686736106,0.095731183886528,0.1937680840492248,0.3743951916694641,39647.46484375,31689.5859375,0.002589700743556,1745.2720947265625,31.574338912963867,65.67974853515625,0.0332631692290306,37.48200225830078
arma_gnn,IEEE24,IEEE118,True,700,B,8,128,0.001,pu_zscore,0.1183562353253364,87165.5,96.4667510986328,0.0790125057101249,0.0692019686102867,0.1852700859308242,0.6200278401374817,245168.125,53791.67578125,0.0016928096301853,49702.2109375,45.30957794189453,127.97515869140624,0.0248323325067758,212.55743408203125
arma_gnn,IEEE24,UK,True,700,B,8,128,0.001,pu_zscore,0.1326977312564849,3518692.0,502.22503662109375,0.0731669664382934,0.1563464552164077,2.3716471195220947,1.4281976222991943,10757033.0,3264600.25,0.0091693140566349,53136.09765625,528.3807373046875,1305.1873779296875,0.0280324295163154,175.30404663085938
arma_gnn,IEEE24,IEEE24,False,1000,B,8,128,0.001,pu_zscore,0.0044193677604198,9.234172821044922,0.6142075061798096,0.0023333139251917,0.0059302374720573,0.0089422781020402,0.0103405965492129,22.958953857421875,13.237217903137209,1.6843492858242826e-06,0.740516185760498,0.6198177337646484,1.3681851625442505,0.0004249637422617,0.468402087688446
arma_gnn,IEEE24,IEEE39,True,1000,B,8,128,0.001,pu_zscore,0.1138321682810783,19162.765625,36.16313552856445,0.0688950791954994,0.0995688363909721,0.1861230581998825,0.4609153270721435,39724.69921875,34281.2421875,0.0023893811739981,2645.117431640625,31.63278579711914,66.33321380615234,0.0334940440952777,46.65305709838867
arma_gnn,IEEE24,IEEE118,True,1000,B,8,128,0.001,pu_zscore,0.1170245856046676,85215.1015625,88.67577362060547,0.0806712880730629,0.0580188073217868,0.4469804167747497,0.6060042977333069,255570.265625,37810.796875,0.0098531357944011,47479.34765625,46.28588485717773,97.67694854736328,0.0663940981030464,210.6739044189453
arma_gnn,IEEE24,UK,True,1000,B,8,128,0.001,pu_zscore,0.129004955291748,3325578.0,381.8871154785156,0.0754563733935356,0.1167153716087341,1.3921016454696655,1.2734177112579346,11440744.0,1819323.875,0.0031592110171914,42243.00390625,554.1892700195312,814.2721557617188,0.0214835349470376,159.06573486328125
arma_gnn,IEEE39,IEEE24,True,0,B,8,128,0.001,pu_zscore,0.0926119834184646,4055.1982421875,19.8336238861084,0.0499389693140983,0.1160959228873252,0.1884813457727432,0.3017818331718445,10516.830078125,5073.2529296875,0.0007482944638468,630.7098999023438,18.884492874145508,38.92572784423828,0.0162787120789289,21.507997512817383
arma_gnn,IEEE39,IEEE39,False,0,B,8,128,0.001,pu_zscore,0.006868140771985,69.76002502441406,1.834149479866028,0.0022100810892879,0.0080909505486488,0.0214935466647148,0.0307801980525255,40.87904357910156,226.36474609375,3.1864066841080785e-05,11.79629135131836,0.7528316974639893,4.755772113800049,0.0027980613522231,1.8251960277557373
arma_gnn,IEEE39,IEEE118,True,0,B,8,128,0.001,pu_zscore,0.0974151343107223,59049.36328125,57.74874114990234,0.0657161399722099,0.0677879378199577,0.1319772750139236,0.3404516875743866,169596.328125,51615.84765625,0.0008590051438659,14985.2607421875,37.58393096923828,78.09351348876953,0.0167356971651315,115.30076599121094
arma_gnn,IEEE39,UK,True,0,B,8,128,0.001,pu_zscore,0.1286899596452713,3309357.5,391.02197265625,0.0754274427890777,0.1117983907461166,1.760916233062744,2.2865052223205566,11431971.0,1669264.125,0.0050549176521599,136193.8125,551.36962890625,718.7630004882812,0.0257191807031631,293.9295349121094
arma_gnn,IEEE39,IEEE24,True,100,B,8,128,0.001,pu_zscore,0.1609214693307876,12243.501953125,26.11878204345703,0.0993858352303505,0.1330862492322921,0.2144353836774826,0.307156354188919,41653.8125,6666.82373046875,0.0009685646509751,653.3748168945312,38.86565399169922,43.24083709716797,0.0182722471654415,22.35036277770996
arma_gnn,IEEE39,IEEE39,False,100,B,8,128,0.001,pu_zscore,0.005261440295726,40.93902587890625,1.358784556388855,0.0017310609109699,0.0061621479690074,0.0173860788345336,0.0243366379290819,25.07892417907715,131.30279541015625,2.08491510420572e-05,7.374351024627685,0.6950510144233704,3.32632827758789,0.0021588741801679,1.4115996360778809
arma_gnn,IEEE39,IEEE118,True,100,B,8,128,0.001,pu_zscore,0.0950089320540428,56168.2890625,54.12941360473633,0.0635760501027107,0.0691233128309249,0.2103495448827743,0.3081113696098327,158730.171875,53669.46875,0.0021821300033479,12273.5107421875,36.33106994628906,77.64408111572266,0.0312695242464542,102.5112533569336
arma_gnn,IEEE39,UK,True,100,B,8,128,0.001,pu_zscore,0.1324837803840637,3507355.25,437.5639343261719,0.07662895321846,0.1244892701506614,1.6790111064910889,2.4828648567199707,11799080.0,2069749.375,0.0045956177636981,160590.265625,563.171142578125,859.3234252929688,0.0270141847431659,327.73419189453125
arma_gnn,IEEE39,IEEE24,True,300,B,8,128,0.001,pu_zscore,0.0841376483440399,3347.021484375,20.396446228027344,0.0310518387705087,0.1542738974094391,0.2098239809274673,0.2290770858526229,4066.12158203125,8958.544921875,0.0009273549076169,363.418212890625,10.811628341674805,54.026947021484375,0.018646853044629,16.728557586669922
arma_gnn,IEEE39,IEEE39,False,300,B,8,128,0.001,pu_zscore,0.0068385563790798,69.16033172607422,1.5612903833389282,0.0016152720199897,0.0084396293386816,0.0230855662375688,0.0261429715901613,21.83612632751465,246.2954864501953,3.6759203794645146e-05,8.50966739654541,0.5569007396697998,4.113890647888184,0.002627125242725,1.5717438459396362
arma_gnn,IEEE39,IEEE118,True,300,B,8,128,0.001,pu_zscore,0.102898009121418,65883.4453125,60.873313903808594,0.0679897293448448,0.0789306759834289,0.2200412899255752,0.3049133718013763,181534.421875,69979.328125,0.0023878433275967,12020.048828125,38.918548583984375,103.21463775634766,0.032877005636692,101.32722473144533
arma_gnn,IEEE39,UK,True,300,B,8,128,0.001,pu_zscore,0.1285046339035034,3299832.25,413.5861206054688,0.0745651349425315,0.1192936897277832,1.910737991333008,2.2050089836120605,11172079.0,1900591.625,0.0059516723267734,126658.3359375,541.5253295898438,830.1786499023438,0.0296021644026041,282.6107788085937
arma_gnn,IEEE39,IEEE24,True,700,B,8,128,0.001,pu_zscore,0.1769243776798248,14799.705078125,27.054670333862305,0.1109595820307731,0.1320511400699615,0.1589352786540985,0.3213645815849304,51920.0859375,6563.52001953125,0.0005320793716236,715.2196655273438,44.38887405395508,40.56494140625,0.014666523784399,23.250194549560547
arma_gnn,IEEE39,IEEE39,False,700,B,8,128,0.001,pu_zscore,0.0069646253250539,71.73377227783203,1.707803726196289,0.0020322096534073,0.0083720237016677,0.0222201310098171,0.0283482857048511,34.56378936767578,242.36538696289065,3.40547994710505e-05,10.005903244018556,0.8068323135375977,4.151774883270264,0.002802348928526,1.869805693626404
arma_gnn,IEEE39,IEEE118,True,700,B,8,128,0.001,pu_zscore,0.0982592478394508,60077.12890625,60.49241638183594,0.0649674981832504,0.072188526391983,0.2158858329057693,0.3520031571388244,165754.234375,58534.8515625,0.0022985064424574,16019.4091796875,37.14687347412109,85.8888168334961,0.0304614938795566,118.90348815917967
arma_gnn,IEEE39,UK,True,700,B,8,128,0.001,pu_zscore,0.12968610227108,3360788.75,438.3932800292969,0.0753744542598724,0.1171783134341239,3.440347194671631,2.725099802017212,11415917.0,1833784.625,0.0192948430776596,193454.0625,550.13916015625,846.94921875,0.0552553907036781,356.4296264648437
arma_gnn,IEEE39,IEEE24,True,1000,B,8,128,0.001,pu_zscore,0.1389512121677398,9128.5625,26.683082580566406,0.0754288211464881,0.1798625588417053,0.1997304260730743,0.2230868488550186,23992.767578125,12176.8251953125,0.0008402803796343,344.660400390625,29.036216735839844,62.098365783691406,0.0183039419353008,15.57945156097412
arma_gnn,IEEE39,IEEE39,False,1000,B,8,128,0.001,pu_zscore,0.0062212771736085,57.238372802734375,1.3781863451004028,0.001684071496129,0.0075414581224322,0.0210468340665102,0.0262134484946727,23.73588180541992,196.66197204589844,3.0553335818694904e-05,8.555609703063965,0.5413666367530823,3.5249390602111816,0.0024369570892304,1.4440034627914429
arma_gnn,IEEE39,IEEE118,True,1000,B,8,128,0.001,pu_zscore,0.0991579592227935,61181.13671875,56.52511596679688,0.0654359608888626,0.0770374536514282,0.2516052722930908,0.2768417596817016,168153.265625,66662.5703125,0.0031220291275531,9908.697265625,37.42577362060547,99.37933349609376,0.0379855409264564,89.25739288330078
arma_gnn,IEEE39,UK,True,1000,B,8,128,0.001,pu_zscore,0.1287555247545242,3312730.0,395.015380859375,0.074857622385025,0.1170516163110733,1.801095724105835,2.48758602142334,11259898.0,1829821.5,0.0052882297895848,161201.5625,546.4362182617188,724.3189086914062,0.025313789024949,309.2811584472656
arma_gnn,IEEE118,IEEE24,True,0,B,8,128,0.001,pu_zscore,0.534875750541687,135264.40625,65.96342468261719,0.3483004570007324,0.2472011148929596,0.2391263395547866,0.9670016169548036,511580.3125,23001.3515625,0.0012044550385326,6475.86572265625,144.42529296875,54.43821334838867,0.0206853002309799,64.96949768066406
arma_gnn,IEEE118,IEEE39,True,0,B,8,128,0.001,pu_zscore,0.4449095427989959,292733.0,100.96371459960938,0.3622861504554748,0.1073175594210624,0.2517399787902832,1.6190680265426636,1098468.75,39824.5859375,0.0043710866011679,32638.701171875,167.7521514892578,81.49182891845703,0.047165609896183,154.56378173828125
arma_gnn,IEEE118,IEEE118,False,0,B,8,128,0.001,pu_zscore,0.0036704156082123,83.82872009277344,1.3779566287994385,0.0011275316355749,0.0041178744286298,0.0086973486468195,0.0270957350730896,49.92634582519531,190.4690399169922,3.730535809154389e-06,94.9194564819336,0.3226398825645447,2.80986762046814,0.0004668553301598,2.378851890563965
arma_gnn,IEEE118,UK,True,0,B,8,128,0.001,pu_zscore,0.1586722284555435,5031022.0,870.3701782226562,0.077237918972969,0.1757929325103759,5.076447486877441,12.406220436096191,11987359.0,4127211.5,0.0420103706419467,4009516.5,579.826904296875,1310.2115478515625,0.0644513294100761,1591.3780517578125
arma_gnn,IEEE118,IEEE24,True,100,B,8,128,0.001,pu_zscore,0.5958253145217896,167847.78125,90.69717407226562,0.3557200729846954,0.5881268978118896,0.3378104865550995,1.0467458963394165,533608.125,130195.1171875,0.0024037095718085,7587.9765625,147.32904052734375,147.5615234375,0.0282878819853067,67.869873046875
arma_gnn,IEEE118,IEEE39,True,100,B,8,128,0.001,pu_zscore,0.5284947752952576,413056.65625,167.8050537109375,0.3750568330287933,0.3511053323745727,0.326294869184494,1.977311611175537,1177276.5,426269.78125,0.0073435422964394,48680.2578125,173.62623596191406,300.9618225097656,0.0579081252217292,196.57423400878903
arma_gnn,IEEE118,IEEE118,False,100,B,8,128,0.001,pu_zscore,0.0034330985508859,73.33897399902344,1.338862419128418,0.0009432826191186,0.0038176719099283,0.0089621227234601,0.0270648524165153,34.94266128540039,163.71006774902344,3.961131824326003e-06,94.70320129394533,0.3568627834320068,2.759229898452759,0.0004494159366004,2.2389073371887207
arma_gnn,IEEE118,UK,True,100,B,8,128,0.001,pu_zscore,0.1715507358312606,5880841.5,776.9036254882812,0.0786259472370147,0.2638506889343261,5.2733001708984375,8.321005821228027,12422076.0,9297589.0,0.0453316681087017,1803701.625,581.3933715820312,1493.0479736328125,0.0679131895303726,1033.1053466796875
arma_gnn,IEEE118,IEEE24,True,300,B,8,128,0.001,pu_zscore,0.5165548920631409,126156.796875,57.42210388183594,0.3419183492660522,0.1318545192480087,0.2332960218191146,0.8563843369483948,493004.15625,6543.98876953125,0.0011464377166703,5079.0302734375,143.08563232421875,38.601539611816406,0.016806511208415,47.98442077636719
arma_gnn,IEEE118,IEEE39,True,300,B,8,128,0.001,pu_zscore,0.3101466000080108,142253.25,76.52825164794922,0.2432764172554016,0.1235657110810279,0.2808298468589782,1.295547366142273,495318.1875,52796.55859375,0.0054396581836044,20898.21875,112.47582244873048,89.56512451171875,0.0497916340827941,104.0223388671875
arma_gnn,IEEE118,IEEE118,False,300,B,8,128,0.001,pu_zscore,0.0037892465479671,89.34454345703125,1.3317021131515503,0.0013766753254458,0.0041011935099959,0.008851115591824,0.0269672311842441,74.4278335571289,188.92906188964844,3.863611709675752e-06,94.0212631225586,0.519065797328949,2.6331207752227783,0.0006782074924558,2.173943996429444
arma_gnn,IEEE118,UK,True,300,B,8,128,0.001,pu_zscore,0.1912897080183029,7312022.5,1289.89599609375,0.0763838589191436,0.2095233798027038,8.213088989257812,21.15770149230957,11723725.0,5862986.0,0.1099638193845748,11661381.0,552.0780029296875,1765.4925537109375,0.1203537285327911,2841.892822265625
arma_gnn,IEEE118,IEEE24,True,700,B,8,128,0.001,pu_zscore,0.697586178779602,230077.125,96.54220581054688,0.4186980128288269,0.6810217499732971,0.2125654071569442,0.9657375812530518,739277.5,174571.984375,0.0009517457219772,6458.94580078125,174.17381286621094,160.95053100585938,0.0177571699023246,51.02669143676758
arma_gnn,IEEE118,IEEE39,True,700,B,8,128,0.001,pu_zscore,0.5848769545555115,505891.3125,166.85995483398438,0.3981704115867615,0.4414948523044586,0.332104355096817,1.350608468055725,1326851.125,674001.6875,0.0076073640957474,22712.32421875,184.38186645507807,351.7294921875,0.0602026283740997,131.26829528808594
arma_gnn,IEEE118,IEEE118,False,700,B,8,128,0.001,pu_zscore,0.0034617043565958,74.56623840332031,1.4068540334701538,0.0010265738237649,0.0037953155115246,0.0087781306356191,0.0271187387406826,41.385929107666016,161.79830932617188,3.800157173827756e-06,95.08069610595705,0.4466422796249389,2.923654079437256,0.0005215475102886,2.256598472595215
arma_gnn,IEEE118,UK,True,700,B,8,128,0.001,pu_zscore,0.1872444152832031,7006031.5,999.2930908203124,0.0826512426137924,0.2580077052116394,3.47941255569458,14.407235145568848,13726542.0,8890358.0,0.0197355207055807,5407224.0,631.193115234375,1621.6993408203125,0.0504682250320911,1744.2294921875
arma_gnn,IEEE118,IEEE24,True,1000,B,8,128,0.001,pu_zscore,0.5989622473716736,169619.8125,89.87726593017578,0.3503332436084747,0.6369271278381348,0.2926470637321472,1.088963747024536,517569.28125,152697.546875,0.0018039484275504,8212.40234375,144.8014678955078,146.34510803222656,0.0234345123171806,68.33903503417969
arma_gnn,IEEE118,IEEE39,True,1000,B,8,128,0.001,pu_zscore,0.5523875951766968,451248.71875,178.43524169921875,0.3865814805030823,0.3812271356582641,0.4621167778968811,2.0378963947296143,1250738.125,502547.71875,0.0147295175120234,51709.09375,179.0055389404297,324.7458190917969,0.0795133262872695,209.9101104736328
arma_gnn,IEEE118,IEEE118,False,1000,B,8,128,0.001,pu_zscore,0.0036215709988027,81.61243438720703,1.2133843898773191,0.0010564023396,0.00406821584329,0.0089580789208412,0.027351651340723,43.825927734375,185.9028778076172,3.957557964895386e-06,96.72093200683594,0.333355963230133,2.33198618888855,0.0004327749484218,2.187762260437012
arma_gnn,IEEE118,UK,True,1000,B,8,128,0.001,pu_zscore,0.2075065374374389,8604346.0,1079.56787109375,0.0858959555625915,0.3636394143104553,7.429302215576172,8.611262321472168,14825448.0,17660204.0,0.0899772569537162,1931731.0,679.4832763671875,2504.71044921875,0.0784254893660545,1133.999267578125
arma_gnn,UK,IEEE24,True,0,B,8,128,0.001,pu_zscore,7.91425085067749,29614022.0,1655.7396240234375,3.3100428581237797,13.854671478271484,0.1474888920783996,0.4812891185283661,46203296.0,72251200.0,0.0004581992689054,1604.18896484375,1387.376220703125,5201.2626953125,0.0132202440872788,34.30534362792969
arma_gnn,UK,IEEE39,True,0,B,8,128,0.001,pu_zscore,2.8838820457458496,12299377.0,571.3362426757812,2.0160274505615234,2.095342874526977,0.2175694555044174,0.158119186758995,34015520.0,15181682.0,0.0032649831846356,311.2947692871094,933.8893432617188,1336.9046630859375,0.0386204570531845,14.512277603149414
arma_gnn,UK,IEEE118,True,0,B,8,128,0.001,pu_zscore,0.829562783241272,4282140.0,460.7453918457031,0.4998195767402649,0.8061394691467285,0.0993556603789329,0.3761317133903503,9810675.0,7299592.0,0.000486836041091,18290.826171875,288.3045654296875,1424.55419921875,0.0122473463416099,130.110595703125
arma_gnn,UK,UK,False,0,B,8,128,0.001,pu_zscore,0.0036452002823352,2655.19921875,12.26645851135254,0.0016004536300897,0.0064001004211604,0.0150453560054302,0.0113504622131586,5146.93359375,5470.50634765625,3.69013037015975e-07,3.35614013671875,8.90462875366211,39.17508316040039,6.660407962044701e-05,0.9860645532608032
arma_gnn,UK,IEEE24,True,100,B,8,128,0.001,pu_zscore,5.431205749511719,13946659.0,1098.793701171875,2.546020030975342,8.693718910217285,0.5720759034156799,0.5633854866027832,27335648.0,28448786.0,0.0068935514427721,2198.136962890625,1066.7039794921875,3287.748046875,0.0531488992273807,40.67033767700195
arma_gnn,UK,IEEE39,True,100,B,8,128,0.001,pu_zscore,1.9035005569458008,5358388.5,351.11700439453125,1.3743871450424194,1.2753239870071411,0.2185607254505157,0.2105940580368042,15808929.0,5624070.0,0.003294802037999,552.1980590820312,636.6377563476562,749.5408325195312,0.0408316478133201,18.24847221374512
arma_gnn,UK,IEEE118,True,100,B,8,128,0.001,pu_zscore,0.1878233850002288,219513.734375,108.73503875732422,0.075828231871128,0.2386788874864578,0.10965546220541,0.3091720640659332,225805.359375,639891.3125,0.0005930045736022,12358.1611328125,43.44328308105469,287.623291015625,0.0136893633753061,103.85989379882812
arma_gnn,UK,UK,False,100,B,8,128,0.001,pu_zscore,0.0037210469599813,2766.84375,12.002479553222656,0.0015976276481524,0.0066667408682405,0.0138808004558086,0.0103215565904974,5128.77392578125,5935.82470703125,3.140984006222425e-07,2.775258302688598,9.029338836669922,37.92233276367188,9.818215039558709e-05,1.0581470727920532
arma_gnn,UK,IEEE24,True,300,B,8,128,0.001,pu_zscore,5.666938304901123,15183599.0,947.022216796875,3.2867591381073,6.349908828735352,0.193071648478508,0.504922091960907,45555572.0,15177056.0,0.0007851863629184,1765.599365234375,1377.53564453125,2381.110107421875,0.0163973085582256,29.42679023742676
arma_gnn,UK,IEEE39,True,300,B,8,128,0.001,pu_zscore,2.384748935699463,8410340.0,516.9152221679688,1.7114204168319702,1.6245979070663452,0.1888748258352279,0.3856145143508911,24513068.0,9126441.0,0.0024605558719486,1851.43896484375,792.7474975585938,1237.9796142578125,0.0343870148062706,36.89931106567383
arma_gnn,UK,IEEE118,True,300,B,8,128,0.001,pu_zscore,0.6947982311248779,3003860.25,295.51873779296875,0.493730217218399,0.4646497666835785,0.0989340022206306,0.3653831779956817,9573082.0,2425099.75,0.0004827125521842,17260.384765625,284.7894592285156,772.495361328125,0.0122443186119198,124.77779388427734
arma_gnn,UK,UK,False,300,B,8,128,0.001,pu_zscore,0.0038240747526288,2922.1806640625,11.835291862487791,0.0017911717295646,0.0062630265019834,0.0166647862643003,0.0113325817510485,6446.69189453125,5238.68603515625,4.527267947196378e-07,3.3455750942230225,11.16584300994873,35.134246826171875,7.375850691460073e-05,1.0410076379776
arma_gnn,UK,IEEE24,True,700,B,8,128,0.001,pu_zscore,0.7520074844360352,267375.8125,172.32347106933594,0.1942794919013977,1.5491060018539429,0.1393315196037292,1.0103533267974854,159169.40625,903264.3125,0.0004089163558091,7069.521484375,76.727294921875,538.1533203125,0.0120913451537489,74.40125274658203
arma_gnn,UK,IEEE39,True,700,B,8,128,0.001,pu_zscore,1.820906162261963,4903467.5,339.1759338378906,1.3686548471450806,1.0661633014678955,0.2247397154569625,0.6915305256843567,15677330.0,3930584.5,0.0034837317653,5954.22705078125,633.8052368164062,656.2345581054688,0.0395656339824199,66.6243896484375
arma_gnn,UK,IEEE118,True,700,B,8,128,0.001,pu_zscore,0.3962669968605041,977097.9375,196.32408142089844,0.2662684619426727,0.3140709102153778,0.105994276702404,0.3532577753067016,2784273.25,1107984.375,0.0005540670244954,16133.8046875,153.51544189453125,515.2017822265625,0.0130769098177552,116.56599426269533
arma_gnn,UK,UK,False,700,B,8,128,0.001,pu_zscore,0.0034240069799125,2342.737548828125,10.497810363769531,0.0014795173192396,0.0060995034873485,0.0155521454289555,0.0120300790295004,4398.4794921875,4968.70068359375,3.942914759136329e-07,3.77007508277893,8.964402198791504,31.870586395263672,7.682354043936357e-05,1.1561816930770874
arma_gnn,UK,IEEE24,True,1000,B,8,128,0.001,pu_zscore,6.363179683685303,19143712.0,1256.6488037109375,3.1541757583618164,9.59018325805664,0.2037251740694046,0.5515572428703308,41954400.0,34618348.0,0.0008742289501242,2106.80615234375,1321.502197265625,3672.1455078125,0.0172840245068073,32.93000411987305
arma_gnn,UK,IEEE39,True,1000,B,8,128,0.001,pu_zscore,2.067689180374145,6322644.0,461.1562805175781,1.4191919565200806,1.5616440773010254,0.2190334051847458,0.319443792104721,16856466.0,8432839.0,0.0033090687356889,1270.5494384765625,657.3990478515625,1158.3511962890625,0.0400682315230369,28.834985733032227
arma_gnn,UK,IEEE118,True,1000,B,8,128,0.001,pu_zscore,0.1574289053678512,154216.65625,93.67886352539062,0.0604874454438686,0.2036776095628738,0.1116095855832099,0.236106738448143,143682.15625,465977.28125,0.0006143282516859,7207.2587890625,34.5181770324707,265.4039001464844,0.0142021235078573,74.77918243408203
arma_gnn,UK,UK,False,1000,B,8,128,0.001,pu_zscore,0.0038806837983429,3009.337158203125,11.171990394592283,0.0018594553694128,0.0061713075265288,0.0149412164464592,0.011408619582653,6947.58642578125,5086.3740234375,3.639223109530576e-07,3.3906209468841557,11.513429641723633,32.10780334472656,7.546702545369044e-05,1.066658616065979
gat,IEEE24,IEEE24,False,0,B,2,128,0.001,pu_zscore,0.0102444244548678,49.61955261230469,1.606899619102478,0.0046468656510114,0.0163372699171304,0.0180895440280437,0.0316888242959976,91.05964660644533,100.46424102783205,6.892724741192069e-06,6.954336166381836,1.3493038415908811,3.552403450012207,0.0010826425859704,1.524807691574097
gat,IEEE24,IEEE39,True,0,B,2,128,0.001,pu_zscore,0.1052814871072769,16392.009765625,38.069942474365234,0.0626849383115768,0.0895831957459449,0.2487158924341201,0.6293807625770569,32885.96875,27749.9921875,0.004266700707376,4932.07421875,28.61065673828125,59.733375549316406,0.0426779687404632,63.8930778503418
gat,IEEE24,IEEE118,True,0,B,2,128,0.001,pu_zscore,0.1141228228807449,81041.484375,57.0404167175293,0.0842179879546165,0.0510610900819301,0.0946036949753761,0.3555467128753662,278536.46875,29285.884765625,0.0004413810383994,16343.560546875,48.32730865478516,58.87981033325195,0.011303043924272,120.94322204589844
gat,IEEE24,UK,True,0,B,2,128,0.001,pu_zscore,0.1298002302646637,3366706.75,531.5067138671875,0.0726522505283355,0.1225372999906539,1.2359386682510376,5.729830265045166,10606219.0,2005351.75,0.0024901789147406,855256.8125,523.2152709960938,910.6683349609376,0.0134018901735544,692.1297607421875
gat,IEEE24,IEEE24,False,100,B,2,128,0.001,pu_zscore,0.0095543172210454,43.15956115722656,1.5602878332138062,0.0038209978956729,0.016617301851511,0.018734311684966,0.0320906266570091,61.568607330322266,103.93781280517578,7.392839961539721e-06,7.131811618804932,0.9792316555976868,3.680150032043457,0.0009933025576174,1.5807762145996094
gat,IEEE24,IEEE39,True,100,B,2,128,0.001,pu_zscore,0.1341892182826995,26629.525390625,45.22694778442383,0.0786591246724128,0.1169758811593055,0.2152641862630844,0.7719855308532715,51782.4375,47315.3828125,0.0031961610075086,7420.29150390625,36.05598831176758,69.88998413085938,0.0355260409414768,74.92626953125
gat,IEEE24,IEEE118,True,100,B,2,128,0.001,pu_zscore,0.1132280156016349,79775.6171875,62.27169418334961,0.0834374129772186,0.0491675101220607,0.1083483919501304,0.3788001239299774,273397.1875,27154.0546875,0.0005789517890661,18551.265625,47.8740348815918,72.32861328125,0.013892663642764,128.8702392578125
gat,IEEE24,UK,True,100,B,2,128,0.001,pu_zscore,0.1630603969097137,5313141.0,805.7249145507812,0.0780490860342979,0.2463530153036117,4.468896389007568,5.899918556213379,12240467.0,8105310.5,0.0325564742088317,906786.625,578.7886962890625,1944.9786376953125,0.0592642948031425,699.0728149414062
gat,IEEE24,IEEE24,False,300,B,2,128,0.001,pu_zscore,0.009582589380443,43.41537094116211,1.515206217765808,0.004010122269392,0.0161934178322553,0.0186748132109642,0.0321189388632774,67.81423950195312,98.7028350830078,7.345954145421274e-06,7.1444010734558105,1.0175633430480957,3.4698429107666016,0.0010566023411229,1.5723623037338257
gat,IEEE24,IEEE39,True,300,B,2,128,0.001,pu_zscore,0.1015331968665123,15245.5927734375,37.89395904541016,0.0636114999651908,0.0782508701086044,0.2240030467510223,0.6909212470054626,33865.3515625,21173.275390625,0.003460930660367,5943.7392578125,28.99552154541016,55.7830924987793,0.0363513343036174,66.76087188720703
gat,IEEE24,IEEE118,True,300,B,2,128,0.001,pu_zscore,0.1117283329367637,77676.390625,71.76448059082031,0.0778022482991218,0.0700056999921798,0.1110083758831024,0.372528463602066,237715.046875,55048.4296875,0.0006077276775613,17942.056640625,44.610538482666016,116.6903076171875,0.0133773339912295,125.74372863769533
gat,IEEE24,UK,True,300,B,2,128,0.001,pu_zscore,0.1603062748908996,5135176.5,760.8607177734375,0.0806196182966232,0.2163653224706649,1.3479328155517578,6.867334365844727,13060021.0,6252147.0,0.0029619191773235,1228540.375,607.7796630859375,1592.083740234375,0.0209092069417238,843.558349609375
gat,IEEE24,IEEE24,False,700,B,2,128,0.001,pu_zscore,0.0094758057966828,42.45315933227539,1.6197985410690308,0.0037844490725547,0.0164975803345441,0.0181149970740079,0.0317261032760143,60.39640045166016,102.44552612304688,6.912135631864658e-06,6.970707416534424,1.454251408576965,3.531522274017334,0.0010035339510068,1.4924167394638062
gat,IEEE24,IEEE39,True,700,B,2,128,0.001,pu_zscore,0.0831726640462875,10230.32421875,36.17047500610352,0.0470821633934974,0.065500684082508,0.2473008632659912,0.7778546214103699,18552.271484375,14835.47265625,0.0042182891629636,7533.5478515625,21.18970489501953,46.76786804199219,0.0408966951072216,76.68342590332031
gat,IEEE24,IEEE118,True,700,B,2,128,0.001,pu_zscore,0.1140921339392662,80997.890625,63.78610610961914,0.0822557285428047,0.05863519012928,0.1149325221776962,0.3900060057640075,265708.03125,38618.44921875,0.0006514533888548,19665.08984375,47.19480895996094,78.07633209228516,0.013705538585782,129.859619140625
gat,IEEE24,UK,True,700,B,2,128,0.001,pu_zscore,0.151327982544899,4576072.0,713.8491821289062,0.0798680633306503,0.1520018726587295,1.6872503757476809,9.60029411315918,12817658.0,3085686.25,0.0046408306807279,2400944.5,601.7037353515625,1087.14111328125,0.0209921225905418,1166.5306396484375
gat,IEEE24,IEEE24,False,1000,B,2,128,0.001,pu_zscore,0.009417082183063,41.92860794067383,1.430099368095398,0.0037599662318825,0.0164012257009744,0.0181943904608488,0.0314378142356872,59.61748123168945,101.25236511230467,6.972857136133825e-06,6.844599723815918,0.8613154888153076,3.4175772666931152,0.001042588846758,1.440462589263916
gat,IEEE24,IEEE39,True,1000,B,2,128,0.001,pu_zscore,0.1017571464180946,15312.9208984375,37.46041488647461,0.0610393062233924,0.0829759016633033,0.2619588375091553,0.7091904878616333,31181.962890625,23807.4921875,0.0047331596724689,6262.22216796875,27.860536575317383,50.88239288330078,0.0431291200220584,71.05561065673828
gat,IEEE24,IEEE118,True,1000,B,2,128,0.001,pu_zscore,0.1209986060857772,91100.9921875,63.68360137939453,0.0901612117886543,0.0463856346905231,0.0955788418650627,0.4030233919620514,319236.0,24168.25,0.000450527149951,20999.736328125,51.78264999389648,69.611328125,0.0118931774049997,133.32852172851562
gat,IEEE24,UK,True,1000,B,2,128,0.001,pu_zscore,0.1206396222114563,2908266.75,553.9612426757812,0.0627730265259742,0.1445242762565612,2.9945218563079834,5.960920810699463,7917873.0,2789559.0,0.0146181266754865,925635.0,416.7152099609375,1062.52685546875,0.0447540767490863,736.5580444335938
gat,IEEE39,IEEE24,True,0,B,2,128,0.001,pu_zscore,0.1326588541269302,8320.515625,30.36018180847168,0.0533002689480781,0.2321181744337082,0.2216589152812957,0.3840993642807007,11980.212890625,20280.13671875,0.0010349185904487,1021.7168579101562,17.498340606689453,80.85492706298828,0.0198064967989921,23.06766128540039
gat,IEEE39,IEEE39,False,0,B,2,128,0.001,pu_zscore,0.01559304818511,359.5755920410156,3.962687730789185,0.0044950987212359,0.0188855901360511,0.0535701178014278,0.0536880679428577,169.107421875,1233.305908203125,0.0001979384978767,35.88874053955078,1.7101441621780396,10.15760326385498,0.0078624198213219,3.975141286849976
gat,IEEE39,IEEE118,True,0,B,2,128,0.001,pu_zscore,0.1097582057118415,74961.1640625,60.954437255859375,0.0762650668621063,0.0716498419642448,0.181697204709053,0.3263033330440521,228414.484375,57664.515625,0.0016281483694911,13765.6376953125,43.71120071411133,90.0665054321289,0.0262469835579395,110.0138168334961
gat,IEEE39,UK,True,0,B,2,128,0.001,pu_zscore,0.1374406069517135,3774717.25,601.2220458984375,0.0746794939041137,0.1430674940347671,6.702192306518555,6.669824123382568,11206374.0,2733605.75,0.0732268691062927,1158888.875,542.528076171875,1079.9417724609375,0.0759808123111724,782.3424072265625
gat,IEEE39,IEEE24,True,100,B,2,128,0.001,pu_zscore,0.0866740867495536,3551.86328125,20.86595344543457,0.0404313243925571,0.1280785948038101,0.21286042034626,0.4056111574172973,6893.5302734375,6174.55517578125,0.0009543894557282,1139.365966796875,13.367995262145996,44.42658615112305,0.0186077784746885,25.65063095092773
gat,IEEE39,IEEE39,False,100,B,2,128,0.001,pu_zscore,0.0152551680803298,344.16143798828125,3.505149602890014,0.0035085522104054,0.0189451221376657,0.0533958375453949,0.0511124208569526,103.0244140625,1241.0933837890625,0.0001966526906471,32.52786636352539,0.8162968158721924,9.555649757385254,0.0066752880811691,3.641976118087769
gat,IEEE39,IEEE118,True,100,B,2,128,0.001,pu_zscore,0.1111011952161789,76806.8203125,55.5863037109375,0.0788326114416122,0.0682435110211372,0.1680226325988769,0.2898566424846649,244053.046875,52311.953125,0.001392300822772,10862.25,45.20439529418945,81.03274536132812,0.0244906824082136,96.08360290527344
gat,IEEE39,UK,True,100,B,2,128,0.001,pu_zscore,0.1403132677078247,3934158.25,531.9820556640625,0.0771337449550628,0.1606037020683288,3.249300718307495,3.595545768737793,11955046.0,3444808.0,0.0172114167362451,336777.21875,570.8944091796875,1145.84521484375,0.0479966402053833,411.1405944824219
gat,IEEE39,IEEE24,True,300,B,2,128,0.001,pu_zscore,0.1337068974971771,8452.5029296875,25.24264907836914,0.0786589011549949,0.1351591199636459,0.2188711464405059,0.3487388491630554,26091.642578125,6876.11669921875,0.0010090501746162,842.255859375,29.14085578918457,47.93007659912109,0.0206754021346569,23.878999710083008
gat,IEEE39,IEEE39,False,300,B,2,128,0.001,pu_zscore,0.0152668422088027,344.6883544921875,3.7393391132354736,0.0039005256257951,0.0187740847468376,0.0512854531407356,0.0511988475918769,127.32994079589844,1218.785400390625,0.000181415118277,32.63796615600586,1.0106803178787231,10.319106101989746,0.0070765446871519,3.62049412727356
gat,IEEE39,IEEE118,True,300,B,2,128,0.001,pu_zscore,0.1020322367548942,64779.43359375,54.04458618164063,0.070311427116394,0.0690593495965004,0.2110319584608078,0.296989768743515,194144.09375,53570.19140625,0.0021963117178529,11403.453125,40.253231048583984,78.70396423339844,0.0315313264727592,97.18962097167967
gat,IEEE39,UK,True,300,B,2,128,0.001,pu_zscore,0.1345394849777221,3617044.5,488.4591674804688,0.0767725706100463,0.1067670434713363,2.594276189804077,6.505316734313965,11843350.0,1522398.5,0.0109715797007083,1102427.25,566.2874145507812,617.3430786132812,0.0356251932680606,770.17041015625
gat,IEEE39,IEEE24,True,700,B,2,128,0.001,pu_zscore,0.1216085702180862,6992.0751953125,20.01994132995605,0.0735462382435798,0.1109755635261535,0.1471019089221954,0.2747051417827606,22810.07421875,4635.6142578125,0.0004557979118544,522.6090698242188,26.405405044555664,37.27173614501953,0.0124359373003244,16.390186309814453
gat,IEEE39,IEEE39,False,700,B,2,128,0.001,pu_zscore,0.0155852669849991,359.21685791015625,4.0656023025512695,0.0053462111391127,0.0183410327881574,0.054035410284996,0.0526016131043434,239.2084045410156,1163.2076416015625,0.000201391900191,34.45091247558594,2.003434419631958,10.594239234924316,0.0075467531569302,3.657190322875977
gat,IEEE39,IEEE118,True,700,B,2,128,0.001,pu_zscore,0.10953900963068,74662.0546875,62.24446487426758,0.0755356922745704,0.0734427720308303,0.1567507833242416,0.3290127217769623,224066.4375,60586.56640625,0.0012117610312998,13995.1875,43.28453826904297,95.11915588378906,0.0215254258364439,110.5526351928711
gat,IEEE39,UK,True,700,B,2,128,0.001,pu_zscore,0.1235340684652328,3049494.25,501.9581909179688,0.068946287035942,0.1041743233799934,6.937827110290527,6.778165340423584,9551777.0,1449356.75,0.078466385602951,1196843.375,481.9807434082031,719.785888671875,0.0735923573374748,805.9922485351562
gat,IEEE39,IEEE24,True,1000,B,2,128,0.001,pu_zscore,0.0827438533306121,3237.04833984375,20.53612327575684,0.0389993451535701,0.1198136955499649,0.1700684428215026,0.4041085541248321,6413.87353515625,5403.37939453125,0.0006092328112572,1130.9398193359375,12.919889450073242,41.69115447998047,0.0136150661855936,27.51983070373535
gat,IEEE39,IEEE39,False,1000,B,2,128,0.001,pu_zscore,0.0157376676797866,366.27642822265625,3.7564537525177,0.0044809053651988,0.0191060937941074,0.0544093251228332,0.0528603754937648,168.04119873046875,1262.273681640625,0.0002041887346422,34.79069900512695,0.983076512813568,10.438974380493164,0.0070771016180515,3.5966858863830566
gat,IEEE39,IEEE118,True,1000,B,2,128,0.001,pu_zscore,0.1111716032028198,76904.1953125,58.947410583496094,0.0778224170207977,0.0720947757363319,0.1888186037540435,0.2968873977661133,237838.28125,58382.921875,0.00175827590283,11395.591796875,44.61408996582031,91.89248657226562,0.0279867630451917,99.25509643554688
gat,IEEE39,UK,True,1000,B,2,128,0.001,pu_zscore,0.1227998286485672,3013352.0,536.5210571289062,0.0667370557785034,0.1187763735651969,5.107524871826172,6.842893123626709,8949454.0,1884143.625,0.0425263084471225,1219811.0,458.8019409179688,863.37939453125,0.0655077621340751,823.8373413085938
gat,IEEE118,IEEE24,True,0,B,2,128,0.001,pu_zscore,0.6078773140907288,174706.703125,117.97074127197266,0.3688949644565582,0.4271102249622345,0.4095612168312073,2.8511128425598145,573866.875,68664.53125,0.0035332420375198,56295.30859375,154.31044006347656,128.9844207763672,0.0309578645974397,188.5571746826172
gat,IEEE118,IEEE39,True,0,B,2,128,0.001,pu_zscore,0.3389566540718078,169909.046875,153.00131225585938,0.2143681794404983,0.1414430737495422,0.3929994106292724,4.259117603302002,384596.15625,69178.8046875,0.0106529239565134,225861.34375,99.15782928466795,116.14378356933594,0.0722315981984138,396.6314086914063
gat,IEEE118,IEEE118,False,0,B,2,128,0.001,pu_zscore,0.0042938450351357,114.72419738769533,1.54228675365448,0.0014321429189294,0.0048909946344792,0.0105543509125709,0.0291221067309379,80.54620361328125,268.7030639648437,5.4936444939812645e-06,109.64754486083984,0.6858564615249634,2.817636013031006,0.0005571148940362,2.665098190307617
gat,IEEE118,UK,True,0,B,2,128,0.001,pu_zscore,0.2180253267288208,9498789.0,1312.9337158203125,0.0741016343235969,0.3778052926063537,3.11792516708374,17.412792205810547,11033620.0,19062944.0,0.0158477667719125,7898596.0,534.1834106445312,2849.675537109375,0.0443733781576156,1867.8314208984373
gat,IEEE118,IEEE24,True,100,B,2,128,0.001,pu_zscore,0.3439731299877167,55940.546875,113.44422912597656,0.1247126162052154,0.4225809574127197,0.643894374370575,3.6240859031677246,65588.3203125,67215.9609375,0.0087330313399434,90957.890625,49.8826904296875,137.1987762451172,0.0460135266184806,266.6494445800781
gat,IEEE118,IEEE39,True,100,B,2,128,0.001,pu_zscore,0.5510262846946716,449027.34375,199.2644805908203,0.4080281853675842,0.2118856906890869,0.3932661712169647,4.45849084854126,1393364.25,155243.34375,0.01066739205271,247501.859375,188.94723510742188,185.17355346679688,0.0682734549045562,422.8689880371094
gat,IEEE118,IEEE118,False,100,B,2,128,0.001,pu_zscore,0.0037551359273493,87.74323272705078,1.427087903022766,0.0011208677897229,0.0041656661778688,0.0100819105282425,0.028730584308505,49.33795166015625,194.9158477783203,5.012832843931392e-06,106.71913146972656,0.4189451038837433,2.7516443729400635,0.0005123710143379,2.537249565124512
gat,IEEE118,UK,True,100,B,2,128,0.001,pu_zscore,0.3030798733234405,18355596.0,2153.30615234375,0.0856897085905075,0.3665075600147247,9.18551540374756,39.54038238525391,14754337.0,17939892.0,0.1375446617603302,40728160.0,648.3799438476562,3050.81201171875,0.1279816478490829,4913.90380859375
gat,IEEE118,IEEE24,True,300,B,2,128,0.001,pu_zscore,0.3659740388393402,63325.4453125,59.14746856689453,0.2355547547340393,0.1362096667289734,0.720035195350647,1.3344603776931765,233985.78125,6983.423828125,0.0109205171465873,12332.60546875,97.37520599365234,41.47748565673828,0.061477705836296,97.67570495605467
gat,IEEE118,IEEE39,True,300,B,2,128,0.001,pu_zscore,0.3168882429599762,148504.78125,93.21327209472656,0.2461065053939819,0.0948868319392204,0.8840737342834473,2.120322704315185,506909.46875,31133.046875,0.053909096866846,55976.609375,113.87994384765624,63.011451721191406,0.1741691678762436,195.7875061035156
gat,IEEE118,IEEE118,False,300,B,2,128,0.001,pu_zscore,0.0043032513931393,115.22740173339844,1.7317756414413452,0.0015366587322205,0.0047840690240263,0.0102788750082254,0.0293137487024068,92.7314910888672,257.0827941894531,5.210611561778933e-06,111.09539031982422,0.7780329585075378,3.488275051116944,0.0005673443083651,2.660227060317993
gat,IEEE118,UK,True,300,B,2,128,0.001,pu_zscore,0.2089972347021103,8728415.0,1216.424072265625,0.0731337666511535,0.2654542624950409,17.66253662109375,23.79959487915039,10747274.0,9410947.0,0.5085607767105103,14755440.0,519.8656616210938,1621.87548828125,0.2559603452682495,2723.699462890625
gat,IEEE118,IEEE24,True,700,B,2,128,0.001,pu_zscore,0.8234776854515076,320613.1875,117.44467163085938,0.5200141668319702,0.5823306441307068,1.251721739768982,1.4453299045562744,1140344.375,127641.4765625,0.0330028422176837,14466.962890625,216.97677612304688,159.5074920654297,0.0921224355697631,93.20231628417967
gat,IEEE118,IEEE39,True,700,B,2,128,0.001,pu_zscore,0.4807372391223907,341777.71875,111.7421646118164,0.3900160193443298,0.1208107098937034,0.8930860757827759,1.87090003490448,1273060.75,50468.515625,0.0550138093531131,43581.6640625,180.5898895263672,87.26140594482422,0.1635010987520218,178.95388793945312
gat,IEEE118,IEEE118,False,700,B,2,128,0.001,pu_zscore,0.0043937345035374,120.12403869628906,2.0282506942749023,0.0011793744051828,0.0053247050382196,0.0106538161635398,0.0288224276155233,54.62302780151367,318.4705810546875,5.597677500190912e-06,107.40251159667967,0.4118010997772217,4.859949111938477,0.0006494210101664,2.8406031131744385
gat,IEEE118,UK,True,700,B,2,128,0.001,pu_zscore,0.4901636242866516,48010528.0,2961.97509765625,0.0712046772241592,1.1114728450775146,12.601569175720217,25.445301055908203,10187777.0,164987696.0,0.2588725686073303,16866626.0,493.9728393554688,8628.1845703125,0.1035274118185043,2725.6396484375
gat,IEEE118,IEEE24,True,1000,B,2,128,0.001,pu_zscore,0.4817972183227539,109750.4453125,116.97747039794922,0.2409746795892715,0.5602620840072632,0.6618974804878235,3.3121578693389893,244877.328125,118150.34375,0.0092282053083181,75974.0859375,99.99469757080078,136.42752075195312,0.0413657575845718,231.4462432861328
gat,IEEE118,IEEE39,True,1000,B,2,128,0.001,pu_zscore,0.3594755828380584,191102.75,153.71205139160156,0.242289125919342,0.1375546753406524,0.3721040487289428,4.084070205688477,491306.0625,65427.515625,0.0095502296462655,207677.328125,112.0326919555664,109.45220184326172,0.0704005807638168,393.29290771484375
gat,IEEE118,IEEE118,False,1000,B,2,128,0.001,pu_zscore,0.0041435984894633,106.83602905273438,1.5844849348068235,0.0012487289495766,0.0048041483387351,0.0105170318856835,0.0287498719990253,61.236270904541016,259.2453918457031,5.454864094645018e-06,106.86245727539062,0.3640928864479065,3.4435384273529053,0.0004984819097444,2.5298101902008057
gat,IEEE118,UK,True,1000,B,2,128,0.001,pu_zscore,0.2440478056669235,11901566.0,1563.8841552734375,0.0876744762063026,0.2755140364170074,4.965032577514648,29.07565689086914,15445743.0,10137745.0,0.0401865728199481,22022778.0,650.7439575195312,1971.972412109375,0.0675206333398819,3632.75244140625
gat,UK,IEEE24,True,0,B,2,128,0.001,pu_zscore,8.10127067565918,31030162.0,1435.42578125,4.199820041656494,11.494600296020508,0.2172208428382873,0.952307939529419,74381872.0,49732504.0,0.0009938910370692,6280.55810546875,1759.994140625,3916.40283203125,0.0185768511146307,65.28789520263672
gat,UK,IEEE39,True,0,B,2,128,0.001,pu_zscore,2.775797128677368,11394719.0,602.8048706054688,1.8967794179916384,2.114874124526977,0.2079588919878006,0.4349612295627594,30110496.0,15466025.0,0.0029829095583409,2355.612060546875,878.656005859375,1493.2606201171875,0.0379792712628841,39.26472854614258
gat,UK,IEEE118,True,0,B,2,128,0.001,pu_zscore,0.8760166168212891,4775150.0,401.16937255859375,0.5305582284927368,0.8453513979911804,0.1027719601988792,0.3846299648284912,11054483.0,8026990.0,0.0005208908696658,19126.681640625,306.0015869140625,1167.7449951171875,0.011784098111093,130.9190216064453
gat,UK,UK,False,0,B,2,128,0.001,pu_zscore,0.003223493695259,2076.38525390625,12.274027824401855,0.0009745659772306,0.0069187427870929,0.015896713361144,0.0124230105429887,1908.4678955078125,6393.05224609375,4.1195656308445915e-07,4.020376205444336,5.010231018066406,42.87018966674805,9.032537491293624e-05,1.2156031131744385
gat,UK,IEEE24,True,100,B,2,128,0.001,pu_zscore,6.811227321624756,21934538.0,1334.083740234375,2.1371829509735107,13.48780345916748,0.1530539393424987,0.4200882315635681,19261458.0,68475464.0,0.0004934291937388,1222.1497802734375,895.4845581054688,4412.76416015625,0.0138001535087823,28.07269859313965
gat,UK,IEEE39,True,100,B,2,128,0.001,pu_zscore,2.324749708175659,7992462.5,446.8160705566406,1.767241358757019,1.2979077100753784,0.2120660692453384,0.7288798689842224,26138218.0,5825018.5,0.0031018974259495,6614.76806640625,818.646484375,899.3212280273438,0.0381545163691043,69.25828552246094
gat,UK,IEEE118,True,100,B,2,128,0.001,pu_zscore,0.2686980962753296,449253.53125,110.7951202392578,0.1760923862457275,0.2232302576303482,0.1120720580220222,0.3887580037117004,1217737.125,559737.4375,0.0006194299203343,19539.439453125,101.4159927368164,209.1494140625,0.0140130845829844,132.6010284423828
gat,UK,UK,False,100,B,2,128,0.001,pu_zscore,0.0033317354973405,2218.1728515625,9.78886604309082,0.0013365484774112,0.0062877302989363,0.0155356433242559,0.0109360944479703,3589.482177734375,5280.0947265625,3.934551386919338e-07,3.115569829940796,7.258424758911133,30.802818298339844,8.365372195839882e-05,1.0941359996795654
gat,UK,IEEE24,True,300,B,2,128,0.001,pu_zscore,12.100652694702148,69230152.0,2684.005859375,4.323676109313965,22.94036865234375,0.2124003171920776,0.3976050317287445,78833736.0,198085792.0,0.0009502678876742,1094.8311767578125,1811.5416259765625,8898.6650390625,0.0198462735861539,25.797021865844727
gat,UK,IEEE39,True,300,B,2,128,0.001,pu_zscore,3.566170454025269,18807556.0,878.3588256835938,1.3717843294143677,4.147420406341553,0.2352640479803085,0.384375512599945,15749106.0,59479292.0,0.0038176507223397,1839.5606689453125,635.4497680664062,2841.4794921875,0.0438136756420135,36.4621696472168
gat,UK,IEEE118,True,300,B,2,128,0.001,pu_zscore,1.5631592273712158,15204383.0,742.6072998046875,0.9001746773719788,1.6058706045150757,0.1107870861887931,0.473019540309906,31821888.0,28966718.0,0.0006053070537745,28927.537109375,519.2803344726562,2292.39697265625,0.0129064554348587,158.7388916015625
gat,UK,UK,False,300,B,2,128,0.001,pu_zscore,0.0040539023466408,3283.982666015625,13.774971961975098,0.0017489036545157,0.0072327558882534,0.0165267344564199,0.0113870445638895,6146.0234375,6986.5302734375,4.452570863122674e-07,3.3778088092803955,13.293386459350586,40.52312469482422,8.273338607978076e-05,1.283289670944214
gat,UK,IEEE24,True,700,B,2,128,0.001,pu_zscore,5.320768356323242,13385247.0,914.5079956054688,3.0142199993133545,6.360179424285889,0.160319298505783,0.3727063238620758,38313832.0,15226191.0,0.0005413864273577,962.0040893554688,1260.724365234375,2374.662109375,0.0140235945582389,22.631404876708984
gat,UK,IEEE39,True,700,B,2,128,0.001,pu_zscore,0.8441983461380005,1053943.0,229.9678192138672,0.0319461673498153,1.1024067401885986,0.2049988359212875,0.6253637671470642,8541.2568359375,4202361.5,0.0028985971584916,4869.3173828125,13.862960815429688,843.3350219726562,0.0366232506930828,62.63664245605469
gat,UK,IEEE118,True,700,B,2,128,0.001,pu_zscore,0.6503449082374573,2631781.25,294.462890625,0.4326758682727813,0.5295581221580505,0.0930112227797508,0.4423091113567352,7351868.0,3149963.25,0.0004266464966349,25293.27734375,249.5255889892578,788.1332397460938,0.0110517675057053,140.18167114257812
gat,UK,UK,False,700,B,2,128,0.001,pu_zscore,0.0035462006926536,2512.933349609375,12.512731552124023,0.0012920834124088,0.0070795877836644,0.0150556787848472,0.0113499816507101,3354.62109375,6693.75634765625,3.695195402997342e-07,3.355856418609619,5.767937660217285,43.172889709472656,8.690667891642079e-05,1.110016107559204
gat,UK,IEEE24,True,1000,B,2,128,0.001,pu_zscore,9.367056846618652,41484324.0,1758.3543701171875,4.201586246490479,15.59030818939209,0.2458405792713165,0.8744122982025146,74444448.0,91487536.0,0.0012730424059554,5295.1220703125,1759.5018310546875,5219.82421875,0.0227165520191192,54.068626403808594
gat,UK,IEEE39,True,1000,B,2,128,0.001,pu_zscore,1.4650449752807615,3174169.5,346.4057922363281,1.018731713294983,1.0760266780853271,0.1945843696594238,0.7681297063827515,8685682.0,4003647.5,0.0026115656364709,7346.35302734375,471.8923034667969,832.1231689453125,0.0359636433422565,81.57188415527344
gat,UK,IEEE118,True,1000,B,2,128,0.001,pu_zscore,0.5456618070602417,1852718.375,257.9713439941406,0.3129245340824127,0.5620880126953125,0.1061958819627761,0.3576754331588745,3845489.0,3548843.75,0.0005561767029576,16539.849609375,180.38262939453125,736.3357543945312,0.0127946650609374,115.15412902832033
gat,UK,UK,False,1000,B,2,128,0.001,pu_zscore,0.0039028292521834,3043.781494140625,13.03028392791748,0.0017568578477948,0.0066850874572992,0.0148580810055136,0.0131881795823574,6202.05517578125,5968.53955078125,3.598836428864161e-07,4.530881404876709,10.26055908203125,40.61233901977539,8.62197412061505e-05,1.2481553554534912
gcn,IEEE24,IEEE24,False,0,B,2,128,0.001,pu_zscore,0.0118078077211976,65.91985321044922,1.8755133152008057,0.0054595754481852,0.0185894165188074,0.0209130439907312,0.0337977223098278,125.69658660888672,130.07208251953125,9.212345503328834e-06,7.910760879516602,1.4152358770370483,4.368477821350098,0.0013568550348281,1.716982364654541
gcn,IEEE24,IEEE39,True,0,B,2,128,0.001,pu_zscore,0.0493925958871841,3607.87841796875,23.72541236877441,0.0117590716108679,0.0544211901724338,0.1957243829965591,0.4935683012008667,1157.25830078125,10241.0791015625,0.0026422562077641,3033.173095703125,3.88712215423584,41.844215393066406,0.0327158346772193,49.13759994506836
gcn,IEEE24,IEEE118,True,0,B,2,128,0.001,pu_zscore,0.1247037649154663,96765.7109375,62.08769989013672,0.0932010933756828,0.0486015863716602,0.1065105497837066,0.3874143660068512,341125.6875,26532.556640625,0.000559477659408,19404.607421875,53.55030059814453,61.702415466308594,0.0132260210812091,133.08485412597656
gcn,IEEE24,UK,True,0,B,2,128,0.001,pu_zscore,0.1499701887369156,4494322.0,590.69091796875,0.0804830119013786,0.1910513341426849,1.2188199758529663,1.824554204940796,13015798.0,4874769.0,0.0024216750171035,86721.453125,614.0635375976562,1520.055908203125,0.0160092618316411,228.62835693359372
gcn,IEEE24,IEEE24,False,100,B,2,128,0.001,pu_zscore,0.0107850832864642,54.99519348144531,1.7144181728363037,0.0046900827437639,0.0178074575960636,0.0207834709435701,0.0336894616484642,92.7612762451172,119.35933685302734,9.098544978769496e-06,7.860162734985352,1.2066147327423096,3.991931915283203,0.0012268777936697,1.6578993797302246
gcn,IEEE24,IEEE39,True,100,B,2,128,0.001,pu_zscore,0.0809962898492813,9701.935546875,31.310531616210938,0.0403643548488616,0.0790348500013351,0.1994582712650299,0.5356389880180359,13635.7890625,21599.66015625,0.0027440320700407,3572.292236328125,18.109813690185547,54.309200286865234,0.0331191942095756,52.78999710083008
gcn,IEEE24,IEEE118,True,100,B,2,128,0.001,pu_zscore,0.1210394948720932,91162.5625,62.350318908691406,0.0893534496426582,0.0533555522561073,0.1498902291059494,0.3846815824508667,313541.5,31976.978515625,0.0011080112308263,19131.814453125,51.345645904541016,66.4013671875,0.021229300647974,131.6330108642578
gcn,IEEE24,UK,True,100,B,2,128,0.001,pu_zscore,0.1376131176948547,3784199.0,519.4708862304688,0.0752918943762779,0.1652255207300186,0.6744698882102966,1.958742380142212,11390922.0,3645928.25,0.0007415866712108,99946.5234375,551.7938842773438,1279.764404296875,0.008178642950952,246.31661987304688
gcn,IEEE24,IEEE24,False,300,B,2,128,0.001,pu_zscore,0.0113130025565624,60.510887145996094,2.0563220977783203,0.0049289842136204,0.0187182147055864,0.0218251943588256,0.0333677381277084,102.45204162597656,131.88075256347656,1.0033490070782136e-05,7.710755825042725,1.611037254333496,5.03255033493042,0.0013231561752036,1.580378174781799
gcn,IEEE24,IEEE39,True,300,B,2,128,0.001,pu_zscore,0.065359815955162,6317.5673828125,27.954639434814453,0.0250972043722867,0.0704706087708473,0.1956087350845337,0.4764618575572967,5271.5087890625,17172.193359375,0.0026391348801553,2826.564697265625,10.57578468322754,54.06095504760742,0.0332941859960556,47.148529052734375
gcn,IEEE24,IEEE118,True,300,B,2,128,0.001,pu_zscore,0.1236862018704414,95192.9609375,64.45674133300781,0.0918256044387817,0.0518198311328887,0.1161646023392677,0.3881474435329437,331131.0625,30162.69921875,0.0006654954631812,19478.109375,52.77670669555664,72.57708740234375,0.0137053923681378,132.45944213867188
gcn,IEEE24,UK,True,300,B,2,128,0.001,pu_zscore,0.1872245222330093,7004543.0,849.2346801757812,0.088735282421112,0.3010817468166351,1.0222530364990234,1.8564836978912356,15821770.0,12106616.0,0.0017035448690876,89783.25,692.75830078125,2464.561279296875,0.0133638391271233,239.60549926757807
gcn,IEEE24,IEEE24,False,700,B,2,128,0.001,pu_zscore,0.0631196647882461,1883.6798095703125,7.347253322601318,0.0389641001820564,0.0542815551161766,0.043580561876297,0.0580897815525531,6402.28564453125,1109.065185546875,4.000565240858123e-05,23.3691463470459,14.539557456970217,12.041412353515623,0.0028670441824942,2.805174827575684
gcn,IEEE24,IEEE39,True,700,B,2,128,0.001,pu_zscore,0.1169736012816429,20235.03125,34.805030822753906,0.0705590397119522,0.1019377931952476,0.2866027355194092,0.5180450081825256,41666.75,35931.8984375,0.00566559843719,3341.470703125,32.26047897338867,60.0969123840332,0.0511120483279228,46.81162643432617
gcn,IEEE24,IEEE118,True,700,B,2,128,0.001,pu_zscore,0.1118985936045646,77913.296875,60.84690856933594,0.0791084766387939,0.0664100870490074,0.1729810982942581,0.355619728565216,245764.0625,49538.88671875,0.0014756887685507,16350.2724609375,45.35581588745117,75.75695037841797,0.0242425817996263,122.25062561035156
gcn,IEEE24,UK,True,700,B,2,128,0.001,pu_zscore,0.124910369515419,3117822.0,387.3528137207031,0.0706120505928993,0.1283264309167862,0.472649484872818,3.11688494682312,10018901.0,2199308.25,0.0003641791990958,253078.09375,503.0385437011719,815.0922241210938,0.007213965523988,231.2732391357422
gcn,IEEE24,IEEE24,False,1000,B,2,128,0.001,pu_zscore,0.0193944796919822,177.8418731689453,2.875819206237793,0.0103591307997703,0.0254371669143438,0.0411732941865921,0.0469738878309726,452.53521728515625,243.55108642578125,3.5708122595679015e-05,15.281164169311523,2.8578805923461914,6.303796768188477,0.0021730884909629,2.339426279067993
gcn,IEEE24,IEEE39,True,1000,B,2,128,0.001,pu_zscore,0.1525627225637436,34421.125,47.86480331420898,0.0965850204229354,0.1274471133947372,0.313905656337738,0.5260430574417114,78073.5234375,56165.5078125,0.0067964694462716,3445.44482421875,44.43821716308594,97.28400421142578,0.0589436404407024,49.67805099487305
gcn,IEEE24,IEEE118,True,1000,B,2,128,0.001,pu_zscore,0.1243242919445037,96177.6953125,58.87942886352539,0.0920337587594986,0.0568754002451896,0.1513024270534515,0.3489378690719604,332634.0,36335.16015625,0.001128987991251,15741.6259765625,52.85634613037109,62.73175430297852,0.02028464153409,119.9093246459961
gcn,IEEE24,UK,True,1000,B,2,128,0.001,pu_zscore,0.1136092990636825,2579182.75,330.5927429199219,0.0656240880489349,0.1103058531880378,2.8304343223571777,1.2124643325805664,8653444.0,1624991.375,0.0130599923431873,38295.78125,434.609130859375,750.5077514648438,0.0403239428997039,137.21368408203125
gcn,IEEE39,IEEE24,True,0,B,2,128,0.001,pu_zscore,0.1202500388026237,6836.72607421875,22.338306427001957,0.0703895986080169,0.1256189495325088,0.2184251844882965,0.2722128629684448,20894.052734375,5939.677734375,0.0010049423435702,513.1693115234375,27.19554710388184,44.29295349121094,0.0189194455742836,17.84579849243164
gcn,IEEE39,IEEE39,False,0,B,2,128,0.001,pu_zscore,0.0171948056668043,437.2428283691406,4.344476699829102,0.0046746009029448,0.0210328828543424,0.055519338697195,0.0540574453771114,182.88299560546875,1529.703857421875,0.0002126050821971,36.38426971435547,1.9585224390029907,11.500102996826172,0.0075022731907665,3.911779403686523
gcn,IEEE39,IEEE118,True,0,B,2,128,0.001,pu_zscore,0.1065606549382209,70657.140625,70.07391357421875,0.0684773102402687,0.0885026529431343,0.2269594818353653,0.2849785685539245,184147.484375,87981.375,0.0025403532199561,10499.7216796875,39.18541717529297,145.607177734375,0.0342452079057693,95.46883392333984
gcn,IEEE39,UK,True,0,B,2,128,0.001,pu_zscore,0.1380987018346786,3810952.0,485.9047546386719,0.0752425864338874,0.1692191362380981,4.02421760559082,1.2921142578125,11376007.0,3824308.0,0.0263997390866279,43492.55078125,548.1664428710938,1224.967041015625,0.0494535043835639,170.4361572265625
gcn,IEEE39,IEEE24,True,100,B,2,128,0.001,pu_zscore,0.1599962413311004,12103.1181640625,33.77937698364258,0.0599096119403839,0.2913271486759186,0.4161763489246368,0.4384052753448486,15135.5703125,31945.853515625,0.0036483001895248,1331.0516357421875,21.14737701416016,84.49695587158203,0.0176126193255186,29.455575942993164
gcn,IEEE39,IEEE39,False,100,B,2,128,0.001,pu_zscore,0.0178110357373952,469.1443176269531,4.848691463470459,0.0076175848953425,0.0197404213249683,0.0534141771495342,0.0590745955705642,485.6449890136719,1347.480712890625,0.0001967878197319,43.45144271850586,3.448965072631836,12.021232604980469,0.007435439620167,3.9171335697174072
gcn,IEEE39,IEEE118,True,100,B,2,128,0.001,pu_zscore,0.1408635675907135,123469.5078125,99.32588958740234,0.0927487537264823,0.1093977242708206,0.2202437072992324,0.4089889526367187,337822.46875,134429.546875,0.0023922387044876,21626.015625,53.26897811889648,203.1864013671875,0.0326832495629787,140.81549072265625
gcn,IEEE39,UK,True,100,B,2,128,0.001,pu_zscore,0.121978536248207,2973179.75,328.22613525390625,0.0716831013560295,0.1076321527361869,3.023755550384521,0.88515305519104,10325140.0,1547169.75,0.0149049339815974,20410.31640625,513.295166015625,687.7101440429688,0.0363760627806186,111.86289978027344
gcn,IEEE39,IEEE24,True,300,B,2,128,0.001,pu_zscore,0.1288666129112243,7851.60595703125,21.60112571716309,0.079411007463932,0.1062396466732025,0.2163888365030288,0.2856383323669433,26592.986328125,4248.4033203125,0.0009862919105216,565.036376953125,30.930103302001957,36.64797592163086,0.019372209906578,18.80704689025879
gcn,IEEE39,IEEE39,False,300,B,2,128,0.001,pu_zscore,0.0155768599361181,358.8294372558594,3.731393814086914,0.0034808421041816,0.0193673092871904,0.0543987117707729,0.0544313117861747,101.40349578857422,1297.024658203125,0.0002041090774582,36.889286041259766,0.8193222284317017,10.435757637023926,0.0079417042434215,3.662553548812866
gcn,IEEE39,IEEE118,True,300,B,2,128,0.001,pu_zscore,0.0999515205621719,62164.3125,55.24658203125,0.0679808780550956,0.0710125640034675,0.2520033121109009,0.2853452861309051,181487.15625,56643.30859375,0.0031319146510213,10526.76171875,38.895355224609375,87.02247619628906,0.0386279262602329,95.02986907958984
gcn,IEEE39,UK,True,300,B,2,128,0.001,pu_zscore,0.1331871747970581,3544697.0,426.0251770019531,0.0737109258770942,0.1550107896327972,7.163354873657227,1.414968490600586,10917573.0,3209059.5,0.0836507081985473,52156.27734375,534.4453735351562,991.4893188476562,0.0913328528404235,178.0747833251953
gcn,IEEE39,IEEE24,True,700,B,2,128,0.001,pu_zscore,0.1019672974944114,4915.86083984375,22.53810310363769,0.0483929887413978,0.1561134308576584,0.2372199743986129,0.2978113889694214,9875.7626953125,9173.4580078125,0.0011853271862491,614.2229614257812,19.123857498168945,51.67903137207031,0.0210385583341121,19.328493118286133
gcn,IEEE39,IEEE39,False,700,B,2,128,0.001,pu_zscore,0.015756532549858,367.155029296875,3.971925020217896,0.0031597146298736,0.0197404604405164,0.0551215074956417,0.0549365282058715,83.55644989013672,1347.486083984375,0.0002095691015711,37.5772590637207,0.7921351790428162,10.93941879272461,0.0072156838141381,4.148929595947266
gcn,IEEE39,IEEE118,True,700,B,2,128,0.001,pu_zscore,0.1043228432536125,67720.6640625,62.20933151245117,0.0693268924951553,0.0796533077955246,0.2491094022989273,0.2899724245071411,188745.171875,71266.5546875,0.0030603965278714,10870.9326171875,39.6805534362793,111.72154998779295,0.0379262752830982,97.39727783203124
gcn,IEEE39,UK,True,700,B,2,128,0.001,pu_zscore,0.1333222836256027,3551893.0,446.0169067382813,0.075607031583786,0.1408533304929733,7.423943996429443,1.6561238765716553,11486474.0,2649647.75,0.089847519993782,71449.4140625,554.7013549804688,1028.6683349609375,0.0949466899037361,200.60305786132807
gcn,IEEE39,IEEE24,True,1000,B,2,128,0.001,pu_zscore,0.1420537084341049,9540.7578125,35.01896667480469,0.0445878319442272,0.2630585134029388,0.3647690117359161,0.7341188788414001,8383.7529296875,26046.97265625,0.0028026679065078,3732.297119140625,15.934967041015623,89.13671875,0.0308038163930177,34.973392486572266
gcn,IEEE39,IEEE39,False,1000,B,2,128,0.001,pu_zscore,0.0520873181521892,4012.28857421875,10.261249542236328,0.0323309451341629,0.0457696318626403,0.0622495636343956,0.0677427351474762,8748.248046875,7243.76806640625,0.0002672746195457,57.13840866088867,14.077210426330566,21.4931583404541,0.009774618782103,5.464855194091797
gcn,IEEE39,IEEE118,True,1000,B,2,128,0.001,pu_zscore,,,,,,,,,,,,,,,
gcn,IEEE39,UK,True,1000,B,2,128,0.001,pu_zscore,1.0722492933273315,229744896.0,2851.49072265625,0.0693523213267326,2.556922912597656,146.34852600097656,37.25938034057617,9664612.0,873150528.0,34.91510772705078,36164656.0,493.1667175292969,7506.1708984375,1.378358244895935,3405.24658203125
gcn,IEEE118,IEEE24,True,0,B,2,128,0.001,pu_zscore,0.6000946760177612,170261.8125,140.2609405517578,0.1870605647563934,1.1575487852096558,0.2253961116075515,2.051189422607422,147560.53125,504348.96875,0.0010701103601604,29137.67578125,72.53850555419922,347.0594787597656,0.01902955211699,141.42672729492188
gcn,IEEE118,IEEE39,True,0,B,2,128,0.001,pu_zscore,0.6338614821434021,594178.4375,224.4340667724609,0.1728732287883758,0.7708157896995544,0.3073472678661346,2.4059901237487797,250115.015625,2054522.625,0.0065154400654137,72075.9453125,79.93144989013672,623.2994995117188,0.0560818538069725,194.4492645263672
gcn,IEEE118,IEEE118,False,0,B,2,128,0.001,pu_zscore,0.0070797293446958,311.8858337402344,2.119694471359253,0.0023955043870955,0.0089737037196755,0.0120171438902616,0.030167568475008,225.3545379638672,904.5272827148438,7.121967882994795e-06,117.661376953125,0.9303404092788696,4.348958015441895,0.00068490288686,3.1987950801849365
gcn,IEEE118,UK,True,0,B,2,128,0.001,pu_zscore,0.5161105990409851,53227968.0,3276.370361328125,0.1041745766997337,1.1711227893829346,8.642151832580566,17.451234817504883,21806496.0,183171856.0,0.1217532455921173,7933510.0,859.9701538085938,9959.4609375,0.1283909380435943,2285.922119140625
gcn,IEEE118,IEEE24,True,100,B,2,128,0.001,pu_zscore,0.4818429946899414,109771.3046875,112.4350128173828,0.2536785900592804,0.5714696645736694,0.2339275628328323,2.5429458618164062,271377.1875,122924.6171875,0.001152652897872,44783.4609375,105.32986450195312,184.9434967041016,0.0169492736458778,159.44973754882812
gcn,IEEE118,IEEE39,True,100,B,2,128,0.001,pu_zscore,0.6867337822914124,697437.0,234.80105590820312,0.3715726137161255,0.6650388836860657,0.2629469633102417,2.902661800384521,1155504.5,1529338.875,0.0047689345665276,104904.8359375,172.04676818847656,534.3570556640625,0.0495400577783584,232.75086975097656
gcn,IEEE118,IEEE118,False,100,B,2,128,0.001,pu_zscore,0.0072963112033903,331.260009765625,2.543353080749512,0.0016456373268738,0.009824133478105,0.0175995547324419,0.0322655215859413,106.35076141357422,1084.0936279296875,1.527568747405894e-05,134.59556579589844,0.5574784278869629,5.415027618408203,0.0010910446289926,4.1998138427734375
gcn,IEEE118,UK,True,100,B,2,128,0.001,pu_zscore,0.1971005201339721,7763005.5,1029.3642578125,0.0923121944069862,0.3139074444770813,6.562814235687256,5.433058738708496,17123028.0,13160038.0,0.0702129155397415,768956.5625,723.0444946289062,2724.6435546875,0.0965036079287529,669.671875
gcn,IEEE118,IEEE24,True,300,B,2,128,0.001,pu_zscore,0.3990526795387268,75290.15625,97.83329010009766,0.1524638235569,0.7092213034629822,0.1901310682296753,1.411954045295715,98025.546875,189328.53125,0.0007614509086124,13806.529296875,61.076961517333984,230.19723510742188,0.0172156617045402,100.04173278808594
gcn,IEEE118,IEEE39,True,300,B,2,128,0.001,pu_zscore,0.5033552646636963,374694.59375,177.97894287109375,0.2493301182985305,0.5173684358596802,0.2920349836349487,2.0618462562561035,520275.96875,925570.75,0.0058824028819799,52931.625,115.39075469970705,436.0802917480469,0.052429661154747,160.39231872558594
gcn,IEEE118,IEEE118,False,300,B,2,128,0.001,pu_zscore,0.0072362869977951,325.8321228027344,2.318432569503784,0.003168887225911,0.0083894664421677,0.01172595936805,0.0302611701190471,394.3536987304688,790.5819702148438,6.781008323741844e-06,118.39266967773438,1.3588706254959106,4.50612735748291,0.0007040334166958,3.408026695251465
gcn,IEEE118,UK,True,300,B,2,128,0.001,pu_zscore,0.3617766201496124,26153832.0,2416.588623046875,0.1049371510744094,0.7573862075805664,7.3889479637146,15.021119117736816,22126916.0,76610568.0,0.0890024527907371,5877837.5,867.458251953125,6703.46875,0.1148204281926155,2095.312255859375
gcn,IEEE118,IEEE24,True,700,B,2,128,0.001,pu_zscore,0.8208879828453064,318599.84375,218.25538635253903,0.3188464939594269,1.3924977779388428,0.4862545728683471,4.089510917663574,428715.28125,729863.375,0.0049803876318037,115820.6953125,132.88282775878906,455.7937927246094,0.0476967953145504,284.2972717285156
gcn,IEEE118,IEEE39,True,700,B,2,128,0.001,pu_zscore,1.435105562210083,3045761.25,522.9349975585938,0.3588817119598388,1.7589668035507202,0.4076677560806274,5.714369297027588,1077921.0,10698551.0,0.0114629874005913,406573.625,166.16688537597656,1466.670654296875,0.0656705275177955,458.8367309570313
gcn,IEEE118,IEEE118,False,700,B,2,128,0.001,pu_zscore,0.007464341353625,346.6932067871094,2.5958425998687744,0.0020677791908383,0.0098670125007629,0.016260627657175,0.031129416078329,167.9115753173828,1093.577392578125,1.303983481193427e-05,125.2839126586914,0.8552635908126831,5.810869216918945,0.0009962498443201,3.716240406036377
gcn,IEEE118,UK,True,700,B,2,128,0.001,pu_zscore,0.3038026094436645,18443248.0,2071.227294921875,0.0969097763299942,0.5978193283081055,4.054497241973877,16.592113494873047,18871116.0,47730260.0,0.0267985165119171,7171607.5,754.0575561523438,5248.06396484375,0.0569579675793647,2282.729736328125
gcn,IEEE118,IEEE24,True,1000,B,2,128,0.001,pu_zscore,,,,0.2534528970718384,1.0549088716506958,,,270894.53125,418873.09375,,,104.9909439086914,354.2684936523437,,
gcn,IEEE118,IEEE39,True,1000,B,2,128,0.001,pu_zscore,1.4477825164794922,3099808.75,525.6929931640625,0.593574583530426,1.6124975681304932,1.365092396736145,6.074992656707764,2948729.25,8990997.0,0.1285313665866851,459509.15625,274.9035339355469,1337.926513671875,0.1593872755765915,489.7825927734375
gcn,IEEE118,IEEE118,False,1000,B,2,128,0.001,pu_zscore,0.006544204428792,266.4870300292969,2.558687686920166,0.0022009769454598,0.0081690922379493,0.0142637062817811,0.0312323439866304,190.2406768798828,749.5935668945312,1.0033725629909895e-05,126.11376953125,0.8152226805686951,5.288302421569824,0.000855017977301,4.130370616912842
gcn,IEEE118,UK,True,1000,B,2,128,0.001,pu_zscore,0.303420215845108,18396846.0,1862.660888671875,0.0972960069775581,0.6310160160064697,6.159511566162109,7.297394752502441,19021836.0,53178328.0,0.0618485175073146,1387230.75,781.9288940429688,5751.09716796875,0.0894380956888198,917.5280151367188
gcn,UK,IEEE24,True,0,B,2,128,0.001,pu_zscore,2.4874815940856934,2925482.5,410.4523010253906,1.4394328594207764,2.8043370246887207,0.2491280883550644,0.7839460968971252,8737527.0,2960145.0,0.0013073176378384,4256.138671875,599.6805419921875,988.96240234375,0.0228812117129564,53.143253326416016
gcn,UK,IEEE39,True,0,B,2,128,0.001,pu_zscore,4.929619312286377,35938088.0,864.1992797851562,2.59485936164856,5.027312755584717,0.1665714830160141,0.6959918141365051,56352340.0,87393984.0,0.0019137552008032,6031.2998046875,1202.0377197265625,2189.645751953125,0.0322581119835376,65.0816421508789
gcn,UK,IEEE118,True,0,B,2,128,0.001,pu_zscore,0.958189070224762,5713007.0,738.4186401367188,0.3828801810741424,1.232433199882507,0.1521757096052169,0.512738049030304,5757024.5,17061018.0,0.0011420579394325,33989.47265625,220.81866455078125,2558.71728515625,0.0221288613975048,174.1163787841797
gcn,UK,UK,False,0,B,2,128,0.001,pu_zscore,0.0067964917980134,9230.47265625,13.659686088562012,0.0036818641237914,0.0085120778530836,0.0152087314054369,0.0149477999657392,27239.423828125,9676.650390625,3.77070620061204e-07,5.820597171783447,9.173133850097656,43.97537612915039,8.607889321865514e-05,1.490147352218628
gcn,UK,IEEE24,True,100,B,2,128,0.001,pu_zscore,8.794110298156738,36564656.0,1344.3907470703125,4.846916675567627,11.196730613708496,0.1918941587209701,0.4599325060844421,99068784.0,47188376.0,0.0007756382692605,1464.979736328125,2030.9483642578125,3313.126220703125,0.0165983159095048,33.471439361572266
gcn,UK,IEEE39,True,100,B,2,128,0.001,pu_zscore,2.5775015354156494,9824853.0,597.7980346679688,1.633717060089111,2.214245080947876,0.2092273235321045,0.8098455667495728,22337676.0,16953564.0,0.003019408788532,8165.95703125,756.7915649414062,1581.6710205078125,0.0393847674131393,52.690189361572266
gcn,UK,IEEE118,True,100,B,2,128,0.001,pu_zscore,0.2087867707014084,271249.0625,133.7266082763672,0.1078982651233673,0.2337710112333297,0.0922178775072097,0.328544557094574,457194.75,613846.1875,0.000419399322709,13955.388671875,61.64442443847656,363.9200439453125,0.0099790627136826,109.33197021484376
gcn,UK,UK,False,100,B,2,128,0.001,pu_zscore,0.0076161702163517,11591.1796875,17.236221313476562,0.0041995672509074,0.0090422434732317,0.0159241408109664,0.0163150671869516,35438.19140625,10919.58984375,4.1337935385854507e-07,6.934109687805176,20.718233108520508,46.74077606201172,8.926496229832992e-05,1.48578679561615
gcn,UK,IEEE24,True,300,B,2,128,0.001,pu_zscore,10.151118278503418,48719800.0,2195.18896484375,3.661513566970825,19.17098426818848,0.2487278133630752,0.8493640422821045,56536256.0,138337952.0,0.0013031200505793,4996.10009765625,1534.49951171875,7184.765625,0.022844111546874,61.46762847900391
gcn,UK,IEEE39,True,300,B,2,128,0.001,pu_zscore,3.83302640914917,21727604.0,1081.84130859375,1.3447046279907229,4.555910587310791,0.2121530026197433,0.5749465823173523,15133454.0,71772824.0,0.0031044413335621,4115.8330078125,622.43994140625,3652.634033203125,0.0409704111516475,52.2502555847168
gcn,UK,IEEE118,True,300,B,2,128,0.001,pu_zscore,1.3309965133666992,11023415.0,597.8410034179688,0.7229587435722351,1.4477832317352295,0.0913284197449684,0.4274476766586303,20525766.0,23544272.0,0.0004113479808438,23622.142578125,417.0262145996094,1830.5318603515625,0.010609014891088,143.79510498046875
gcn,UK,UK,False,300,B,2,128,0.001,pu_zscore,0.006725541781634,9038.7607421875,13.133011817932127,0.0036988737992942,0.0080514242872595,0.0155648421496152,0.0148167004808783,27491.69140625,8657.6357421875,3.949355402710353e-07,5.71894645690918,12.320995330810549,38.6328239440918,9.227255213772878e-05,1.578132390975952
gcn,UK,IEEE24,True,700,B,2,128,0.001,pu_zscore,7.656656742095947,27717628.0,1179.345947265625,4.596971035003662,7.602165222167969,0.1438537389039993,0.5927509665489197,89114680.0,21753402.0,0.0004358910955488,2433.2568359375,1926.7791748046875,2746.2880859375,0.0124584250152111,44.30427551269531
gcn,UK,IEEE39,True,700,B,2,128,0.001,pu_zscore,1.0498241186141968,1629901.5,302.76104736328125,0.2608948349952698,1.3115861415863037,0.2255026549100875,0.3474334478378296,569659.375,5948444.0,0.0035074248444288,1502.954833984375,120.74224090576172,1060.8970947265625,0.03974075242877,29.365131378173828
gcn,UK,IEEE118,True,700,B,2,128,0.001,pu_zscore,1.140379548072815,8092098.0,389.82757568359375,0.8274164795875549,0.6967807412147522,0.114712044596672,0.4759714007377624,26885660.0,5453439.5,0.0006489564548246,29289.7109375,477.299072265625,919.2720336914062,0.0145486406981945,162.72447204589844
gcn,UK,UK,False,700,B,2,128,0.001,pu_zscore,0.011145120486617,24821.263671875,34.44139862060547,0.0059276572428643,0.0146441617980599,0.0156332217156887,0.0394357740879058,70603.8828125,28640.654296875,3.9841316379352076e-07,40.512943267822266,29.45261573791504,105.3058853149414,9.13071635295637e-05,3.0069966316223145
gcn,UK,IEEE24,True,1000,B,2,128,0.001,pu_zscore,0.5911092162132263,165201.1875,161.6055908203125,0.1685826778411865,1.161917209625244,0.1507690101861953,2.176074266433716,119848.2265625,508162.8125,0.0004788062942679,32793.73046875,68.36764526367188,432.7061767578125,0.0130788153037428,145.3354034423828
gcn,UK,IEEE39,True,1000,B,2,128,0.001,pu_zscore,0.9961580634117126,1467522.25,172.5160675048828,0.805797278881073,0.3505503833293915,0.2256718724966049,0.9383218288421632,5434203.5,424923.3125,0.0035126912407577,10962.4169921875,373.244384765625,255.1462860107422,0.039889421314001,61.63375854492188
gcn,UK,IEEE118,True,1000,B,2,128,0.001,pu_zscore,0.2172198444604873,293603.5625,186.7115631103516,0.0137635897845029,0.317964643239975,0.1166484206914901,0.4924065172672272,7439.3642578125,1135627.5,0.0006710504530929,31347.359375,6.506551742553711,579.5482788085938,0.0151125388219952,160.77635192871094
gcn,UK,UK,False,1000,B,2,128,0.001,pu_zscore,0.0074106501415371,10974.05078125,27.33377456665039,0.0031188244465738,0.013496964238584,0.0154987601563334,0.0288668684661388,19545.38671875,24329.103515625,3.9158911135928076e-07,21.707624435424805,16.46539878845215,90.339599609375,0.0001159815510618,2.5299832820892334
gin,IEEE24,IEEE24,False,0,B,3,128,0.001,pu_zscore,0.0102005191147327,49.19514465332031,1.4183343648910522,0.0055726743303239,0.0127005502581596,0.0175662245601415,0.0271557848900556,130.95831298828125,60.71523284912109,6.499689789052354e-06,5.10702657699585,1.5344598293304443,2.894683837890625,0.0010063104564324,1.2431873083114624
gin,IEEE24,IEEE39,True,0,B,3,128,0.001,pu_zscore,0.1227538883686065,22284.28515625,40.51675033569336,0.0686383619904518,0.1150672510266304,0.25211963057518,0.5613859295845032,39429.2109375,45783.94140625,0.0043842811137437,3923.970458984375,31.361661911010746,74.59075927734375,0.0434040911495685,56.07118606567383
gin,IEEE24,IEEE118,True,0,B,3,128,0.001,pu_zscore,0.1283279806375503,102471.9609375,79.29554748535156,0.0914311036467552,0.0715868398547172,0.1571071743965149,0.4311456978321075,328292.0,57563.15625,0.0012172771384939,24032.640625,52.48077774047852,118.56329345703124,0.0222087893635034,146.11593627929688
gin,IEEE24,UK,True,0,B,3,128,0.001,pu_zscore,0.1425450444221496,4060304.75,640.6918334960938,0.075408861041069,0.1397352516651153,14.216651916503906,9.204649925231934,11426341.0,2607749.5,0.3294817209243774,2207128.0,541.5054931640625,1003.2994995117188,0.1849225759506225,1017.7772216796876
gin,IEEE24,IEEE24,False,100,B,3,128,0.001,pu_zscore,0.010659652762115,53.72344207763672,1.3214248418807983,0.0058584078215062,0.0131549509242177,0.0211492553353309,0.026934515684843,144.73211669921875,65.13748931884766,9.421626600669695e-06,5.024139881134033,1.3697761297225952,2.8358731269836426,0.0009736091014929,1.0790762901306152
gin,IEEE24,IEEE39,True,100,B,3,128,0.001,pu_zscore,0.1289391815662384,24586.572265625,46.73844146728516,0.0681062787771225,0.1250940412282943,0.3024979531764984,0.6594943404197693,38820.2734375,54110.6796875,0.0063114613294601,5415.32861328125,31.113914489746094,88.23855590820312,0.0522285848855972,67.549072265625
gin,IEEE24,IEEE118,True,100,B,3,128,0.001,pu_zscore,0.1239211186766624,95554.9140625,86.25702667236328,0.0821540579199791,0.0896452516317367,0.1231082901358604,0.456143707036972,265051.59375,90267.796875,0.000747432699427,26900.2734375,47.07918930053711,141.26980590820312,0.0162589903920888,156.66285705566406
gin,IEEE24,UK,True,100,B,3,128,0.001,pu_zscore,0.3301647901535034,21782910.0,1985.12255859375,0.0593664348125457,0.7196915149688721,23.41841697692871,20.432079315185547,7081810.5,69174608.0,0.8940293192863464,10875223.0,389.9847106933594,5058.91845703125,0.2964652776718139,2491.291259765625
gin,IEEE24,IEEE24,False,300,B,3,128,0.001,pu_zscore,0.0106745976954698,53.87419128417969,1.3803499937057495,0.0059028882533311,0.0129827316850423,0.0179013106971979,0.027177944779396,146.93824768066406,63.443145751953125,6.750026386725949e-06,5.115365028381348,1.422412991523743,2.843544006347656,0.0012099163141101,1.2542332410812378
gin,IEEE24,IEEE39,True,300,B,3,128,0.001,pu_zscore,0.1114757508039474,18377.607421875,37.27128601074219,0.056143619120121,0.1122675836086273,0.266980916261673,0.533714234828949,26380.62109375,43583.1328125,0.0049163806252181,3546.665283203125,25.45644187927246,71.9154281616211,0.0460045337677001,51.66727828979492
gin,IEEE24,IEEE118,True,300,B,3,128,0.001,pu_zscore,0.1184608489274978,87319.65625,77.01939392089844,0.0835463926196098,0.0584821552038192,0.1157481893897056,0.5331506729125977,274111.8125,38417.12890625,0.0006607328541576,36749.65234375,47.89858627319336,86.21929931640625,0.0137738632038235,173.94590759277344
gin,IEEE24,UK,True,300,B,3,128,0.001,pu_zscore,0.241534411907196,11657687.0,1461.099365234375,0.0786929801106453,0.3276699483394623,16.855098724365234,27.602863311767575,12443267.0,14339273.0,0.4631261825561523,19848208.0,577.3167114257812,2128.23095703125,0.2215232253074646,3138.627685546875
gin,IEEE24,IEEE24,False,700,B,3,128,0.001,pu_zscore,0.0106740351766347,53.86851119995117,1.3417179584503174,0.0061621153727173,0.0115662273019552,0.0163497868925333,0.0268495921045541,160.12728881835938,50.3542366027832,5.630667601508321e-06,4.9925079345703125,1.581507682800293,2.5697596073150635,0.00092668592697,1.2146782875061035
gin,IEEE24,IEEE39,True,700,B,3,128,0.001,pu_zscore,0.1156301945447921,19772.9140625,38.526512145996094,0.0580168589949607,0.1176318004727363,0.2853504419326782,0.4968615472316742,28170.375,47847.48828125,0.0056161945685744,3073.78466796875,26.363773345947266,79.15030670166016,0.0483412258327007,48.54363632202149
gin,IEEE24,IEEE118,True,700,B,3,128,0.001,pu_zscore,0.1276385188102722,101373.828125,105.21110534667967,0.0770700946450233,0.1060849949717521,0.1048593893647193,0.5953327417373657,233262.078125,126411.359375,0.0005422657122835,45821.87890625,44.21979904174805,182.37063598632807,0.0129553349688649,194.2410430908203
gin,IEEE24,UK,True,700,B,3,128,0.001,pu_zscore,0.2373536825180053,11257612.0,1206.0802001953125,0.1191744431853294,0.3155544102191925,24.67595672607422,11.072227478027344,28538338.0,13298492.0,0.9926238656044006,3193618.75,975.9168090820312,2572.31103515625,0.331787496805191,1275.7613525390625
gin,IEEE24,IEEE24,False,1000,B,3,128,0.001,pu_zscore,0.0109223630279302,56.40413284301758,1.447230577468872,0.0062616476789116,0.012117737904191,0.0178983230143785,0.0268800090998411,165.3419189453125,55.27078628540039,6.747772204107605e-06,5.00382661819458,1.805019974708557,2.6896419525146484,0.0009536952711641,1.2933069467544556
gin,IEEE24,IEEE39,True,1000,B,3,128,0.001,pu_zscore,0.1250095665454864,23110.78125,41.758445739746094,0.0693723410367965,0.1171963289380073,0.2483881711959839,0.6125783324241638,40276.984375,47493.88671875,0.0042554633691906,4672.248046875,31.691125869750977,73.95919799804688,0.0447665266692638,61.33869171142578
gin,IEEE24,IEEE118,True,1000,B,3,128,0.001,pu_zscore,0.1189853549003601,88094.6171875,76.46773529052734,0.0847468748688697,0.0605658330023288,0.1105660051107406,0.4746648371219635,282045.84375,41203.44921875,0.0006028936477378,29129.12890625,48.601524353027344,97.51435089111328,0.014010090380907,159.74105834960938
gin,IEEE24,UK,True,1000,B,3,128,0.001,pu_zscore,0.3402696847915649,23136668.0,2116.884033203125,0.0558193698525428,0.7267630696296692,6.780449390411377,24.5848331451416,6260835.0,70540672.0,0.0749469026923179,15745177.0,364.0556335449219,5139.91259765625,0.0821848511695861,2963.486328125
gin,IEEE39,IEEE24,True,0,B,3,128,0.001,pu_zscore,0.124281071126461,7302.77099609375,30.371435165405277,0.0561798997223377,0.1395878195762634,0.3663921356201172,1.1122432947158811,13309.681640625,7334.11328125,0.0028276655357331,8567.28125,18.73200798034668,47.17047119140625,0.0291721243411302,55.5540885925293
gin,IEEE39,IEEE39,False,0,B,3,128,0.001,pu_zscore,0.0151730934157967,340.4681091308594,3.3608641624450684,0.0019827943760901,0.0194048788398504,0.0404495485126972,0.0464872196316719,32.90331268310547,1302.0615234375,0.0001128528238041,26.907283782958984,0.664124071598053,9.611372947692873,0.0057170400395989,3.1622416973114014
gin,IEEE39,IEEE118,True,0,B,3,128,0.001,pu_zscore,0.208176389336586,269665.4375,153.99327087402344,0.0800615027546882,0.2654573917388916,0.3943236172199249,0.5233411192893982,251721.203125,791530.8125,0.0076683699153363,35409.76953125,45.90475463867188,440.03076171875,0.0562681928277015,129.98130798339844
gin,IEEE39,UK,True,0,B,3,128,0.001,pu_zscore,0.2663321793079376,14174298.0,1828.207275390625,0.0700719431042671,0.362194150686264,46.34691619873047,33.543453216552734,9866218.0,17520108.0,3.5016956329345703,29310864.0,475.556640625,2774.11767578125,0.6492326259613037,4062.505615234375
gin,IEEE39,IEEE24,True,100,B,3,128,0.001,pu_zscore,0.1554756760597229,11428.853515625,39.545684814453125,0.0592022091150283,0.2512744069099426,0.2703129649162292,1.017475962638855,14780.2431640625,23765.619140625,0.0015391095075756,7169.54736328125,20.10812759399414,79.15396881103516,0.0246276948601007,58.89603042602539
gin,IEEE39,IEEE39,False,100,B,3,128,0.001,pu_zscore,0.0142697626724839,301.1352844238281,3.674865245819092,0.0027454879600554,0.0179617684334516,0.0396228581666946,0.045571956783533,63.08460235595703,1115.598388671875,0.0001082871021935,25.858184814453125,1.1164265871047974,10.369948387145996,0.00507682422176,3.2080094814300537
gin,IEEE39,IEEE118,True,100,B,3,128,0.001,pu_zscore,0.1203308552503585,90098.2421875,83.75294494628906,0.0729478374123573,0.0975571200251579,0.5613692998886108,0.5867623686790466,208976.375,106904.5234375,0.0155415665358304,44512.078125,41.78654479980469,159.32618713378906,0.0797548219561576,133.81930541992188
gin,IEEE39,UK,True,100,B,3,128,0.001,pu_zscore,0.3960289359092712,31340660.0,2589.686279296875,0.0750633627176284,0.2824684381484985,46.5161247253418,62.99727630615234,11321877.0,10655990.0,3.527311325073242,103384768.0,534.343994140625,2065.6943359375,0.6365845203399658,7758.0703125
gin,IEEE39,IEEE24,True,300,B,3,128,0.001,pu_zscore,0.3265602886676788,50420.1875,76.5267333984375,0.0567226931452751,0.6832920908927917,0.327737957239151,1.336739420890808,13568.111328125,175737.859375,0.0022625036071985,12374.763671875,19.44111633300781,210.4544677734375,0.0310635082423686,76.18028259277344
gin,IEEE39,IEEE39,False,300,B,3,128,0.001,pu_zscore,0.0144148115068674,307.2883605957031,3.1265931129455566,0.0015832013450562,0.0184660907834768,0.040706593543291,0.0483037643134593,20.977636337280277,1179.12451171875,0.0001142916735261,29.05123519897461,0.6456921696662903,9.04465103149414,0.0048672757111489,2.81116271018982
gin,IEEE39,IEEE118,True,300,B,3,128,0.001,pu_zscore,0.1844754368066787,211757.8125,143.5084686279297,0.0609992556273937,0.2427689135074615,0.4865341782569885,0.5485097765922546,146123.953125,662009.6875,0.0116741210222244,38897.53515625,34.85902404785156,406.7967224121094,0.0696433708071708,132.30848693847656
gin,IEEE39,UK,True,300,B,3,128,0.001,pu_zscore,0.3629204332828522,26319472.0,2293.9287109375,0.0919092521071434,0.2409251779317855,72.32866668701172,55.60725784301758,16973870.0,7752081.0,8.528204917907715,80551936.0,705.1185913085938,1824.070556640625,1.0142745971679688,6645.51220703125
gin,IEEE39,IEEE24,True,700,B,3,128,0.001,pu_zscore,0.1497796922922134,10606.78125,41.26988983154297,0.0541446506977081,0.2179520279169082,0.3303194642066955,1.326398491859436,12362.798828125,17880.283203125,0.0022982861846685,12184.0439453125,17.69445037841797,77.21027374267578,0.0298581570386886,70.14495086669922
gin,IEEE39,IEEE39,False,700,B,3,128,0.001,pu_zscore,0.0146466195583343,317.2509765625,3.27799916267395,0.0021635517477989,0.0186409298330545,0.039876963943243,0.0476494990289211,39.17588424682617,1201.558349609375,0.0001096804408007,28.26957893371582,0.7638328671455383,9.361834526062012,0.0049384431913495,2.9813895225524902
gin,IEEE39,IEEE118,True,700,B,3,128,0.001,pu_zscore,0.1073792651295661,71746.90625,66.15530395507812,0.0658184140920639,0.0941753461956977,0.4552032053470611,0.3651841878890991,170124.625,99621.3984375,0.0102189937606453,17241.591796875,37.63482666015625,130.14161682128906,0.0647042468190193,96.7800521850586
gin,IEEE39,UK,True,700,B,3,128,0.001,pu_zscore,0.3088698983192444,19063628.0,2200.406005859375,0.0677265077829361,0.5789042711257935,54.14030838012695,29.244997024536133,9216791.0,44757660.0,4.7783522605896,22280050.0,474.3293151855469,4816.35595703125,0.7212483286857605,3510.218017578125
gin,IEEE39,IEEE24,True,1000,B,3,128,0.001,pu_zscore,0.1982253044843673,18577.869140625,53.05354690551758,0.0335948131978511,0.4099762141704559,0.320515900850296,0.9527339339256288,4759.3779296875,63265.92578125,0.0021638888865709,6286.1787109375,11.340600967407228,145.30584716796875,0.0230933912098407,55.54466247558594
gin,IEEE39,IEEE39,False,1000,B,3,128,0.001,pu_zscore,0.0143418665975332,304.18621826171875,3.258763074874878,0.001495799748227,0.0183984097093343,0.0401253998279571,0.0470155961811542,18.725400924682617,1170.4969482421875,0.0001110513476305,27.52241516113281,0.5784010291099548,9.353137969970703,0.0051678465679287,3.098346471786499
gin,IEEE39,IEEE118,True,1000,B,3,128,0.001,pu_zscore,0.1299528777599334,105083.3984375,81.42657470703125,0.0819109082221984,0.108728677034378,0.4134438335895538,0.4313759803771972,263484.96875,132790.3125,0.0084300572052598,24058.318359375,46.9888916015625,173.54296875,0.0607253164052963,105.11373138427734
gin,IEEE39,UK,True,1000,B,3,128,0.001,pu_zscore,0.4478959739208221,40087472.0,3201.74560546875,0.0824280008673667,0.5990851521492004,57.84389877319336,61.5736083984375,13652491.0,47932600.0,5.454461097717285,98764808.0,604.284423828125,4654.7890625,0.7558275461196899,7547.1533203125
gin,IEEE118,IEEE24,True,0,B,3,128,0.001,pu_zscore,0.4204919934272766,83597.4765625,63.28168487548828,0.265575498342514,0.2915759682655334,0.5171918869018555,0.8464200496673584,297427.90625,32000.447265625,0.0056342892348766,4961.52685546875,110.48546600341795,79.26105499267578,0.0419022031128406,63.33833312988281
gin,IEEE118,IEEE39,True,0,B,3,128,0.001,pu_zscore,0.2985457479953766,131810.484375,96.1893081665039,0.223863422870636,0.1358014345169067,1.195104479789734,1.880927801132202,419421.40625,63770.29296875,0.0985137522220611,44050.10546875,103.5608367919922,88.22003173828125,0.217380404472351,192.759033203125
gin,IEEE118,IEEE118,False,0,B,3,128,0.001,pu_zscore,0.0031829494982957,63.04082107543945,1.2554985284805298,0.0008105582674033,0.003365509212017,0.0084606194868683,0.0276908669620752,25.801252365112305,127.22714233398438,3.530220737957279e-06,99.13488006591795,0.2753426432609558,2.269808530807495,0.0004404830106068,2.476402282714844
gin,IEEE118,UK,True,0,B,3,128,0.001,pu_zscore,0.3395197689533233,23034802.0,2005.758056640625,0.0912062898278236,0.615786075592041,155.37522888183594,30.843130111694336,16715215.0,50642324.0,39.35503387451172,24781630.0,743.1465454101562,4463.03857421875,0.9406713247299194,2815.907470703125
gin,IEEE118,IEEE24,True,100,B,3,128,0.001,pu_zscore,0.4665035009384155,102893.40625,97.54214477539062,0.2803216874599457,0.1982778161764145,1.569821000099182,3.073058843612671,331374.5625,14797.9248046875,0.0519082061946392,65401.11328125,116.38856506347656,65.61543273925781,0.1279163062572479,208.0367126464844
gin,IEEE118,IEEE39,True,100,B,3,128,0.001,pu_zscore,0.2998968660831451,133006.25,112.37632751464844,0.2192317545413971,0.0872144252061843,1.8811899423599243,2.882845640182495,402245.46875,26301.85546875,0.24409019947052,103477.3828125,101.37419891357422,57.64591598510742,0.3450780510902405,290.14019775390625
gin,IEEE118,IEEE118,False,100,B,3,128,0.001,pu_zscore,0.0032201772555708,64.52410125732422,1.2614895105361938,0.0009316540090367,0.003336620517075,0.0083868997171521,0.0276660975068807,34.08644104003906,125.05233764648438,3.468969225650653e-06,98.95760345458984,0.4124289155006408,2.365478277206421,0.0004578701045829,2.2675931453704834
gin,IEEE118,UK,True,100,B,3,128,0.001,pu_zscore,0.351474404335022,24685490.0,2221.9296875,0.0727159306406974,0.7106683254241943,136.1511688232422,28.165903091430664,10624820.0,67450920.0,30.21895408630371,20666186.0,498.6563415527344,5215.578125,0.870212733745575,3172.61376953125
gin,IEEE118,IEEE24,True,300,B,3,128,0.001,pu_zscore,0.6019245982170105,171301.796875,104.7206802368164,0.3610136806964874,0.5868386030197144,0.4718148708343506,0.9287620186805724,549608.0,129625.3359375,0.0046889870427548,5973.822265625,150.4292449951172,200.353515625,0.0345027558505535,68.06548309326172
gin,IEEE118,IEEE39,True,300,B,3,128,0.001,pu_zscore,0.4049926996231079,242561.890625,122.74056243896484,0.3176483809947967,0.1117062643170356,0.3304664194583893,2.5763182640075684,844457.0,43148.40234375,0.0075325104407966,82642.15625,147.0263671875,88.90727996826172,0.0604436285793781,254.9681701660156
gin,IEEE118,IEEE118,False,300,B,3,128,0.001,pu_zscore,0.0035179450642317,77.0088119506836,1.4949783086776731,0.0011998144909739,0.003641256596893,0.0084065217524766,0.0281669367104768,56.532806396484375,148.92950439453125,3.485219622234581e-06,102.5728988647461,0.6327254176139832,2.9069759845733643,0.0004625006404239,2.4397494792938232
gin,IEEE118,UK,True,300,B,3,128,0.001,pu_zscore,0.6750739216804504,91066144.0,3926.173828125,0.0777054354548454,1.513664722442627,30.45102310180664,42.08433151245117,12132917.0,305994240.0,1.5116125345230105,46137476.0,552.3823852539062,10612.9453125,0.4116970598697662,4538.95556640625
gin,IEEE118,IEEE24,True,700,B,3,128,0.001,pu_zscore,0.5128564834594727,124356.7578125,84.53060913085938,0.2975921034812927,0.5629090666770935,1.076566457748413,0.8232614398002625,373463.84375,119269.4140625,0.024412790313363,4693.73974609375,123.88192749023438,158.7497100830078,0.0873808786273002,55.403438568115234
gin,IEEE118,IEEE39,True,700,B,3,128,0.001,pu_zscore,0.2432135343551635,87478.9609375,72.69171142578125,0.1868859082460403,0.0976291000843048,0.7168588638305664,1.4070839881896973,292305.75,32958.5625,0.035444788634777,24651.462890625,86.12261199951172,64.49764251708984,0.1328626871109008,140.0137481689453
gin,IEEE118,IEEE118,False,700,B,3,128,0.001,pu_zscore,0.0034816858824342,75.42955017089844,1.311588168144226,0.0008275227737613,0.0038932419847697,0.0088750477880239,0.0284398458898067,26.892566680908203,170.2554473876953,3.884533725795336e-06,104.57018280029295,0.2997484505176544,2.46096420288086,0.0004738593997899,2.485166311264038
gin,IEEE118,UK,True,700,B,3,128,0.001,pu_zscore,3.392640829086304,2300012032.0,14610.4658203125,0.2603640556335449,8.19482421875,131.42918395996094,60.4071159362793,136214864.0,8968775680.0,28.159202575683597,95058128.0,1768.370849609375,49686.28515625,0.9188121557235718,6986.2841796875
gin,IEEE118,IEEE24,True,1000,B,3,128,0.001,pu_zscore,0.4288583099842071,86957.171875,77.86371612548828,0.2668169736862182,0.2942887246608734,0.4015039801597595,1.472442388534546,300215.1875,32598.66015625,0.003395591629669,15014.818359375,111.09603881835938,89.71194458007812,0.03289445489645,110.61398315429688
gin,IEEE118,IEEE39,True,1000,B,3,128,0.001,pu_zscore,0.315426230430603,147137.640625,90.87590789794922,0.2502022385597229,0.0880414396524429,1.0843563079833984,1.7429726123809814,523922.0625,26803.037109375,0.081101544201374,37825.42578125,115.71826934814452,64.20255279541016,0.200166180729866,183.38262939453125
gin,IEEE118,IEEE118,False,1000,B,3,128,0.001,pu_zscore,0.0036146722268313,81.30181121826172,1.4003361463546753,0.0010921664070338,0.0039825062267482,0.0090336855500936,0.0278408247977495,46.843563079833984,178.15216064453125,4.024644113087561e-06,100.21149444580078,0.4547010362148285,2.657681703567505,0.0005413214094005,2.4884212017059326
gin,IEEE118,UK,True,1000,B,3,128,0.001,pu_zscore,0.2457933276891708,12072425.0,1394.822998046875,0.0671326145529747,0.486856997013092,56.30199813842773,17.055498123168945,9055856.0,31656054.0,5.167545318603516,7577778.0,452.1150512695313,3051.902099609375,0.4201159179210663,2074.854736328125
gin,UK,IEEE24,True,0,B,3,128,0.001,pu_zscore,4.246730327606201,8526821.0,848.212646484375,1.6939780712127686,7.645828723907471,0.1837621182203292,0.5741930603981018,12101002.0,22004000.0,0.0007112916791811,2283.280517578125,709.7222290039062,2642.739013671875,0.015814060345292,40.37355041503906
gin,UK,IEEE39,True,0,B,3,128,0.001,pu_zscore,1.1189440488815308,1851590.25,214.67251586914065,0.8660643696784973,0.5712279677391052,0.2050040066242218,0.2160374373197555,6277468.5,1128310.5,0.0028987431433051,581.1131591796875,401.1646728515625,438.1305847167969,0.0375527553260326,19.3571720123291
gin,UK,IEEE118,True,0,B,3,128,0.001,pu_zscore,0.4337652623653412,1170770.875,198.4493865966797,0.3043407499790191,0.3021025955677032,0.0896528214216232,0.3984066247940063,3637412.5,1025149.375,0.0003963924245908,20521.375,175.50051879882812,481.3177490234375,0.0102939531207084,136.96884155273438
gin,UK,UK,False,0,B,3,128,0.001,pu_zscore,0.0054794293828308,5999.6376953125,13.55164623260498,0.0028506726957857,0.0075759585015475,0.0152122555300593,0.012915494851768,16328.9072265625,7665.2978515625,3.772453851524915e-07,4.34545373916626,11.115809440612791,41.7486572265625,7.765237387502566e-05,1.3420391082763672
gin,UK,IEEE24,True,100,B,3,128,0.001,pu_zscore,24.17485618591309,276315680.0,4497.6328125,2.594882011413574,53.48769378662109,0.1867565214633941,0.8632237315177917,28394940.0,1076862592.0,0.0007346615311689,5160.48095703125,1078.0484619140625,16858.392578125,0.0165239963680505,54.07503509521485
gin,UK,IEEE39,True,100,B,3,128,0.001,pu_zscore,1.5171467065811155,3403951.5,349.7071838378906,0.581929624080658,1.7656824588775637,0.2088778167963028,0.3153953850269317,2834165.75,10780401.0,0.0030093293171375,1238.5494384765625,269.52374267578125,1102.9410400390625,0.0385183244943618,26.325313568115234
gin,UK,IEEE118,True,100,B,3,128,0.001,pu_zscore,0.8384712338447571,4374603.5,362.8396911621094,0.4261130094528198,0.9597445726394652,0.0937256589531898,0.407570481300354,7130532.0,10346406.0,0.0004332260286901,21476.26953125,245.7347869873047,1065.4967041015625,0.0107485568150877,140.11656188964844
gin,UK,UK,False,100,B,3,128,0.001,pu_zscore,0.004462968558073,3980.17333984375,12.953246116638184,0.0022043315693736,0.0067871185019612,0.0158793404698371,0.0136255221441388,9763.7392578125,6152.119140625,4.110566749204736e-07,4.836367607116699,12.1270112991333,38.30262756347656,7.420498877763748e-05,1.3832725286483765
gin,UK,IEEE24,True,300,B,3,128,0.001,pu_zscore,1.9320250749588013,1764831.625,346.69830322265625,1.067021727561951,2.448271989822388,0.1716280728578567,0.5279987454414368,4801226.5,2256170.0,0.000620458042249,1930.675048828125,444.9831848144531,905.0726928710938,0.0148117514327168,36.72251510620117
gin,UK,IEEE39,True,300,B,3,128,0.001,pu_zscore,0.6469057202339172,618885.3125,137.86024475097656,0.4500548839569092,0.4747560620307922,0.2147581726312637,0.2807347774505615,1695177.5,779382.6875,0.0031811520457267,981.2849731445312,208.4182586669922,318.9920959472656,0.039110567420721,23.99144744873047
gin,UK,IEEE118,True,300,B,3,128,0.001,pu_zscore,0.3954809904098511,973225.75,184.0265655517578,0.268703281879425,0.3033495247364044,0.0965642184019088,0.4294834434986114,2835426.0,1033629.25,0.0004598645900841,23847.685546875,154.91090393066406,433.6725769042969,0.0115312729030847,147.51123046875
gin,UK,UK,False,300,B,3,128,0.001,pu_zscore,0.0068530715070664,9384.796875,18.476953506469727,0.0038390953559428,0.0076996916905045,0.0155602162703871,0.0150244124233722,29615.578125,7917.7275390625,3.947007769511402e-07,5.880414962768555,28.55959892272949,43.83577728271485,8.778057963354513e-05,1.5123494863510132
gin,UK,IEEE24,True,700,B,3,128,0.001,pu_zscore,3.3828771114349365,5410658.5,631.7576293945312,1.7339309453964231,4.879295825958252,0.1985689997673034,0.6444650888442993,12678542.0,8961213.0,0.0008305363589897,2876.35302734375,725.9849243164062,1763.984130859375,0.0171868037432432,37.044189453125
gin,UK,IEEE39,True,700,B,3,128,0.001,pu_zscore,0.8434145450592041,1051987.125,212.51988220214844,0.3635806739330292,0.9468944072723388,0.2087141871452331,0.3168491125106811,1106333.0,3100365.0,0.0030046161264181,1249.9932861328125,168.3409881591797,654.611083984375,0.0384494327008724,27.08902931213379
gin,UK,IEEE118,True,700,B,3,128,0.001,pu_zscore,0.2462057471275329,377188.71875,126.4809112548828,0.1423581540584564,0.2488320171833038,0.0962182581424713,0.3669066727161407,795860.625,695489.6875,0.0004565753915812,17404.623046875,81.9368667602539,300.7198791503906,0.0109800761565566,123.25588989257812
gin,UK,UK,False,700,B,3,128,0.001,pu_zscore,0.0058178948238492,6763.7275390625,17.394424438476562,0.0031322769355028,0.0074115027673542,0.0179181043058633,0.0130367996171116,19714.359375,7336.1201171875,5.23384471762256e-07,4.427463054656982,22.461759567260746,45.74857711791992,9.220918582286686e-05,1.3672674894332886
gin,UK,IEEE24,True,1000,B,3,128,0.001,pu_zscore,4.534540176391602,9721745.0,869.1400756835938,1.5688167810440063,8.702460289001465,0.1784621626138687,0.5482334494590759,10378873.0,28506024.0,0.0006708540604449,2081.49072265625,650.0385131835938,2788.05517578125,0.0156412832438945,38.45072937011719
gin,UK,IEEE39,True,1000,B,3,128,0.001,pu_zscore,0.764625072479248,864619.9375,185.3753662109375,0.339735209941864,0.84890216588974,0.2067219614982605,0.2264118492603302,965973.9375,2491867.5,0.0029475302435457,638.2648315429688,157.2880859375,564.60986328125,0.0377817377448082,19.565677642822266
gin,UK,IEEE118,True,1000,B,3,128,0.001,pu_zscore,0.1957695186138153,238480.3125,99.8952865600586,0.1085275933146476,0.2057809084653854,0.09701968729496,0.3487718999385834,462543.65625,475650.9375,0.0004642128478735,15726.6533203125,62.34944915771485,219.0261688232422,0.0114376200363039,118.1940689086914
gin,UK,UK,False,1000,B,3,128,0.001,pu_zscore,0.0061429180204868,7540.5634765625,15.420592308044434,0.0033832939807325,0.0073201553896069,0.01734434440732,0.01400688290596,23000.744140625,7156.3984375,4.904022716800682e-07,5.110884189605713,19.61287498474121,40.503074645996094,8.163645543390885e-05,1.5663409233093262
nnconv,IEEE24,IEEE24,False,0,B,2,128,0.001,pu_zscore,0.0097837513312697,45.25728988647461,1.739558458328247,0.0031216994393616,0.0187445655465126,0.0197021961212158,0.0333053544163703,41.09489440917969,132.2523193359375,8.176453775377013e-06,7.681950092315674,1.103835940361023,4.206846237182617,0.0012639494379982,1.6462886333465576
nnconv,IEEE24,IEEE39,True,0,B,2,128,0.001,pu_zscore,0.4046566486358642,242159.5,86.73680114746094,0.1416521668434143,0.4797105193138122,0.3047679662704468,0.6319583058357239,167930.921875,795734.4375,0.0064065419137477,4972.5546875,65.34725952148438,222.1508636474609,0.051502089947462,59.39759826660156
nnconv,IEEE24,IEEE118,True,0,B,2,128,0.001,pu_zscore,0.124644935131073,96674.421875,90.52650451660156,0.082855224609375,0.0907121449708938,0.1349418312311172,0.4368544816970825,269595.21875,92429.171875,0.0008980295970104,24673.28515625,47.53760528564453,164.9905548095703,0.0160731319338083,149.56173706054688
nnconv,IEEE24,UK,True,0,B,2,128,0.001,pu_zscore,0.1199839860200882,2876742.0,385.0548706054688,0.0685852393507957,0.1224392354488372,2.003372430801392,1.42400324344635,9452001.0,2002143.0,0.0065427459776401,52824.4453125,481.1650085449219,885.1249389648438,0.0301329456269741,173.89918518066406
nnconv,IEEE24,IEEE24,False,100,B,2,128,0.001,pu_zscore,0.009288040921092,40.78739547729492,1.5436859130859375,0.0029076554346829,0.0178491845726966,0.0198715273290872,0.0330783165991306,35.65263366699219,119.91937255859376,8.317604624608066e-06,7.577574729919434,0.7084861397743225,3.938442707061768,0.0012458169367164,1.5265682935714722
nnconv,IEEE24,IEEE39,True,100,B,2,128,0.001,pu_zscore,0.5900639295578003,514904.09375,128.4246826171875,0.2204546928405761,0.6905056834220886,0.3353326320648193,0.5780840516090393,406745.71875,1648709.875,0.0077559808269143,4160.875,101.73502349853516,361.0756530761719,0.0578695684671402,50.830116271972656
nnconv,IEEE24,IEEE118,True,100,B,2,128,0.001,pu_zscore,0.1135102584958076,80173.8203125,82.76388549804688,0.0760197341442108,0.0745285376906395,0.1739949285984039,0.4924803674221039,226947.296875,62391.20703125,0.0014930373290553,31356.759765625,43.56718826293945,120.10655975341795,0.0189744606614112,167.36280822753906
nnconv,IEEE24,UK,True,100,B,2,128,0.001,pu_zscore,0.1197675466537475,2866372.75,375.5,0.0678758472204208,0.1261731833219528,3.8522891998291016,1.7729668617248535,9257483.0,2126121.5,0.024192152544856,81886.8671875,473.2451171875,826.5427856445312,0.0508868582546711,202.16140747070312
nnconv,IEEE24,IEEE24,False,300,B,2,128,0.001,pu_zscore,0.010317787528038,50.33277893066406,1.6653108596801758,0.0042164418846368,0.0177587922662496,0.02003631927073,0.0332392193377018,74.97179412841797,118.70785522460938,8.4561297626351e-06,7.651473999023437,0.9829025268554688,4.15392541885376,0.001332486863248,1.5230827331542969
nnconv,IEEE24,IEEE39,True,300,B,2,128,0.001,pu_zscore,1.5063830614089966,3355822.75,374.8922729492188,0.97977215051651,1.2461204528808594,0.3104159832000732,1.260842204093933,8034048.5,5369450.0,0.006646198220551,19793.5703125,452.5005187988281,962.7236328125,0.0543484091758728,84.2906265258789
nnconv,IEEE24,IEEE118,True,300,B,2,128,0.001,pu_zscore,0.1426704376935959,126657.3359375,100.0695571899414,0.0941969752311706,0.1095403432846069,0.1423990726470947,0.4253820478916168,348454.65625,134780.296875,0.0010000271722674,23394.388671875,54.109031677246094,202.72239685058597,0.0151510825380682,143.43162536621094
nnconv,IEEE24,UK,True,300,B,2,128,0.001,pu_zscore,0.1577715426683426,4974067.5,580.9567260742188,0.0702655389904975,0.271433025598526,1.807664513587952,2.2833492755889893,9920810.0,9839641.0,0.0053268736228346,135818.109375,499.5521545410156,1571.669677734375,0.0241783037781715,252.5810394287109
nnconv,IEEE39,IEEE24,True,0,B,2,128,0.001,pu_zscore,0.1527118235826492,11026.1279296875,29.99162101745605,0.085565909743309,0.1817924529314041,0.1497526466846466,0.3377369940280914,30875.01953125,12439.5380859375,0.0004723727179225,789.951904296875,33.26123809814453,62.580936431884766,0.0130505319684743,24.111263275146484
nnconv,IEEE39,IEEE39,False,0,B,2,128,0.001,pu_zscore,0.0159163959324359,374.6430358886719,3.855011224746704,0.0039075333625078,0.0196509715169668,0.0523348785936832,0.0533869750797748,127.78787994384766,1335.296630859375,0.000188915466424,35.487327575683594,0.8641532063484192,10.66277027130127,0.007433793041855,3.885687828063965
nnconv,IEEE39,IEEE118,True,0,B,2,128,0.001,pu_zscore,0.105460450053215,69205.6484375,60.4890251159668,0.0707960873842239,0.0784693509340286,0.2096495032310485,0.2894138991832733,196829.8125,69163.7265625,0.0021676300093531,10829.09375,40.52984237670898,107.75640869140624,0.0313957929611206,93.63844299316406
nnconv,IEEE39,UK,True,0,B,2,128,0.001,pu_zscore,0.1270906776189804,3227615.25,375.7434997558594,0.0745644345879554,0.1112438738346099,20.357030868530277,1.8153022527694704,11171870.0,1652745.875,0.6755625605583191,85844.1953125,538.4065551757812,737.8322143554688,0.2583851218223572,226.47691345214844
nnconv,IEEE39,IEEE24,True,100,B,2,128,0.001,pu_zscore,0.1523208618164062,10969.7451171875,30.496273040771484,0.0850535631179809,0.182684913277626,0.2631390988826751,0.3421281576156616,30506.380859375,12561.974609375,0.0014585001626983,810.626953125,32.56120300292969,64.99810791015625,0.0237330924719572,24.402042388916016
nnconv,IEEE39,IEEE39,False,100,B,2,128,0.001,pu_zscore,0.0159091632813215,374.3026428222656,4.04674243927002,0.0052631762810051,0.0188607163727283,0.0527882575988769,0.0532573796808719,231.8355712890625,1230.059326171875,0.0001922028022818,35.31524658203125,2.1272010803222656,10.319456100463867,0.0070575517602264,3.733255863189697
nnconv,IEEE39,IEEE118,True,100,B,2,128,0.001,pu_zscore,0.104642167687416,68135.859375,56.37006378173828,0.0701833888888359,0.0795040354132652,0.2322340607643127,0.2503961324691772,193437.671875,70999.7109375,0.0026598020922392,8106.03662109375,40.17570877075195,108.89561462402344,0.0347858779132366,76.37416076660156
nnconv,IEEE39,UK,True,100,B,2,128,0.001,pu_zscore,0.1287965178489685,3314840.25,422.3751220703125,0.0733806192874908,0.1309614330530166,4.829916000366211,2.3904504776000977,10819948.0,2290555.25,0.0380290895700454,148858.125,527.6187744140625,891.2318725585938,0.0628320425748825,270.5868225097656
nnconv,IEEE39,IEEE24,True,300,B,2,128,0.001,pu_zscore,0.1440130919218063,9805.76953125,28.54190444946289,0.0807737708091735,0.1710463017225265,0.1669065654277801,0.3172886073589325,27513.537109375,11012.3486328125,0.0005867897998541,697.1919555664062,30.850526809692383,59.76503753662109,0.014265832491219,23.53778648376465
nnconv,IEEE39,IEEE39,False,300,B,2,128,0.001,pu_zscore,0.0153234861791133,347.2508544921875,3.8730311393737793,0.0054111522622406,0.0179188903421163,0.0507299788296222,0.0520016811788082,245.0551300048828,1110.2784423828125,0.0001775065611582,33.6695556640625,2.3098995685577397,9.507810592651367,0.0068978392519056,3.667515516281128
nnconv,IEEE39,IEEE118,True,300,B,2,128,0.001,pu_zscore,0.1024843677878379,65354.81640625,59.6485710144043,0.0672886818647384,0.0817040279507637,0.1657038778066635,0.2582992017269134,177810.078125,74983.3984375,0.0013541376683861,8625.8017578125,38.49468231201172,117.37508392333984,0.0234307907521724,82.70110321044922
nnconv,IEEE39,UK,True,300,B,2,128,0.001,pu_zscore,0.1281470507383346,3281493.5,423.3276672363281,0.0726925656199455,0.1336510628461837,6.591791152954102,2.167400598526001,10617993.0,2385606.0,0.0708342939615249,122374.6328125,525.1768798828125,914.6260986328124,0.0805813297629356,253.4272003173828
nnconv,IEEE118,IEEE24,True,0,B,2,128,0.001,pu_zscore,0.2573224604129791,31306.400390625,82.65071868896484,0.0584542080760002,0.406585693359375,0.9190824031829834,2.648887872695923,14409.115234375,62223.828125,0.0177928153425455,48592.6484375,18.93755531311035,133.04078674316406,0.0705777630209922,178.55393981933594
nnconv,IEEE118,IEEE39,True,0,B,2,128,0.001,pu_zscore,3.092639684677124,14144475.0,859.599609375,2.2675724029541016,1.105598211288452,0.8041408061981201,27.35600471496582,43033492.0,4226728.0,0.0446014814078807,9317684.0,1046.42822265625,540.5760498046875,0.0990359336137771,1851.2955322265625
nnconv,IEEE118,IEEE118,False,0,B,2,128,0.001,pu_zscore,0.0039189793169498,95.56706237792967,1.4264659881591797,0.001431965152733,0.0041698957793414,0.0089146718382835,0.0286916717886924,80.52619934082031,195.31182861328125,3.919296887033852e-06,106.43023681640624,0.4074030518531799,2.6714234352111816,0.0005021137185394,2.626535654067993
nnconv,IEEE118,UK,True,0,B,2,128,0.001,pu_zscore,0.2116918265819549,8954936.0,1193.481201171875,0.073226548731327,0.3202377259731293,5.64389705657959,20.87241744995117,10774559.0,13696161.0,0.0519272051751613,11349024.0,527.1019897460938,2562.758056640625,0.0864623934030532,1683.9781494140625
nnconv,IEEE118,IEEE24,True,100,B,2,128,0.001,pu_zscore,0.3832902312278747,69459.7578125,106.47258758544922,0.122601069509983,0.5877894163131714,1.2532247304916382,3.4911458492279053,63386.1328125,130045.71875,0.0330821424722671,84407.1796875,49.28531265258789,165.41517639160156,0.0749462693929672,211.1149139404297
nnconv,IEEE118,IEEE39,True,100,B,2,128,0.001,pu_zscore,8.338114738464355,102816760.0,2349.16162109375,5.060218811035156,7.254003047943115,0.7312938570976257,34.7221565246582,214300336.0,181955504.0,0.0368866249918937,15011221.0,2336.30322265625,4909.36083984375,0.1079417988657951,2150.873046875
nnconv,IEEE118,IEEE118,False,100,B,2,128,0.001,pu_zscore,0.0046286745928227,133.31394958496094,1.5828351974487305,0.0023365961387753,0.004355136770755,0.0084151793271303,0.0286063700914382,214.40733337402344,213.0501251220703,3.4924021292681573e-06,105.79835510253906,1.182510256767273,2.5145418643951416,0.0004612218763213,2.6338279247283936
nnconv,IEEE118,UK,True,100,B,2,128,0.001,pu_zscore,0.3260921537876129,21248834.0,1443.9573974609375,0.0783231705427169,0.6610576510429382,2.661914825439453,23.434688568115234,12326590.0,58362316.0,0.0115511436015367,14306434.0,589.7080078125,3355.1298828125,0.0395365469157695,1830.9522705078125
nnconv,IEEE118,IEEE24,True,300,B,2,128,0.001,pu_zscore,0.2995334565639496,42419.78125,90.56175994873048,0.0612399540841579,0.516764760017395,0.9525651931762696,2.775452852249145,15815.2265625,100516.71875,0.0191128365695476,53347.1328125,20.78871154785156,176.1077880859375,0.069985806941986,165.28054809570312
nnconv,IEEE118,IEEE39,True,300,B,2,128,0.001,pu_zscore,7.303274154663086,78879360.0,2772.842041015625,2.7582004070281982,5.504032611846924,0.96065753698349,108.69127655029295,63670156.0,104754264.0,0.0636534988880157,147092992.0,1273.83154296875,4159.451171875,0.1211615726351738,5657.96484375
nnconv,IEEE118,IEEE118,False,300,B,2,128,0.001,pu_zscore,0.0045697004534304,129.93849182128906,1.6737263202667236,0.001923052011989,0.0048967683687806,0.0088248876854777,0.028523564338684,145.22935485839844,269.3378295898437,3.840748377115233e-06,105.18671417236328,0.927651345729828,3.073935031890869,0.0005449571181088,2.692774534225464
nnconv,IEEE118,UK,True,300,B,2,128,0.001,pu_zscore,0.6064220070838928,73485936.0,2543.287353515625,0.0728855952620506,0.9808084964752196,5.501082897186279,77.08490753173828,10674458.0,128476096.0,0.049332495778799,154793168.0,519.482177734375,5064.26123046875,0.0700525939464569,4589.33642578125
nnconv,UK,IEEE24,True,0,B,2,128,0.001,pu_zscore,2.4741673469543457,2894248.5,495.8232727050781,1.0841312408447266,4.184006690979004,0.3008619248867035,2.125560998916626,4956435.5,6589270.0,0.0019066466484218,31288.919921875,452.5331115722656,1419.0028076171875,0.0255468599498271,111.73186492919922
nnconv,UK,IEEE39,True,0,B,2,128,0.001,pu_zscore,7.286026477813721,78507224.0,1045.291015625,5.283773422241211,4.82042932510376,0.212811142206192,1.4480820894241333,233653680.0,80349128.0,0.0031237320508807,26108.923828125,2440.7724609375,1650.8621826171875,0.0383118912577629,89.4905776977539
nnconv,UK,IEEE118,True,0,B,2,128,0.001,pu_zscore,0.1489205211400985,137997.5625,112.6892547607422,0.0178237166255712,0.2155842781066894,0.104166992008686,0.3675326704978943,12475.814453125,522050.375,0.0005351280560716,17464.060546875,8.893555641174316,317.9844055175781,0.0129523249343037,123.86610412597656
nnconv,UK,UK,False,0,B,2,128,0.001,pu_zscore,0.0054312422871589,5894.578125,12.848870277404783,0.0027302436064928,0.0080222655087709,0.0154043603688478,0.013689475134015,14978.390625,8595.041015625,3.868335056722572e-07,4.881875038146973,10.740423202514648,39.37798309326172,8.78063146956265e-05,1.276978850364685
nnconv,UK,IEEE24,True,100,B,2,128,0.001,pu_zscore,7.635084629058838,27561664.0,1595.4615478515625,1.2599884271621704,16.584882736206055,0.2709219753742218,1.6648603677749634,6694819.5,103532656.0,0.0015460522845387,19195.48046875,512.6442260742188,5763.0517578125,0.0234900116920471,106.12654113769533
nnconv,UK,IEEE39,True,100,B,2,128,0.001,pu_zscore,13.48256492614746,268827200.0,1728.16259765625,11.186290740966797,2.8474109172821045,0.2044276297092437,0.8253294825553894,1047264704.0,28035606.0,0.0028824664186686,8481.201171875,5177.849609375,1673.3870849609375,0.036810003221035,61.37612915039063
nnconv,UK,IEEE118,True,100,B,2,128,0.001,pu_zscore,0.294368177652359,539192.8125,138.4901123046875,0.1517028659582138,0.332383394241333,0.1135029420256614,0.3051658272743225,903774.25,1240957.25,0.000635348027572,12039.9619140625,87.3463134765625,366.406005859375,0.0144950812682509,100.1936264038086
nnconv,UK,UK,False,100,B,2,128,0.001,pu_zscore,0.0061161085031926,7474.8876953125,13.418992042541504,0.0032652227673679,0.0079644247889518,0.0153972180560231,0.0133273936808109,21423.37890625,8471.546875,3.864748521209549e-07,4.627042293548584,11.026076316833496,41.27284622192383,8.443016122328117e-05,1.3769649267196655
nnconv,UK,IEEE24,True,300,B,2,128,0.001,pu_zscore,7.593841075897217,27264702.0,1618.1934814453125,2.4497432708740234,14.91452980041504,0.2288387268781662,1.832789421081543,25307360.0,83728184.0,0.0011030490277335,23263.154296875,1025.254150390625,5336.15185546875,0.020932151004672,111.34612274169922
nnconv,UK,IEEE39,True,300,B,2,128,0.001,pu_zscore,6.752297878265381,67426608.0,1039.4461669921875,5.492657661437988,2.2267181873321533,0.1904164403676986,2.342479467391968,252492976.0,17145108.0,0.0025008865632116,68321.0078125,2538.727294921875,1473.5010986328125,0.0346664413809776,145.52166748046875
nnconv,UK,IEEE118,True,300,B,2,128,0.001,pu_zscore,0.5621945261955261,1966688.625,259.46484375,0.150098368525505,0.7871454358100891,0.1257193982601165,0.4156400263309479,884757.625,6959662.0,0.0007794747943989,22335.109375,86.41799926757812,821.6380615234375,0.015884306281805,129.78753662109375
nnconv,UK,UK,False,300,B,2,128,0.001,pu_zscore,0.0060043996199965,7204.32958984375,13.11508846282959,0.0031479592435061,0.0081631336361169,0.0159399174153804,0.014547967351973,19912.259765625,8899.5439453125,4.141988085848425e-07,5.513375759124756,9.573894500732422,41.46132278442383,8.735586743569002e-05,1.4250599145889282
transformer,IEEE24,IEEE24,False,0,B,2,128,0.001,pu_zscore,0.0080918688327074,30.958179473876957,1.437987208366394,0.0023920540697872,0.0156719870865345,0.0186422076076269,0.0323656238615512,24.12946319580078,92.4486846923828,7.320325948967365e-06,7.254565238952637,0.6789311766624451,3.575399875640869,0.0010194038040935,1.4965978860855105
transformer,IEEE24,IEEE39,True,0,B,2,128,0.001,pu_zscore,0.1461116820573806,31571.7109375,47.50446701049805,0.090479627251625,0.1234461888670921,0.2130135595798492,0.6385818123817444,68515.03125,52694.47265625,0.0031296773813664,5077.333984375,41.59789657592773,84.47476959228516,0.0371808744966983,63.90801239013672
transformer,IEEE24,IEEE118,True,0,B,2,128,0.001,pu_zscore,0.115688145160675,83279.875,61.80257797241211,0.0842805504798889,0.0567505620419979,0.1280586868524551,0.3730588853359222,278950.46875,36175.83203125,0.0008087523747235,17993.1875,48.37250518798828,71.34265899658203,0.0170934125781059,127.47808074951172
transformer,IEEE24,UK,True,0,B,2,128,0.001,pu_zscore,0.1363548040390014,3715311.75,497.3728332519531,0.0779045298695564,0.1233716309070587,1.84568190574646,4.930671215057373,12195169.0,2032752.625,0.005553291644901,633322.8125,578.5963134765625,813.230712890625,0.0275790505111217,597.6367797851562
transformer,IEEE24,IEEE24,False,100,B,2,128,0.001,pu_zscore,0.0102313347160816,49.49283218383789,1.5249706506729126,0.0046749454922974,0.0161921475082635,0.0177640356123447,0.0320651419460773,92.1634750366211,98.68734741210938,6.646898327744566e-06,7.120487689971924,1.1577609777450562,3.603175163269043,0.0010695427190512,1.3378770351409912
transformer,IEEE24,IEEE39,True,100,B,2,128,0.001,pu_zscore,0.1456510871648788,31372.96875,45.93112182617188,0.0912762135267257,0.1202579662203788,0.2510574162006378,0.680001974105835,69726.7578125,50007.76171875,0.0043474156409502,5757.35498046875,41.95458984375,72.66950988769531,0.0442876257002353,69.05609130859375
transformer,IEEE24,IEEE118,True,100,B,2,128,0.001,pu_zscore,0.1167255043983459,84780.0859375,61.69170379638672,0.0841190665960311,0.0624462068080902,0.1321763396263122,0.3672388195991516,277882.53125,43801.63671875,0.0008615985279902,17436.1484375,48.26771545410156,74.45098876953125,0.0172020588070154,124.03089141845705
transformer,IEEE24,UK,True,100,B,2,128,0.001,pu_zscore,0.1269230395555496,3219105.75,534.3571166992188,0.0688425153493881,0.1417514532804489,2.43399429321289,5.070796012878418,9523047.0,2683545.0,0.0096577461808919,669831.0,485.781494140625,1002.380615234375,0.0355726405978202,649.230712890625
transformer,IEEE24,IEEE24,False,300,B,2,128,0.001,pu_zscore,0.0097973542287945,45.38322448730469,1.6156560182571411,0.0041660815477371,0.0163797792047262,0.021113583818078,0.0325857512652874,73.19159698486328,100.98773956298828,9.389871593157297e-06,7.353582382202148,1.0685374736785889,3.7353556156158447,0.0010958926286548,1.657634735107422
transformer,IEEE24,IEEE39,True,300,B,2,128,0.001,pu_zscore,0.1393235772848129,28706.314453125,44.33412551879883,0.0872698873281478,0.1154533252120018,0.220172107219696,0.6332827806472778,63740.15234375,46091.68359375,0.0033435642253607,4993.4189453125,40.09834671020508,73.85552978515625,0.0401446968317031,63.34246444702149
transformer,IEEE24,IEEE118,True,300,B,2,128,0.001,pu_zscore,0.1174334958195686,85811.6640625,72.15691375732422,0.0826215222477912,0.0706336945295333,0.1181874647736549,0.3846597075462341,268076.53125,56040.50390625,0.0006888748612254,19129.638671875,47.41396331787109,111.44861602783205,0.0146289346739649,129.7504425048828
transformer,IEEE24,UK,True,300,B,2,128,0.001,pu_zscore,0.1428703069686889,4078855.5,731.8895874023438,0.0706503391265869,0.1982647329568863,1.2851765155792236,6.3057541847229,10029769.0,5249826.0,0.0026925408747047,1035826.6875,498.5693664550781,1667.041015625,0.016467647626996,761.9312744140625
transformer,IEEE24,IEEE24,False,700,B,2,128,0.001,pu_zscore,0.0090084597468376,38.36885452270508,1.3021899461746216,0.0037283976562321,0.015287441201508,0.0181224718689918,0.0315358489751815,58.62058639526367,87.96748352050781,6.917842256370932e-06,6.887355327606201,0.8176392912864685,2.931323528289795,0.0009617671603336,1.458835244178772
transformer,IEEE24,IEEE39,True,700,B,2,128,0.001,pu_zscore,0.1440054178237915,30668.029296875,47.48476028442383,0.0887580588459968,0.1216160058975219,0.2297578305006027,0.670404314994812,65932.5546875,51143.5859375,0.0036410423927009,5595.98046875,40.7965087890625,80.65157318115234,0.0384754054248333,68.45247650146484
transformer,IEEE24,IEEE118,True,700,B,2,128,0.001,pu_zscore,0.1080851182341575,72693.265625,64.88858032226562,0.0754503160715103,0.065540038049221,0.1214372292160987,0.3829858005046844,223560.203125,48249.36328125,0.0007272791699506,18963.509765625,43.24280548095703,87.5377426147461,0.0154869360849261,128.75827026367188
transformer,IEEE24,UK,True,700,B,2,128,0.001,pu_zscore,0.1371346861124038,3757932.5,572.7886962890625,0.0747288390994072,0.1501403003931045,3.923250198364258,5.54154634475708,11221189.0,3010568.0,0.0250916220247745,799972.3125,544.7316284179688,1071.8946533203125,0.0562721453607082,674.472412109375
transformer,IEEE24,IEEE24,False,1000,B,2,128,0.001,pu_zscore,0.0077342144213616,28.282001495361328,1.3775792121887207,0.0018847389146685,0.0155252628028392,0.018788743764162,0.0327378883957862,14.979872703552246,90.72572326660156,7.4358595156809315e-06,7.42240571975708,0.4661644399166107,3.434834718704224,0.0010317299747839,1.6082860231399536
transformer,IEEE24,IEEE39,True,1000,B,2,128,0.001,pu_zscore,0.1440305709838867,30678.7421875,47.15952682495117,0.0874794721603393,0.1238352805376052,0.226822167634964,0.673102080821991,64046.6796875,53027.1796875,0.0035485920961946,5641.10986328125,40.19572830200195,80.44646453857422,0.0411113873124122,67.95480346679688
transformer,IEEE24,IEEE118,True,1000,B,2,128,0.001,pu_zscore,0.1107392758131027,76307.2421875,61.99690628051758,0.078808918595314,0.0629278644919395,0.1261577010154724,0.3609350025653839,243906.34375,44479.93359375,0.0007849192479625,16842.685546875,45.203033447265625,83.45967864990234,0.0159693621098995,119.30892181396484
transformer,IEEE24,UK,True,1000,B,2,128,0.001,pu_zscore,0.1275366395711898,3250306.0,535.5189819335938,0.0653116703033447,0.1730354726314544,2.501662015914917,4.068619251251221,8571247.0,3998749.75,0.0102022038772702,431228.125,433.880126953125,1230.5322265625,0.0353951826691627,477.6282653808594
transformer,IEEE39,IEEE24,True,0,B,2,128,0.001,pu_zscore,0.1229030415415763,7141.72265625,25.542829513549805,0.0666892901062965,0.1544898897409439,0.1753830909729004,0.3458178043365478,18755.037109375,8983.6474609375,0.0006479047588072,828.2054443359375,23.950183868408203,54.206974029541016,0.015418779104948,23.99873733520508
transformer,IEEE39,IEEE39,False,0,B,2,128,0.001,pu_zscore,0.0146606238558888,317.8579406738281,3.5928776264190674,0.0026357707101851,0.0184490028768777,0.0534918308258056,0.0540282987058162,58.14328002929688,1176.943359375,0.0001973603793885,36.34504699707031,0.7912563681602478,10.105157852172852,0.0068550412543118,3.4682390689849854
transformer,IEEE39,IEEE118,True,0,B,2,128,0.001,pu_zscore,0.1061932742595672,70170.7890625,58.55753326416016,0.0728633776307106,0.0724055171012878,0.2224179953336715,0.3207744657993316,208492.75,58887.27734375,0.0024397051893174,13303.1025390625,41.7346076965332,84.90482330322266,0.0337268337607383,107.55696868896484
transformer,IEEE39,UK,True,0,B,2,128,0.001,pu_zscore,0.1825264245271682,6657417.5,746.5087280273438,0.0802447795867919,0.3163733780384063,3.6090707778930655,3.522359609603882,12938859.0,13367608.0,0.0212337914854288,323206.75,600.2479858398438,2014.1422119140625,0.0483631044626235,371.5966491699219
transformer,IEEE39,IEEE24,True,100,B,2,128,0.001,pu_zscore,0.122425228357315,7086.30078125,24.69484519958496,0.0619009993970394,0.1758577972650528,0.3121235370635986,0.2808091342449188,16158.5,11640.6123046875,0.0020520542748272,546.092041015625,21.38496780395508,57.10372543334961,0.0285471193492412,20.262149810791016
transformer,IEEE39,IEEE39,False,100,B,2,128,0.001,pu_zscore,0.0149132525548338,328.9068603515625,3.640320301055908,0.003097727894783,0.0186212118715047,0.0508157312870025,0.0539942421019077,80.3102035522461,1199.0177001953125,0.0001781071769073,36.29924011230469,0.5671700239181519,10.553640365600586,0.0066044875420629,3.433866024017334
transformer,IEEE39,IEEE118,True,100,B,2,128,0.001,pu_zscore,0.1065745875239372,70675.6328125,59.93079376220703,0.0731140673160553,0.0732220634818077,0.2081209868192672,0.311559110879898,209929.875,60222.96484375,0.0021361378021538,12549.7265625,41.87934875488281,93.5745849609375,0.031262032687664,104.23798370361328
transformer,IEEE39,UK,True,100,B,2,128,0.001,pu_zscore,0.1440185904502868,4144684.25,512.676025390625,0.0785473585128784,0.1689558774232864,3.037670850753784,3.7639479637146,12397256.0,3812417.75,0.0150424353778362,369062.8125,585.1730346679688,1006.4868774414062,0.0418943278491497,459.0021057128906
transformer,IEEE39,IEEE24,True,300,B,2,128,0.001,pu_zscore,0.1337376981973648,8456.3984375,25.19986915588379,0.0757099762558937,0.1550586372613906,0.1644691824913025,0.2952526807785034,24171.966796875,9049.9150390625,0.0005697768065147,603.7138671875,27.728443145751957,52.61248779296875,0.0138896750286221,20.444652557373047
transformer,IEEE39,IEEE39,False,300,B,2,128,0.001,pu_zscore,0.0176138971000909,458.8165588378906,3.844172477722168,0.0048647243529558,0.0215379539877176,0.0469966158270835,0.0516003780066967,198.06179809570312,1604.052490234375,0.0001523415121482,33.15190124511719,1.5995155572891235,10.53744125366211,0.0062755551189184,3.2334587574005127
transformer,IEEE39,IEEE118,True,300,B,2,128,0.001,pu_zscore,0.1043435335159301,67747.515625,57.50556564331055,0.0721544176340103,0.0688472166657447,0.2010998576879501,0.3206560313701629,204455.203125,53241.58203125,0.001994440332055,13293.2822265625,41.32877731323242,82.07073974609375,0.0298195090144872,106.59292602539062
transformer,IEEE39,UK,True,300,B,2,128,0.001,pu_zscore,0.1306729167699813,3412129.0,422.2378540039063,0.0752565115690231,0.1252109259366989,7.48635196685791,2.5880355834960938,11380218.0,2093815.375,0.0913644433021545,174483.140625,551.1116943359375,841.5177001953125,0.0963620319962501,296.22564697265625
transformer,IEEE39,IEEE24,True,700,B,2,128,0.001,pu_zscore,0.1180486232042312,6588.69775390625,23.50072479248047,0.0649946182966232,0.1434158980846405,0.2039092779159546,0.3396529853343963,17813.9609375,7741.8916015625,0.0008758095791563,798.9401245117188,23.05022621154785,48.41593551635742,0.0169083401560783,22.519819259643555
transformer,IEEE39,IEEE39,False,700,B,2,128,0.001,pu_zscore,0.0154017070308327,350.8051147460937,3.622005224227905,0.0030359453521668,0.019314669072628,0.0519896745681762,0.0538443922996521,77.138671875,1289.983642578125,0.0001864314835984,36.09803771972656,1.0516650676727295,9.960569381713867,0.0068872184492647,3.4688985347747803
transformer,IEEE39,IEEE118,True,700,B,2,128,0.001,pu_zscore,0.108299121260643,72981.40625,62.41544342041016,0.074877381324768,0.0699547156691551,0.1726702451705932,0.3602574467658996,220177.859375,54968.28125,0.0014703897759318,16779.509765625,42.90645599365234,84.36762237548828,0.0252209454774856,122.36245727539062
transformer,IEEE39,UK,True,700,B,2,128,0.001,pu_zscore,0.1452687978744506,4216956.0,494.9456176757813,0.083528958261013,0.1371411383152008,5.700521945953369,3.5933585166931152,14019629.0,2511824.75,0.0529743917286396,336367.5625,632.9075317382812,951.32421875,0.0666323006153106,395.48382568359375
transformer,IEEE39,IEEE24,True,1000,B,2,128,0.001,pu_zscore,0.1262133568525314,7531.61767578125,28.44812774658203,0.0625394284725189,0.1810910850763321,0.1971968710422516,0.4314587116241455,16493.52734375,12343.7392578125,0.0008190978551283,1289.204833984375,21.818920135498047,62.01250076293945,0.0155934011563658,29.945497512817383
transformer,IEEE39,IEEE39,False,1000,B,2,128,0.001,pu_zscore,0.0146995037794113,319.54608154296875,3.512887477874756,0.0033518150448799,0.0182434357702732,0.0512343011796474,0.0517137609422206,94.02521514892578,1150.861328125,0.0001810534013202,33.297752380371094,0.7643259167671204,9.779232025146484,0.0073763243854045,3.5006141662597656
transformer,IEEE39,IEEE118,True,1000,B,2,128,0.001,pu_zscore,0.1047319620847702,68252.859375,59.43856048583984,0.0720475688576698,0.0699333176016807,0.1925587505102157,0.3317219913005829,203850.15625,54934.65625,0.0018286221893504,14226.6240234375,41.26155853271485,83.7672348022461,0.0286097899079322,112.69685363769533
transformer,IEEE39,UK,True,1000,B,2,128,0.001,pu_zscore,0.127834752202034,3265518.75,548.3231201171875,0.0676598697900772,0.1520977616310119,6.04460334777832,5.450253963470459,9198664.0,3089580.75,0.0595624260604381,773831.6875,471.2113037109375,1054.9632568359375,0.081235185265541,667.0367431640625
transformer,IEEE118,IEEE24,True,0,B,2,128,0.001,pu_zscore,0.2506182789802551,29696.359375,63.63521957397461,0.1246835216879844,0.294769823551178,0.2039784640073776,1.7214415073394775,65557.71875,32705.333984375,0.0008764040539972,20522.388671875,50.11404037475586,87.67008972167969,0.0164863243699073,116.7402572631836
transformer,IEEE118,IEEE39,True,0,B,2,128,0.001,pu_zscore,0.3258637487888336,157036.390625,117.1951675415039,0.2370284348726272,0.1275021582841873,0.6583939790725708,2.858384132385254,470202.78125,56214.03125,0.0298990067094564,101728.7734375,109.6767578125,89.93314361572266,0.1067354828119278,269.06402587890625
transformer,IEEE118,IEEE118,False,0,B,2,128,0.001,pu_zscore,0.0037689611781388,88.39051818847656,1.5027568340301514,0.001417878549546,0.0038942056708037,0.0093084732070565,0.0283993631601333,78.9496841430664,170.33975219726562,4.273211288818857e-06,104.27268981933594,0.6946395635604858,2.8482439517974854,0.0005621672607958,2.4675817489624023
transformer,IEEE118,UK,True,0,B,2,128,0.001,pu_zscore,0.235868826508522,11117201.0,1298.3231201171875,0.0824010893702507,0.332264631986618,14.06398105621338,24.845626831054688,13643580.0,14744231.0,0.3224432468414306,16080995.0,618.7630004882812,2193.37890625,0.1611281037330627,2380.9892578125
transformer,IEEE118,IEEE24,True,100,B,2,128,0.001,pu_zscore,0.3551375269889831,59630.828125,74.37774658203125,0.200080469250679,0.3925690948963165,0.6033865213394165,1.2997342348098757,168816.59375,58007.5859375,0.0076687922701239,11699.1015625,82.74275970458984,130.57125854492188,0.04557815939188,84.15141296386719
transformer,IEEE118,IEEE39,True,100,B,2,128,0.001,pu_zscore,0.2817731499671936,117416.015625,81.75365447998047,0.2178191244602203,0.1071941703557968,0.460283488035202,1.6243630647659302,397078.4375,39733.0625,0.0146128823980689,32852.53515625,100.7673568725586,78.68869018554688,0.0729498639702797,147.485595703125
transformer,IEEE118,IEEE118,False,100,B,2,128,0.001,pu_zscore,0.0037355376407504,86.82975769042969,1.4079594612121582,0.0009545588400214,0.004298304207623,0.0088570741936564,0.0283635612577199,35.783084869384766,207.5260009765625,3.8688153836119454e-06,104.00993347167967,0.3761365413665771,2.8672752380371094,0.0005490575567819,2.3878772258758545
transformer,IEEE118,UK,True,100,B,2,128,0.001,pu_zscore,0.2339125573635101,10933555.0,1080.795654296875,0.0795183181762695,0.4698315560817718,3.141075372695923,7.708256244659424,12705647.0,29480734.0,0.0160839762538671,1547837.25,565.2623901367188,2952.8642578125,0.0411701425909996,805.0144653320312
transformer,IEEE118,IEEE24,True,300,B,2,128,0.001,pu_zscore,0.2664196491241455,33559.09765625,49.78433609008789,0.1558329910039901,0.255717396736145,0.2023058235645294,1.020844578742981,102405.796875,24613.484375,0.0008620899170637,7217.09912109375,63.70954513549805,73.78675079345703,0.0166844949126243,61.62437438964844
transformer,IEEE118,IEEE39,True,300,B,2,128,0.001,pu_zscore,0.2498943507671356,92350.890625,99.1885757446289,0.1552277207374572,0.1748691946268081,0.4088065922260284,2.231538772583008,201661.40625,105739.265625,0.0115271210670471,62002.83984375,71.70404052734375,136.8482666015625,0.0662766173481941,188.1356506347656
transformer,IEEE118,IEEE118,False,300,B,2,128,0.001,pu_zscore,0.0038490472361445,92.18682098388672,1.5426751375198364,0.0012582008494064,0.0042443657293915,0.0091401049867272,0.0283933170139789,62.16876983642578,202.35025024414065,4.120025096199242e-06,104.22828674316406,0.568942666053772,2.953880071640014,0.000573236553464,2.6473047733306885
transformer,IEEE118,UK,True,300,B,2,128,0.001,pu_zscore,0.4802983403205871,46097408.0,2207.802001953125,0.0835975036025047,1.1068037748336792,10.48496437072754,16.08803367614746,14042649.0,163604496.0,0.1792134642601013,6742469.5,650.6754150390625,6507.89990234375,0.1219146102666854,1672.5107421875
transformer,IEEE118,IEEE24,True,700,B,2,128,0.001,pu_zscore,0.4102316796779632,79567.5625,67.70890808105469,0.2584603428840637,0.2624546587467193,0.3940751552581787,1.2394126653671265,281704.34375,25927.529296875,0.0032711001113057,10638.3740234375,107.18791961669922,82.75452423095703,0.029901135712862,80.86326599121094
transformer,IEEE118,IEEE39,True,700,B,2,128,0.001,pu_zscore,0.301226943731308,134188.65625,102.70526123046876,0.2233359068632125,0.1160508543252945,0.3436291813850403,2.417009830474853,417446.96875,46570.01953125,0.0081445137038826,72737.6875,103.32884979248048,81.86380767822266,0.0643883198499679,225.5640106201172
transformer,IEEE118,IEEE118,False,700,B,2,128,0.001,pu_zscore,0.0034671621397137,74.80155944824219,1.3320631980895996,0.0008200648589991,0.0038442693185061,0.0089037483558058,0.0287410728633403,26.41002082824707,165.99913024902344,3.909697625203989e-06,106.79705810546876,0.2999102175235748,2.506793975830078,0.000477188732475,2.521071434020996
transformer,IEEE118,UK,True,700,B,2,128,0.001,pu_zscore,0.2428185939788818,11781977.0,1202.0120849609375,0.0911053940653801,0.438038557767868,3.717308759689331,13.60779857635498,16678254.0,25625864.0,0.0225265137851238,4823794.0,712.8738403320312,2712.9375,0.0485330559313297,1382.1883544921875
transformer,IEEE118,IEEE24,True,1000,B,2,128,0.001,pu_zscore,0.4166736602783203,82086.1328125,75.02220916748047,0.2406762540340423,0.4139689803123474,0.3297951221466064,1.6809873580932615,244271.171875,64504.2265625,0.0022909953258931,19569.166015625,99.7325668334961,89.32987976074219,0.0237027555704116,111.00269317626952
transformer,IEEE118,IEEE39,True,1000,B,2,128,0.001,pu_zscore,0.29800745844841,131335.59375,114.5009307861328,0.2093769758939743,0.1057800874114036,0.4921578466892242,3.101316213607788,366895.3125,38691.67578125,0.0167068243026733,119755.3125,96.85862731933594,72.56098937988281,0.0866929814219474,288.4974060058594
transformer,IEEE118,IEEE118,False,1000,B,2,128,0.001,pu_zscore,0.0034426068887114,73.74578857421875,1.3427172899246216,0.0006813508225604,0.0038012443110346,0.0086482428014278,0.0297527480870485,18.23114585876465,162.30419921875,3.688528977363603e-06,114.44781494140624,0.2473600953817367,2.5873284339904785,0.000474810716696,2.535705804824829
transformer,IEEE118,UK,True,1000,B,2,128,0.001,pu_zscore,0.3142663240432739,19735584.0,1692.5213623046875,0.0819957107305526,0.6085127592086792,8.821931838989258,24.767169952392575,13509669.0,49453072.0,0.1268714964389801,15979596.0,627.50439453125,3842.52587890625,0.0897463262081146,2299.9658203125
transformer,UK,IEEE24,True,0,B,2,128,0.001,pu_zscore,8.973987579345703,38075772.0,1706.261962890625,3.763450860977173,15.682024955749512,0.1752195358276367,1.0699461698532104,59728036.0,92567128.0,0.0006466969498433,7928.06591796875,1575.6103515625,5172.52978515625,0.0151922572404146,76.89215850830078
transformer,UK,IEEE39,True,0,B,2,128,0.001,pu_zscore,1.5602420568466189,3600080.0,298.35498046875,1.2027262449264526,0.814154863357544,0.2121911346912384,0.3796056807041168,12106478.0,2292048.25,0.0031055572908371,1794.188232421875,557.13134765625,599.51220703125,0.0380218178033828,36.73838806152344
transformer,UK,IEEE118,True,0,B,2,128,0.001,pu_zscore,0.9187374711036682,5252248.0,477.1774597167969,0.5685200095176697,0.8593165874481201,0.1011878177523613,0.4088471531867981,12692987.0,8294393.0,0.0005049564642831,21611.021484375,327.9278259277344,1441.2386474609375,0.0119590433314442,139.5312957763672
transformer,UK,UK,False,0,B,2,128,0.001,pu_zscore,0.0040573799051344,3289.61962890625,13.213285446166992,0.0017911484465003,0.0070869596675038,0.0132634611800313,0.0127783268690109,6446.52294921875,6707.70263671875,2.867810735551757e-07,4.253643035888672,13.318022727966309,38.2572135925293,7.347277278313413e-05,1.2778314352035522
transformer,UK,IEEE24,True,100,B,2,128,0.001,pu_zscore,6.200420379638672,18176908.0,1244.80419921875,1.8820934295654297,12.388047218322754,0.2161942273378372,0.90420401096344,14937849.0,57764132.0,0.0009845186723396,5662.08349609375,786.8978271484375,4129.7060546875,0.0196901708841323,62.59343719482422
transformer,UK,IEEE39,True,100,B,2,128,0.001,pu_zscore,1.026400446891785,1557979.875,270.1245422363281,0.6298028826713562,0.917472243309021,0.2217102646827697,0.3553869128227234,3319659.75,2910687.75,0.0033904446754604,1572.5535888671875,291.7059326171875,758.5309448242188,0.0398954376578331,30.221439361572266
transformer,UK,IEEE118,True,100,B,2,128,0.001,pu_zscore,0.5050837397575378,1587409.875,207.35093688964844,0.349194198846817,0.3703695237636566,0.1035511419177055,0.3958236277103424,4788575.5,1540808.625,0.0005288192187435,20256.14453125,201.3798370361328,492.8189697265625,0.0123062999919056,135.1927490234375
transformer,UK,UK,False,100,B,2,128,0.001,pu_zscore,0.0031628417782485,1998.9837646484373,10.159672737121582,0.001132886740379,0.0063665686175227,0.0139522347599267,0.0119125861674547,2578.905517578125,5413.33349609375,3.173395839439763e-07,3.6967928409576416,6.190268516540527,33.21700668334961,9.121155017055572e-05,1.2313252687454224
transformer,UK,IEEE24,True,300,B,2,128,0.001,pu_zscore,7.719247817993164,28172652.0,1592.9432373046875,3.56762957572937,12.521374702453612,0.2112945765256881,0.5675016641616821,53674160.0,59014204.0,0.0009403995936736,2230.373779296875,1495.293212890625,4838.7470703125,0.0173450857400894,37.71492385864258
transformer,UK,IEEE39,True,300,B,2,128,0.001,pu_zscore,2.070646286010742,6340740.5,584.9129028320312,0.6586437821388245,2.5068182945251465,0.1837189048528671,0.4497933387756347,3630659.25,21729784.0,0.0023280526511371,2519.0029296875,305.0624694824219,1996.9532470703125,0.0333990082144737,37.60259246826172
transformer,UK,IEEE118,True,300,B,2,128,0.001,pu_zscore,1.2068990468978882,9063673.0,543.9168090820312,0.7454370856285095,1.13266122341156,0.1034888550639152,0.4145851731300354,21821992.0,14410474.0,0.0005281832418404,22221.88671875,430.0077209472656,1605.010009765625,0.0119570679962635,140.63768005371094
transformer,UK,UK,False,300,B,2,128,0.001,pu_zscore,0.003123020986095,1948.9652099609373,10.308895111083984,0.0010463793296366,0.0064711472950875,0.0130230858922004,0.0109676299616694,2200.09130859375,5592.63525390625,2.7648047762340866e-07,3.1335642337799072,7.429868221282959,32.659793853759766,6.564699287991971e-05,1.1458581686019895
transformer,UK,IEEE24,True,700,B,2,128,0.001,pu_zscore,2.374147653579712,2664975.25,430.5360107421875,1.2965339422225952,3.078922986984253,0.149231731891632,0.6449973583221436,7088813.0,3568208.25,0.0004690921341534,2881.106201171875,542.4993286132812,1140.2467041015625,0.0133611047640442,39.384647369384766
transformer,UK,IEEE39,True,700,B,2,128,0.001,pu_zscore,1.1705199480056765,2026216.375,261.8782043457031,0.8115074634552002,0.8652188181877136,0.2165189534425735,0.6203538179397583,5511493.5,2588580.25,0.0032335300929844,4791.61181640625,375.8384399414063,614.7908935546875,0.0391199626028537,56.84437561035156
transformer,UK,IEEE118,True,700,B,2,128,0.001,pu_zscore,0.4274251461029053,1136795.75,237.2175445556641,0.2859962284564972,0.3415141999721527,0.1006554886698722,0.4395608603954315,3212129.0,1310073.75,0.0004996574716642,24979.9375,164.88299560546875,640.5345458984375,0.0120137743651866,143.44076538085938
transformer,UK,UK,False,700,B,2,128,0.001,pu_zscore,0.0035700970329344,2546.91455078125,12.75238800048828,0.0014701121253892,0.0066130855120718,0.0140015911310911,0.0127883646637201,4342.734375,5840.66357421875,3.195887927631702e-07,4.260327339172363,11.487611770629885,38.20693588256836,7.485391688533127e-05,1.3149303197860718
transformer,UK,IEEE24,True,1000,B,2,128,0.001,pu_zscore,10.689090728759766,54020584.0,2220.243896484375,3.977783441543579,19.91976928710937,0.2154742628335952,0.5296064615249634,66724912.0,149355488.0,0.0009779724059626,1942.4508056640625,1667.1668701171875,7179.544921875,0.0189215373247861,34.24417495727539
transformer,UK,IEEE39,True,1000,B,2,128,0.001,pu_zscore,2.1931655406951904,7113298.5,547.9298095703125,0.8491321802139282,2.5461747646331787,0.230682834982872,0.3276087641716003,6034410.5,22417446.0,0.003670419100672,1336.330078125,393.31097412109375,1769.7698974609375,0.041605144739151,28.596866607666016
transformer,UK,IEEE118,True,1000,B,2,128,0.001,pu_zscore,0.7727239727973938,3715447.25,288.1875915527344,0.4888365864753723,0.697701632976532,0.1100795790553093,0.273485392332077,9384255.0,5467863.5,0.0005976005923002,9669.892578125,281.9274597167969,784.3267211914062,0.0139187350869178,86.48241424560547
transformer,UK,UK,False,1000,B,2,128,0.001,pu_zscore,0.0031959952320903,2041.11083984375,11.159110069274902,0.0007831480470485,0.0072023994289338,0.0139016080647706,0.0124563975259661,1232.3955078125,6928.00634765625,3.150407792418264e-07,4.042015075683594,4.448410511016846,38.99112701416016,8.196308772312477e-05,1.1968241930007937
