model,train_grid,test_grid,unseen,seed,regime,num_layers,hidden,learning_rate,nrmse,mse,mae,nrmse_P,nrmse_Q,nrmse_V,nrmse_theta,mse_P,mse_Q,mse_V,mse_theta,mae_P,mae_Q,mae_V,mae_theta
gcn,IEEE24,IEEE24,False,0,B,2,128,0.001,0.0516180247068405,1563.7113037109375,7.6481428146362305,0.0317573361098766,0.0477331057190895,0.6241016983985901,0.0704112648963928,4764.32666015625,1446.86767578125,0.0085595622658729,43.641563415527344,12.262686729431152,13.838860511779783,0.0512551367282867,4.439767837524414
gcn,IEEE24,IEEE39,True,0,B,2,128,0.001,0.1118854880332946,20329.23828125,36.577613830566406,0.0633898451924324,0.1022833883762359,5.1348652839660645,0.4641522765159607,34674.98828125,43430.07421875,2.035348415374756,3209.854736328125,27.842668533325195,71.26237487792969,0.760208249092102,46.44521331787109
gcn,IEEE24,IEEE118,True,0,B,2,128,0.001,0.1086340770125389,67806.7109375,55.888893127441406,0.0739538595080375,0.0685634240508079,1.1497269868850708,0.6232844591140747,210339.125,48333.44921875,0.0800322666764259,12554.1982421875,41.82415771484375,74.89751434326172,0.1084260866045951,106.7254867553711
gcn,IEEE24,UK,True,0,B,2,128,0.001,0.1416453272104263,5434614.5,509.44281005859375,0.0854990631341934,0.1213250309228897,76.62738037109375,1.9546514749526975,17476330.0,4131119.0,9.283720016479492,130999.484375,713.8848876953125,1116.9912109375,0.8172403573989868,206.0778045654297
gcn,IEEE24,IEEE24,False,100,B,2,128,0.001,0.0534090809524059,1674.1099853515625,8.579499244689941,0.0322988852858543,0.0518019311130046,0.4170641303062439,0.0853915736079216,4928.20263671875,1704.0457763671875,0.0038224912714213,64.18685913085938,12.469083786010742,16.2520694732666,0.0352192111313343,5.561626434326172
gcn,IEEE24,IEEE39,True,100,B,2,128,0.001,0.0845800340175628,11617.4091796875,27.12895393371582,0.041510235518217,0.0843496993184089,1.970056414604187,0.3722356557846069,14869.19140625,29535.7109375,0.2995973825454712,2064.430908203125,17.876741409301758,54.8527717590332,0.3474549949169159,35.438846588134766
gcn,IEEE24,IEEE118,True,100,B,2,128,0.001,0.1189718469977378,81325.8984375,58.55549240112305,0.0833621472120285,0.0656355395913124,0.4543922543525696,0.6522626876831055,267261.34375,44293.59375,0.0125007890164852,13748.6953125,47.23714065551758,74.73165893554688,0.0657689720392227,112.18739318847656
gcn,IEEE24,UK,True,100,B,2,128,0.001,0.1415175646543502,5424817.0,475.8363037109375,0.0862498134374618,0.1178654879331588,77.6701431274414,0.6784657835960388,17784592.0,3898882.5,9.538107872009276,15782.90234375,718.5383911132812,1099.30615234375,0.9720656871795654,84.52854919433594
gcn,IEEE24,IEEE24,False,300,B,2,128,0.001,0.0500295236706733,1468.948486328125,7.293758869171143,0.031091695651412,0.0445877462625503,1.2596595287322998,0.0727525129914283,4566.6982421875,1262.468017578125,0.0348696149885654,46.59207534790039,11.965925216674805,12.51843547821045,0.1025646105408668,4.588108062744141
gcn,IEEE24,IEEE39,True,300,B,2,128,0.001,0.1073418408632278,18711.630859375,32.74527740478516,0.0651014298200607,0.092266097664833,9.033493041992188,0.4432747662067413,36572.7890625,35339.84375,6.299297332763672,2927.591064453125,28.667659759521484,58.92080307006836,1.1580438613891602,42.2346076965332
gcn,IEEE24,IEEE118,True,300,B,2,128,0.001,0.1098857894539833,69378.2890625,51.89329528808594,0.07627584785223,0.0637189149856567,1.5561760663986206,0.6097164154052734,223754.90625,41744.52734375,0.1466199606657028,12013.5732421875,43.1806869506836,59.874507904052734,0.2219866812229156,104.2959976196289
gcn,IEEE24,UK,True,300,B,2,128,0.001,0.1489318609237671,6008133.5,571.2161865234375,0.0894180089235305,0.1272639334201812,176.402587890625,3.293361186981201,19115142.0,4545456.0,49.19987487792969,371885.84375,750.157958984375,1182.178466796875,1.4653074741363523,351.0629272460937
gcn,IEEE24,IEEE24,False,700,B,2,128,0.001,0.01791831292212,188.4291229248047,3.38224196434021,0.0062974351458251,0.0288013517856597,0.690414547920227,0.0670707002282142,187.3444366455078,526.7628173828125,0.0104751614853739,39.598777770996094,1.1598128080368042,8.038954734802246,0.0560578294098377,4.274144172668457
gcn,IEEE24,IEEE39,True,700,B,2,128,0.001,0.1343118697404861,29295.6015625,39.21086120605469,0.0883709788322448,0.1027427464723587,11.15080738067627,0.6325587034225464,67390.140625,43821.04296875,9.59827709197998,5961.64404296875,39.85877227783203,63.83036804199219,1.3877109289169312,51.766578674316406
gcn,IEEE24,IEEE118,True,700,B,2,128,0.001,0.1024228632450103,60274.59765625,52.87067794799805,0.0687542036175727,0.0667547583580017,1.1663440465927124,0.6458564400672913,181801.25,45817.0625,0.0823623910546302,13479.951171875,38.8402099609375,61.61370086669922,0.1432883739471435,110.88550567626952
gcn,IEEE24,UK,True,700,B,2,128,0.001,0.165653720498085,7433044.5,722.6002807617188,0.093925155699253,0.1651185601949691,240.96804809570312,5.372495174407959,21090718.0,7651712.0,91.80640411376952,989653.125,792.8544921875,1499.400634765625,2.142709255218506,596.0033569335938
gcn,IEEE24,IEEE24,False,1000,B,2,128,0.001,0.0408388897776603,978.8173217773438,6.7680840492248535,0.0244376230984926,0.040530901402235,1.743934154510498,0.0759911462664604,2821.183349609375,1043.1865234375,0.0668345540761947,50.83257293701172,9.439574241638184,12.396170616149902,0.1548930406570434,5.081696510314941
gcn,IEEE24,IEEE39,True,1000,B,2,128,0.001,0.0751909539103508,9181.3125,26.30508804321289,0.0323602929711341,0.0794079378247261,3.4503936767578125,0.318509578704834,9036.5341796875,26176.291015625,0.9190051555633544,1511.5045166015625,13.778238296508787,59.2406120300293,0.574871838092804,31.62663078308105
gcn,IEEE24,IEEE118,True,1000,B,2,128,0.001,0.1267656087875366,92330.1171875,54.73756408691406,0.0916550904512405,0.0567095316946506,1.7978657484054563,0.6384750604629517,323081.1875,33065.48828125,0.1956996768712997,13173.5927734375,52.02123260498047,56.9864501953125,0.2502945363521576,109.69227600097656
gcn,IEEE24,UK,True,1000,B,2,128,0.001,0.1749493330717086,8290655.0,775.9124145507812,0.0896564051508903,0.2218665480613708,294.5533447265625,1.9493173360824585,19217206.0,13814987.0,137.17721557617188,130285.4921875,751.184814453125,2126.259033203125,3.290893793106079,222.9150238037109
gcn,IEEE39,IEEE24,True,0,B,2,128,0.001,0.162739485502243,15543.1728515625,29.638193130493164,0.1013320013880729,0.1439287364482879,1.825838923454285,0.2408351600170135,48507.25390625,13154.8046875,0.0732598081231117,510.5705871582031,43.0438346862793,57.53696441650391,0.1569952964782714,17.814977645874023
gcn,IEEE39,IEEE39,False,0,B,2,128,0.001,0.0225767325609922,827.743408203125,4.892665863037109,0.0104540679603815,0.0235476102679967,0.8924583792686462,0.0665564090013504,943.0780029296876,2301.833984375,0.0614832155406475,66.00003814697266,2.1606597900390625,11.909772872924805,0.1686538457870483,5.331577301025391
gcn,IEEE39,IEEE118,True,0,B,2,128,0.001,0.1032564938068389,61259.75390625,54.55390930175781,0.0693075507879257,0.0670502930879592,0.9951164722442628,0.6599788665771484,184739.40625,46223.640625,0.0599547289311885,14075.91015625,39.162696838378906,66.13782501220703,0.1352023631334304,112.77991485595705
gcn,IEEE39,UK,True,0,B,2,128,0.001,0.1455085277557373,5735102.5,499.9918823242188,0.0897358208894729,0.1136537343263626,70.58058166503906,1.3653112649917605,19251266.0,3625219.25,7.876340389251709,63913.75390625,751.3304443359375,1081.6513671875,0.7756805419921875,166.21047973632812
gcn,IEEE39,IEEE24,True,100,B,2,128,0.001,0.1440264135599136,12174.1337890625,30.813661575317383,0.0861964523792266,0.1380365341901779,5.834247589111328,0.4124135971069336,35098.796875,12099.7802734375,0.7480154037475586,1497.2076416015625,35.944190979003906,55.852237701416016,0.3988917469978332,31.0593318939209
gcn,IEEE39,IEEE39,False,100,B,2,128,0.001,0.0631971731781959,6485.8798828125,15.05877685546875,0.0369964726269245,0.0580939911305904,0.5126665830612183,0.0905084386467933,11811.296875,14010.150390625,0.020288536325097,122.05133056640624,15.911624908447266,36.777774810791016,0.0930788516998291,7.452627658843994
gcn,IEEE39,IEEE118,True,100,B,2,128,0.001,0.1080105006694793,67030.5,64.13330841064453,0.0729478448629379,0.0627268105745315,0.6493040919303894,0.8438533544540405,204655.453125,40454.73046875,0.0255253594368696,23011.78515625,41.26220703125,71.65189361572266,0.0945031195878982,143.52464294433594
gcn,IEEE39,UK,True,100,B,2,128,0.001,0.1460127532482147,5774919.5,467.1683044433594,0.0899992510676384,0.115093283355236,75.5447769165039,0.7159081697463989,19364462.0,3717635.5,9.023248672485352,17572.984375,753.9172973632812,1015.3441162109376,1.1014211177825928,98.31053161621094
gcn,IEEE39,IEEE24,True,300,B,2,128,0.001,0.0915370136499404,4917.53271484375,23.963911056518555,0.0329714938998222,0.1463559716939926,2.5155067443847656,0.3254148960113525,5135.59423828125,13602.2353515625,0.1390566527843475,932.1609497070312,11.504700660705566,59.302955627441406,0.204491838812828,24.843507766723636
gcn,IEEE39,IEEE39,False,300,B,2,128,0.001,0.0649995356798172,6861.10595703125,14.264785766601562,0.0418662428855896,0.0538770891726017,0.8268358111381531,0.1343663334846496,15125.3330078125,12050.0439453125,0.0527739077806472,268.9957275390625,18.0319938659668,26.37184333801269,0.1452285200357437,12.510076522827148
gcn,IEEE39,IEEE118,True,300,B,2,128,0.001,0.1140712723135948,74764.1015625,59.58029556274414,0.0792580842971801,0.0623734034597873,1.2842460870742798,0.735097348690033,241593.671875,40000.15625,0.0998555347323417,17462.48828125,44.87623977661133,65.95706939697266,0.187392845749855,127.30047607421876
gcn,IEEE39,UK,True,300,B,2,128,0.001,0.1383596956729889,5185414.5,441.6280212402344,0.0856992453336715,0.105170339345932,34.135799407958984,1.5194847583770752,17558266.0,3104226.25,1.842358946800232,79163.2578125,713.471923828125,898.3959350585938,0.3950570225715637,154.24917602539062
gcn,IEEE39,IEEE24,True,700,B,2,128,0.001,0.1019741520285606,6102.8681640625,28.401514053344727,0.0312813818454742,0.1700914949178695,1.5036762952804563,0.4012023210525512,4622.58935546875,18371.919921875,0.0496877767145633,1416.9122314453125,11.364075660705566,71.85171508789062,0.1230701059103012,30.26719665527344
gcn,IEEE39,IEEE39,False,700,B,2,128,0.001,0.0632848516106605,6503.888671875,14.491076469421388,0.0388899557292461,0.0554398223757743,0.8246844410896301,0.117311455309391,13051.2421875,12759.216796875,0.0524996370077133,205.0431365966797,16.73506736755371,30.408201217651367,0.1521729677915573,10.668868064880373
gcn,IEEE39,IEEE118,True,700,B,2,128,0.001,0.1263233423233032,91686.9765625,58.89604949951172,0.0909251347184181,0.0549620650708675,0.5570741891860962,0.7407738566398621,317955.53125,31059.1015625,0.0187889169901609,17733.22265625,51.58000564575195,56.59823989868164,0.0794125646352768,127.3265380859375
gcn,IEEE39,UK,True,700,B,2,128,0.001,0.1537049263715744,6399409.0,657.3807373046875,0.0825529173016548,0.1755475103855133,225.57077026367188,4.374319553375244,16292676.0,8648808.0,80.4488296508789,656072.625,684.576904296875,1469.5308837890625,2.028850555419922,473.3861083984375
gcn,IEEE39,IEEE24,True,1000,B,2,128,0.001,0.0948357880115509,5278.3515625,28.32681655883789,0.0289284493774175,0.1563331484794616,3.371179580688477,0.4316094219684601,3953.3359375,15519.9931640625,0.2497495263814926,1639.8262939453125,11.196393966674805,70.28749084472656,0.2582321166992187,31.56513023376465
gcn,IEEE39,IEEE39,False,1000,B,2,128,0.001,0.0580518059432506,5472.74267578125,12.865671157836914,0.0361516699194908,0.0500889681279659,0.6824184060096741,0.1152113229036331,11278.041015625,10415.126953125,0.0359486155211925,197.76742553710935,15.537759780883787,25.50979232788086,0.1303759068250656,10.28475570678711
gcn,IEEE39,IEEE118,True,1000,B,2,128,0.001,0.129843607544899,96868.296875,60.01603698730469,0.0938234701752662,0.0532700605690479,0.7679693698883057,0.7817258834838867,338548.875,29176.232421875,0.0357078276574611,19748.099609375,53.25621795654297,52.32107162475586,0.0923065990209579,134.39456176757812
gcn,IEEE39,UK,True,1000,B,2,128,0.001,0.1504213064908981,6128907.0,695.3168334960938,0.0853128582239151,0.1544727683067321,233.07032775878903,3.4932539463043213,17400292.0,6696852.5,85.88712310791016,418399.59375,712.1809692382812,1659.565185546875,2.65409779548645,406.8668212890625
gcn,IEEE118,IEEE24,True,0,B,2,128,0.001,5.197780609130859,15855855.0,1764.9150390625,1.8113375902175903,5.5046000480651855,579.1302490234375,57.074851989746094,15499305.0,19241588.0,7370.43994140625,28675148.0,798.9385375976562,2538.109130859375,37.493160247802734,3685.119140625
gcn,IEEE118,IEEE39,True,0,B,2,128,0.001,6.727490425109863,73498728.0,2944.189453125,0.9479867219924928,5.525383472442627,191.53628540039065,103.46595764160156,7754994.5,126737536.0,2831.931640625,159499520.0,445.7620239257813,5066.33349609375,16.806310653686523,6247.85693359375
gcn,IEEE118,IEEE118,False,0,B,2,128,0.001,0.0079942569136619,367.1948852539063,3.538621664047241,0.0022396272979676,0.0106728542596101,0.2577312886714935,0.0569164343178272,192.90786743164065,1171.180908203125,0.0040217023342847,104.68675994873048,0.549929678440094,6.871669292449951,0.0351038873195648,6.697784900665283
gcn,IEEE118,UK,True,0,B,2,128,0.001,2.9350757598876958,2333473792.0,28405.263671875,0.6739327907562256,3.399071216583252,29436.5390625,382.0317077636719,1085827456.0,3242554880.0,1370022.0,5004143104.0,6112.13232421875,45451.1015625,422.4853515625,61635.34375
gcn,IEEE118,IEEE24,True,100,B,2,128,0.001,14.845977783203123,129351488.0,5020.85986328125,0.7190938591957092,22.284448623657227,99.20901489257812,150.5865020751953,2442781.25,315350240.0,216.29330444335935,199612704.0,317.5434265136719,10165.67578125,5.825785160064697,9594.39453125
gcn,IEEE118,IEEE39,True,100,B,2,128,0.001,22.05706596374512,790076352.0,9220.931640625,0.5620781183242798,22.094219207763672,139.45578002929688,275.5319519042969,2726279.25,2026458368.0,1501.2523193359375,1131119104.0,264.1296081542969,20306.548828125,12.23941707611084,16300.8037109375
gcn,IEEE118,IEEE118,False,100,B,2,128,0.001,0.0078463582322001,353.73394775390625,3.9634292125701904,0.0018183194333687,0.0107331480830907,0.313148558139801,0.0565443634986877,127.15655517578124,1184.4508056640625,0.0059371287934482,103.32254028320312,0.5117744207382202,7.688574314117432,0.044080302119255,7.609286308288574
gcn,IEEE118,UK,True,100,B,2,128,0.001,9.309368133544922,23474950144.0,90413.9140625,0.2742799520492553,14.223278999328612,4959.6474609375,1038.017822265625,179852208.0,56776200192.0,38891.58984375,36943716352.0,2473.402099609375,191503.5,73.05546569824219,167605.65625
gcn,IEEE118,IEEE24,True,300,B,2,128,0.001,2.8387672901153564,4729480.0,1024.25244140625,0.051070537418127,3.4666969776153564,71.76726531982422,35.787132263183594,12321.2373046875,7631698.0,113.18624877929688,11273789.0,14.776442527770996,1617.442626953125,5.255744457244873,2459.53515625
gcn,IEEE118,IEEE39,True,300,B,2,128,0.001,3.9688124656677246,25579662.0,1825.4969482421875,0.5304005742073059,3.216961622238159,111.04214477539062,61.81382751464844,2427643.75,42960772.0,951.8233032226562,56929280.0,249.21331787109372,3034.26318359375,10.13860321044922,4008.373291015625
gcn,IEEE118,IEEE118,False,300,B,2,128,0.001,0.0081395329907536,380.6619567871094,4.352475643157959,0.002031174255535,0.0108876312151551,0.3767304718494415,0.0670258551836013,158.66925048828125,1218.7919921875,0.0085928477346897,145.1781005859375,0.5956239104270935,8.529336929321289,0.0508787781000137,8.234060287475586
gcn,IEEE118,UK,True,300,B,2,128,0.001,1.701151967048645,783881728.0,16427.87890625,0.0638755559921264,2.1179986000061035,4246.16357421875,233.3347930908203,9754318.0,1258978048.0,28506.740234375,1866766080.0,520.22998046875,28138.7890625,61.89386749267578,36990.61328125
gcn,IEEE118,IEEE24,True,700,B,2,128,0.001,21.58047103881836,273322656.0,4760.70458984375,2.111878633499145,41.087100982666016,28.01327133178711,4.854618072509766,21069360.0,1072013888.0,17.245210647583008,207456.109375,929.069091796875,17735.111328125,2.780339241027832,375.8561401367188
gcn,IEEE118,IEEE39,True,700,B,2,128,0.001,29.02147102355957,1367768064.0,8569.369140625,0.5462688207626343,36.291351318359375,32.95933532714844,8.290722846984863,2575074.5,5467472896.0,83.85665130615234,1024116.1875,256.6867980957031,33306.328125,3.447384595870972,711.0189819335938
gcn,IEEE118,IEEE118,False,700,B,2,128,0.001,0.0083671053871512,402.2452392578125,4.75275182723999,0.0015426697209477,0.0113978460431098,0.2523567676544189,0.0749950557947158,91.52596282958984,1335.6983642578125,0.0038557208608835,181.75303649902344,0.61590576171875,8.765425682067871,0.0356009565293788,9.594074249267578
gcn,IEEE118,UK,True,700,B,2,128,0.001,12.732192039489746,43910733824.0,83572.0625,0.7022333145141602,24.929780960083008,798.3719482421875,34.57355117797852,1178936448.0,174423015424.0,1007.7774047851562,40984436.0,6337.333984375,322492.78125,10.443678855895996,5447.6943359375
gcn,IEEE118,IEEE24,True,1000,B,2,128,0.001,2.4703409671783447,3581522.0,810.0778198242188,0.155158519744873,2.344443082809448,39.11363983154297,34.900325775146484,113727.28125,3490348.0,33.619972229003906,10721981.0,64.19209289550781,1053.170654296875,3.0581159591674805,2119.890380859375
gcn,IEEE118,IEEE39,True,1000,B,2,128,0.001,3.3011341094970703,17697014.0,1385.4967041015625,0.64182049036026,2.0223090648651123,61.64081954956055,58.07771301269531,3554709.75,16977566.0,293.3036193847656,50255480.0,301.66766357421875,1845.6048583984373,8.263774871826172,3386.45068359375
gcn,IEEE118,IEEE118,False,1000,B,2,128,0.001,0.0088202431797981,446.9939270019531,5.124407768249512,0.0017605330795049,0.0118934800848364,0.829051673412323,0.0814413875341415,119.20288848876952,1454.3895263671875,0.0416139364242553,214.3417205810547,0.4307723045349121,9.52957820892334,0.1328531950712204,10.404427528381348
gcn,IEEE118,UK,True,1000,B,2,128,0.001,1.7033644914627075,785922176.0,15377.6357421875,0.0960703268647193,2.152818441390991,1008.1840209960938,230.45098876953125,22065112.0,1300713472.0,1607.0660400390625,1820908416.0,824.9602661132812,24838.541015625,14.578471183776855,35832.45703125
gcn,UK,IEEE24,True,0,B,2,128,0.001,3.1537740230560303,5837339.5,326.3602294921875,2.096243381500244,2.0197536945343018,16.11957359313965,0.1830237209796905,20758542.0,2590516.0,5.710155487060547,294.8701477050781,929.3516845703124,361.2122192382813,0.9788728952407836,13.898059844970703
gcn,UK,IEEE39,True,0,B,2,128,0.001,1.0656968355178833,1844339.75,200.31375122070312,0.6406497955322266,0.9606563448905944,71.51615142822266,0.5292037725448608,3541753.5,3831038.0,394.8106994628906,4172.6337890625,300.5082397460937,445.27239990234375,6.524200439453125,48.95024871826172
gcn,UK,IEEE118,True,0,B,2,128,0.001,0.4016424119472503,926871.75,100.5928192138672,0.3017670512199402,0.1375626921653747,3.815382480621338,0.5757567286491394,3502209.25,194564.734375,0.8813567757606506,10712.58984375,172.190673828125,131.51437377929688,0.5762380957603455,98.08995819091795
gcn,UK,UK,False,0,B,2,128,0.001,0.0093209585174918,23533.443359375,25.88827896118164,0.0041260002180933,0.0137746296823024,17.275453567504883,0.0730964764952659,40699.21484375,53250.875,0.4718598127365112,183.1993103027344,20.315637588500977,73.74481964111328,0.1527337580919265,9.33992862701416
gcn,UK,IEEE24,True,100,B,2,128,0.001,3.408238172531128,6817319.5,359.0354309082031,2.2382922172546387,2.381457090377808,7.386354446411133,0.2689107060432434,23667210.0,3601429.25,1.198950171470642,636.549560546875,992.4277954101562,426.97705078125,0.5197681188583374,16.217056274414062
gcn,UK,IEEE39,True,100,B,2,128,0.001,1.172798991203308,2233679.25,241.02474975585935,0.7814614772796631,0.9254937767982484,93.72484588623048,2.6991257667541504,5269775.0,3555718.5,678.0943603515625,108545.2109375,367.1099243164063,456.37054443359375,7.740274429321289,132.8782958984375
gcn,UK,IEEE118,True,100,B,2,128,0.001,0.3851208090782165,852186.1875,94.48942565917967,0.2884829342365265,0.1385869234800338,4.840259552001953,0.5731979012489319,3200653.25,197472.828125,1.4184463024139404,10617.580078125,164.62193298339844,115.47686767578124,0.5651601552963257,97.29376220703124
gcn,UK,UK,False,100,B,2,128,0.001,0.0089897802099585,21890.83984375,25.685134887695312,0.0038599262479692,0.0135712856426835,26.640567779541016,0.0858403742313385,35619.31640625,51690.2734375,1.122124433517456,252.64698791503903,16.327510833740234,75.38338470458984,0.3113026022911072,10.718331336975098
gcn,UK,IEEE24,True,300,B,2,128,0.001,0.5596981644630432,183849.125,84.92701721191406,0.2295274883508682,0.8742139339447021,89.95973205566406,0.3414740562438965,248875.890625,485316.28125,177.84315490722656,1026.43505859375,98.74622344970705,215.4183654785156,3.8454647064208975,21.697998046875
gcn,UK,IEEE39,True,300,B,2,128,0.001,0.1323407739400863,28442.052734375,47.82882690429688,0.0725374594330787,0.1224081367254257,133.1678924560547,0.5671799182891846,45404.79296875,62201.50390625,1368.9251708984375,4792.98583984375,32.53056716918945,83.33897399902344,20.95848274230957,54.48727416992188
gcn,UK,IEEE118,True,300,B,2,128,0.001,0.1134979873895645,74014.5,62.242584228515625,0.0717091783881187,0.0918346643447876,14.820640563964844,0.598328709602356,197764.3125,86711.3828125,13.298712730407717,11569.0078125,40.59320831298828,105.29295349121094,1.7076314687728882,101.37653350830078
gcn,UK,UK,False,300,B,2,128,0.001,0.0140668377280235,53599.07421875,31.84638786315918,0.0077227111905813,0.0159793272614479,24.991153717041016,0.0664349272847175,142582.796875,71661.1640625,0.9874762296676636,151.32960510253906,34.300025939941406,83.99300384521484,0.2099324166774749,8.882583618164062
gcn,UK,IEEE24,True,700,B,2,128,0.001,3.056637048721313,5483295.0,329.250244140625,2.023604154586792,2.0188183784484863,5.707761764526367,0.1690387725830078,19344812.0,2588117.0,0.7159333229064941,251.52940368652344,896.6181030273438,407.5211486816406,0.5915345549583435,12.270143508911133
gcn,UK,IEEE39,True,700,B,2,128,0.001,1.17780601978302,2252792.0,228.1820526123047,0.8027580380439758,0.9076526165008544,144.52157592773438,1.387731432914734,5560915.5,3419949.5,1612.30078125,28692.95703125,377.218017578125,451.6046142578125,10.501838684082031,73.40365600585938
gcn,UK,IEEE118,True,700,B,2,128,0.001,0.1947993487119674,218029.640625,83.98230743408203,0.1392996609210968,0.1056832447648048,3.58172345161438,0.5836475491523743,746274.375,114835.21875,0.7767114639282227,11008.234375,79.44718933105469,156.93214416503906,0.4530651569366455,99.0967788696289
gcn,UK,UK,False,700,B,2,128,0.001,0.0083655314520001,18956.205078125,27.7022647857666,0.0029218583367764,0.0140019506216049,22.482669830322266,0.1067785918712616,20410.134765625,55022.9609375,0.7991895079612732,390.9302673339844,10.030969619750977,86.81004333496094,0.2568283975124359,13.711220741271973
gcn,UK,IEEE24,True,1000,B,2,128,0.001,3.239577293395996,6159287.5,360.49755859375,2.128784418106079,2.2548556327819824,8.239947319030762,0.2183459401130676,21408034.0,3228693.75,1.4920719861984253,419.6684265136719,943.041015625,484.0535888671875,0.5335167646408081,14.361993789672852
gcn,UK,IEEE39,True,1000,B,2,128,0.001,1.2127296924591064,2388370.25,226.26524353027344,0.913589894771576,0.7508537173271179,14.366458892822266,0.8443632125854492,7202438.0,2340405.0,15.932361602783203,10622.408203125,429.3775634765625,411.2053527832031,1.8891923427581787,62.588863372802734
gcn,UK,IEEE118,True,1000,B,2,128,0.001,0.2891056537628174,480234.8125,159.38943481445312,0.1521876752376556,0.3143292665481567,2.669943332672119,0.6658902764320374,890753.0625,1015856.625,0.4315982460975647,14329.1943359375,86.82000732421875,436.529052734375,0.3385534584522247,113.87014770507812
gcn,UK,UK,False,1000,B,2,128,0.001,0.008261932991445,18489.603515625,30.180078506469727,0.0028281391132622,0.0139381308108568,14.79804515838623,0.0956564471125602,19121.814453125,54522.51953125,0.3462284803390503,313.7324523925781,20.71638298034668,87.52762603759766,0.140310525894165,12.336002349853516
gat,IEEE24,IEEE24,False,0,B,2,128,0.001,0.0132698621600866,103.34432983398438,2.734695672988892,0.0019343569874763,0.024153783917427,1.144723892211914,0.0535012334585189,17.676109313964844,370.4757080078125,0.0287966784089803,25.19669914245605,0.5601982474327087,6.810872554779053,0.0866803377866745,3.48103141784668
gat,IEEE24,IEEE39,True,0,B,2,128,0.001,0.132839486002922,28656.818359375,35.773826599121094,0.0887023285031318,0.1039167195558548,14.264193534851074,0.3558758199214935,67896.4375,44828.1875,15.706344604492188,1886.954345703125,40.01276016235352,66.33821105957031,2.153644561767578,34.59069061279297
gat,IEEE24,IEEE118,True,0,B,2,128,0.001,0.1023106649518013,60142.61328125,48.57432174682617,0.0693956390023231,0.0664555355906486,2.303694725036621,0.5549855828285217,185209.296875,45407.25,0.3213108777999878,9953.5908203125,39.1933708190918,60.77522277832031,0.3538842499256134,93.9748077392578
gat,IEEE24,UK,True,0,B,2,128,0.001,0.1502300202846527,6113328.5,637.4446411132812,0.0898099616169929,0.1292942017316818,279.983154296875,3.735567331314087,19283090.0,4691642.5,123.94180297851562,478458.3125,752.512939453125,1276.717529296875,3.698078155517578,516.8499755859375
gat,IEEE24,IEEE24,False,100,B,2,128,0.001,0.0170217994600534,170.04531860351562,2.679273843765259,0.0073732240125536,0.0251824334263801,1.4279885292053225,0.0483917780220508,256.8196716308594,402.702880859375,0.0448115840554237,20.61385726928711,1.04164719581604,6.799590110778809,0.1308646947145462,2.7449939250946045
gat,IEEE24,IEEE39,True,100,B,2,128,0.001,0.135115161538124,29647.0703125,37.39996719360352,0.0894282162189483,0.1071965470910072,10.328693389892578,0.3538202941417694,69012.2421875,47702.58984375,8.235147476196289,1865.21923828125,40.39409637451172,72.54804229736328,1.5878924131393433,35.06983947753906
gat,IEEE24,IEEE118,True,100,B,2,128,0.001,0.1031001359224319,61074.359375,50.35565185546875,0.0699270665645599,0.0663699358701706,4.733866691589356,0.5820745229721069,188056.78125,45290.34375,1.3567743301391602,10948.9765625,39.49502182006836,63.88227844238281,0.5504040122032166,97.4948959350586
gat,IEEE24,UK,True,100,B,2,128,0.001,0.1551501899957656,6520320.5,640.2184448242188,0.0900282338261604,0.1500221937894821,144.62640380859375,3.3630659580230717,19376934.0,6316519.5,33.071144104003906,387794.5,753.7780151367188,1371.473876953125,1.884076833724976,433.7377624511719
gat,IEEE24,IEEE24,False,300,B,2,128,0.001,0.013284252025187,103.5685806274414,2.345526933670044,0.0018606673693284,0.0244350787252187,1.1582884788513184,0.0461334288120269,16.355012893676758,379.1550903320313,0.0294831823557615,18.7347354888916,0.4562221169471741,6.4025726318359375,0.0966921374201774,2.426621437072754
gat,IEEE24,IEEE39,True,300,B,2,128,0.001,0.1378130316734314,30842.830078125,40.028053283691406,0.0892129018902778,0.1124094575643539,12.772504806518556,0.386309415102005,68680.3203125,52454.90234375,12.59310531616211,2223.4892578125,40.35501480102539,77.96849060058594,2.285778284072876,39.5029182434082
gat,IEEE24,IEEE118,True,300,B,2,128,0.001,0.1027928069233894,60710.796875,49.0766487121582,0.0696027353405952,0.067277617752552,2.9906492233276367,0.555961549282074,186316.40625,46537.609375,0.5415101051330566,9988.6298828125,39.31338882446289,62.97270202636719,0.4455667734146118,93.57494354248048
gat,IEEE24,UK,True,300,B,2,128,0.001,0.1547409147024154,6485966.0,648.096435546875,0.0899392589926719,0.1499028801918029,351.9906311035156,2.950782060623169,19338652.0,6306476.5,195.89178466796875,298541.84375,752.8837280273438,1431.5738525390625,4.454023361206055,403.4743041992188
gat,IEEE24,IEEE24,False,700,B,2,128,0.001,0.0159076713025569,148.5138702392578,2.964032888412476,0.0050911735743284,0.0266280137002468,1.365062952041626,0.0491946823894977,122.44730377197266,450.2637023925781,0.040949273854494,21.303571701049805,0.8741145730018616,7.7503132820129395,0.104540504515171,3.1271631717681885
gat,IEEE24,IEEE39,True,700,B,2,128,0.001,0.1351847052574157,29677.59375,40.32799911499024,0.0888127610087394,0.1067590191960334,9.947136878967283,0.4722720682621002,68065.6015625,47313.984375,7.637951374053955,3323.14208984375,40.06176376342773,68.64745330810547,1.6739916801452637,50.92880630493164
gat,IEEE24,IEEE118,True,700,B,2,128,0.001,0.1026643514633178,60559.16015625,49.17716979980469,0.0694336742162704,0.0675506293773651,2.0372445583343506,0.5537107586860657,185412.359375,46916.0625,0.2512823045253753,9907.916015625,39.217716217041016,63.84496307373047,0.3296439349651336,93.31635284423828
gat,IEEE24,UK,True,700,B,2,128,0.001,0.149561733007431,6059060.5,609.6340942382812,0.0894871279597282,0.1301762908697128,416.93267822265625,3.127568483352661,19144704.0,4755877.0,274.8437805175781,335385.78125,747.5518798828125,1263.740478515625,5.647695541381836,421.5962219238281
gat,IEEE24,IEEE24,False,1000,B,2,128,0.001,0.0156018109992146,142.8577423095703,2.5477664470672607,0.0051401634700596,0.0258784033358097,0.9166759848594666,0.0492226146161556,124.8151397705078,425.2696228027344,0.0184659902006387,21.327768325805664,0.7821840047836304,6.655412673950195,0.0673588439822197,2.6861119270324707
gat,IEEE24,IEEE39,True,1000,B,2,128,0.001,0.140898510813713,32239.359375,43.317344665527344,0.0843140557408332,0.1249808445572853,20.08784294128418,0.428680419921875,61344.68359375,64843.6171875,31.14922523498535,2737.9892578125,37.77033233642578,93.13977813720705,2.856041193008423,39.50321578979492
gat,IEEE24,IEEE118,True,1000,B,2,128,0.001,0.1090234741568565,68293.6796875,49.100921630859375,0.0761541500687599,0.062928095459938,3.7611377239227295,0.5398380756378174,223041.453125,40714.7734375,0.8564738631248474,9417.669921875,43.12947082519531,62.39067840576172,0.5808238387107849,90.30271911621094
gat,IEEE24,UK,True,1000,B,2,128,0.001,0.1452144235372543,5711942.5,548.2848510742188,0.0897819399833679,0.1061373427510261,416.9366455078125,3.4784486293792725,19271058.0,3161573.5,274.8490295410156,414860.53125,752.0834350585938,937.9617919921876,6.123445510864258,496.97076416015625
gat,IEEE39,IEEE24,True,0,B,2,128,0.001,0.1635157763957977,15691.8134765625,33.42188262939453,0.1009199768304824,0.1436275839805603,6.255329132080078,0.4200260639190674,48113.5859375,13099.8125,0.8598865866661072,1552.989501953125,42.78156280517578,58.81260299682617,0.5669296383857727,31.526451110839844
gat,IEEE39,IEEE39,False,0,B,2,128,0.001,0.0223039481788873,807.86181640625,4.67392635345459,0.0103620924055576,0.0232545919716358,0.9910401105880736,0.0634117126464843,926.5564575195312,2244.904296875,0.0758164003491401,59.91056442260742,1.8717314004898071,11.638333320617676,0.1609409898519516,5.024699687957764
gat,IEEE39,IEEE118,True,0,B,2,128,0.001,0.1030496880412101,61014.60546875,52.2495002746582,0.0691875517368316,0.0682530254125595,2.819659471511841,0.6109166741371155,184100.234375,47896.8125,0.4813588261604309,12060.9189453125,39.07393646240234,64.49189758300781,0.4438830316066742,104.98828125
gat,IEEE39,UK,True,0,B,2,128,0.001,0.1519034206867218,6250279.0,586.85693359375,0.0909181386232376,0.1321202367544174,279.6977233886719,3.1495585441589355,19761898.0,4898978.0,123.6892547607422,340118.5625,766.8031005859375,1160.0421142578125,3.78875470161438,416.7936706542969
gat,IEEE39,IEEE24,True,100,B,2,128,0.001,0.1659193783998489,16156.5283203125,32.98588562011719,0.0998618602752685,0.1607073992490768,4.459139347076416,0.3559101521968841,47109.96484375,16400.65234375,0.4369612634181976,1115.056396484375,41.82661437988281,63.34502029418945,0.4230983257293701,26.34880828857422
gat,IEEE39,IEEE39,False,100,B,2,128,0.001,0.022400414571166,814.8650512695312,4.850722312927246,0.0102016255259513,0.0235100835561752,1.0798131227493286,0.0669513717293739,898.0813598632812,2294.503173828125,0.0900073274970054,66.78569030761719,2.0014631748199463,12.033317565917969,0.1906827539205551,5.177427768707275
gat,IEEE39,IEEE118,True,100,B,2,128,0.001,0.1061057224869728,64687.1640625,51.41914749145508,0.0708702802658081,0.0737509876489639,2.8832695484161377,0.5467363595962524,193164.234375,55924.0390625,0.503322184085846,9659.892578125,40.20353698730469,72.72750854492188,0.3609419167041778,92.38460540771484
gat,IEEE39,UK,True,100,B,2,128,0.001,0.159195601940155,6864777.5,674.150390625,0.0900250598788261,0.1664104461669922,115.67796325683594,3.0146477222442627,19375568.0,7771915.5,21.157058715820312,311604.75,754.4754028320312,1567.90966796875,1.6268339157104492,372.5898132324219
gat,IEEE39,IEEE24,True,300,B,2,128,0.001,0.4771078526973724,133594.0,71.12081909179688,0.0999653115868568,0.8750097751617432,4.86949348449707,0.3315326869487762,47207.62109375,486200.3125,0.5210848450660706,967.5396118164062,42.36715316772461,217.5631103515625,0.4225516617298126,24.13047218322754
gat,IEEE39,IEEE39,False,300,B,2,128,0.001,0.0222032256424427,800.5818481445312,4.76828145980835,0.0101839341223239,0.0232889056205749,1.1197121143341064,0.0611581169068813,894.9692993164062,2251.533935546875,0.0967817306518554,55.7278938293457,1.955837368965149,12.076650619506836,0.1907366067171096,4.849900722503662
gat,IEEE39,IEEE118,True,300,B,2,128,0.001,0.1070054396986961,65788.84375,56.32291793823242,0.0736698061227798,0.0612649656832218,3.2227296829223637,0.7000523209571838,208726.46875,38591.10546875,0.6288156509399414,15837.1630859375,41.79982376098633,62.4090461730957,0.4547887146472931,120.62800598144533
gat,IEEE39,UK,True,300,B,2,128,0.001,0.2347742766141891,14930190.0,1190.9493408203125,0.0905926600098609,0.3736122846603393,276.58038330078125,5.193928718566895,19620660.0,39175016.0,120.94747924804688,924959.9375,758.685791015625,3283.127685546875,2.870483636856079,719.1136474609375
gat,IEEE39,IEEE24,True,700,B,2,128,0.001,0.173639178276062,17694.9453125,36.8153190612793,0.100519523024559,0.1847905367612838,4.532345294952393,0.3934025168418884,47732.5078125,21684.470703125,0.4514262974262237,1362.3551025390625,42.619998931884766,74.12506866455078,0.4449560940265655,30.07126235961914
gat,IEEE39,IEEE39,False,700,B,2,128,0.001,0.0222709625959396,805.4741821289062,4.814310550689697,0.0104464031755924,0.023089725524187,0.703138530254364,0.0670470669865608,941.6956176757812,2213.18603515625,0.0381647497415542,66.97673034667969,1.8847030401229856,12.017144203186035,0.1209793090820312,5.2344160079956055
gat,IEEE39,IEEE118,True,700,B,2,128,0.001,0.1033381596207618,61356.69140625,52.87516403198242,0.0695837065577507,0.0666937604546547,1.807688593864441,0.645826518535614,186214.53125,45733.37109375,0.1978439688682556,13478.7021484375,39.30046844482422,60.882843017578125,0.2358664870262146,111.08145904541016
gat,IEEE39,UK,True,700,B,2,128,0.001,0.1636991053819656,7258669.0,718.407958984375,0.0904778614640235,0.1795132309198379,173.9961700439453,3.498617887496948,19570962.0,9043984.0,47.86669158935547,419685.4375,759.73876953125,1680.6043701171875,1.8992148637771609,431.3894348144531
gat,IEEE39,IEEE24,True,1000,B,2,128,0.001,0.1641062349081039,15805.3447265625,32.24468994140625,0.1008058860898017,0.1493865102529525,5.889856815338135,0.3444468080997467,48004.859375,14171.3818359375,0.7623428702354431,1044.3843994140625,42.74007797241211,59.94831466674805,0.4961603879928589,25.79421806335449
gat,IEEE39,IEEE39,False,1000,B,2,128,0.001,0.0224895738065242,821.36474609375,5.029837131500244,0.0103385187685489,0.0235463213175535,0.8112342953681946,0.0642371401190757,922.345458984375,2301.582275390625,0.0508011169731617,61.48042297363281,2.287855625152588,12.625426292419434,0.1379954218864441,5.0680694580078125
gat,IEEE39,IEEE118,True,1000,B,2,128,0.001,0.1030618399381637,61029.0078125,51.98984146118164,0.0694167762994766,0.0674336925148963,5.7711710929870605,0.6103384494781494,185322.125,46753.7734375,2.016524314880371,12038.0966796875,39.20365524291992,63.58620071411133,0.784051239490509,104.3854522705078
gat,IEEE39,UK,True,1000,B,2,128,0.001,0.1674347817897796,7593739.0,748.2932739257812,0.0909940525889396,0.1860584318637848,189.473876953125,5.021243095397949,19794912.0,9715510.0,56.761348724365234,864477.0625,768.3616943359375,1592.3228759765625,2.755791664123535,629.7327270507812
gat,IEEE118,IEEE24,True,0,B,2,128,0.001,0.9719502925872804,554423.8125,218.0927581787109,0.1464542299509048,1.7367959022521973,26.4030704498291,4.776503086090088,101325.15625,1915521.25,15.31968116760254,200833.515625,57.39056015014648,548.9933471679688,1.734959363937378,264.2520751953125
gat,IEEE118,IEEE39,True,0,B,2,128,0.001,2.0040671825408936,6522261.5,587.8793334960938,0.1456780582666397,2.4805076122283936,41.737403869628906,4.938587665557861,183132.4375,25542390.0,134.47190856933594,363387.46875,67.61763000488281,1921.2974853515625,6.9467620849609375,355.65557861328125
gat,IEEE118,IEEE118,False,0,B,2,128,0.001,0.009120624512434,477.9578857421875,2.296505212783813,0.0057991901412606,0.0074147395789623,0.2717695534229278,0.0405578985810279,1293.40087890625,565.2682495117188,0.004471746739,53.157840728759766,0.716380774974823,3.872141122817993,0.0391192696988582,4.558380126953125
gat,IEEE118,UK,True,0,B,2,128,0.001,1.331348180770874,480117600.0,7101.224609375,0.1417433321475982,2.5677971839904785,761.4230346679688,25.296463012695312,48032244.0,1850496512.0,916.6554565429688,21940700.0,1194.9390869140625,23920.287109375,9.81712818145752,3279.854736328125
gat,IEEE118,IEEE24,True,100,B,2,128,0.001,0.267640084028244,42039.3671875,90.99109649658205,0.1028613224625587,0.3508683145046234,14.62541675567627,2.131507873535156,49982.4609375,78176.7578125,4.700643539428711,39993.546875,43.74358367919922,137.21023559570312,1.2947041988372805,181.71583557128903
gat,IEEE118,IEEE39,True,100,B,2,128,0.001,0.1799600422382354,52592.73828125,101.12073516845705,0.0893880873918533,0.1068671643733978,20.86836814880371,2.5114755630493164,68950.3203125,47409.88671875,33.61689758300781,93977.15625,40.37643814086914,70.9754638671875,4.308256149291992,288.82281494140625
gat,IEEE118,IEEE118,False,100,B,2,128,0.001,0.0156411379575729,1405.6500244140625,5.783650875091553,0.0087953759357333,0.015130640938878,1.079225778579712,0.0953084379434585,2975.138916015625,2353.8427734375,0.0705180466175079,293.5479736328125,1.369431495666504,9.677170753479004,0.15802101790905,11.929977416992188
gat,IEEE118,UK,True,100,B,2,128,0.001,0.3731291890144348,37712276.0,1743.587646484375,0.1264823675155639,0.6088538765907288,473.4653625488281,15.804535865783691,38246132.0,104038256.0,354.42999267578125,8564351.0,1029.1717529296875,3901.45751953125,5.134988784790039,2038.5860595703125
gat,IEEE118,IEEE24,True,300,B,2,128,0.001,1.1062334775924685,718203.3125,355.4764709472656,0.080617755651474,1.9435619115829468,24.31683158874512,7.096775531768799,30702.576171875,2398756.25,12.99435806274414,443341.34375,33.603755950927734,884.4763793945312,2.06897234916687,501.75677490234375
gat,IEEE118,IEEE39,True,300,B,2,128,0.001,0.6831743121147156,757943.125,364.0361022949219,0.0903837606310844,0.6717701554298401,16.649320602416992,8.544981956481934,70494.9140625,1873362.125,21.398021697998047,1087894.375,40.83940887451172,611.3284912109375,3.2703800201416016,800.7061157226562
gat,IEEE118,IEEE118,False,300,B,2,128,0.001,0.0075981505215168,331.708251953125,2.546339511871338,0.0043270457535982,0.0073883053846657,0.3049723207950592,0.037523578852415,720.0809936523438,561.2450561523438,0.005631142295897,45.50141525268555,0.6269227266311646,5.293337345123291,0.0410139709711074,4.22408390045166
gat,IEEE118,UK,True,300,B,2,128,0.001,1.0601269006729126,304424832.0,7724.7861328125,0.1961843371391296,1.9790011644363403,1092.44921875,27.81537628173828,92014496.0,1099155200.0,1886.9334716796875,26527776.0,1431.5062255859375,25340.408203125,16.04960060119629,4111.17529296875
gat,IEEE118,IEEE24,True,700,B,2,128,0.001,1.534557223320007,1382038.0,537.02685546875,0.06249376013875,2.239788293838501,100.5733871459961,16.24764633178711,18449.58984375,3185688.75,222.28338623046875,2323790.5,24.21400451660156,848.1793212890625,8.660552024841309,1267.0535888671875
gat,IEEE118,IEEE39,True,700,B,2,128,0.001,1.0881317853927612,1922811.125,627.3633422851562,0.0907522216439247,0.9520055055618286,64.40255737304688,16.090551376342773,71070.8515625,3762350.75,320.174560546875,3857502.5,40.91802215576172,834.1734619140625,12.310206413269045,1622.051513671875
gat,IEEE118,IEEE118,False,700,B,2,128,0.001,0.0109752118587493,692.095947265625,4.078415393829346,0.004696138203144,0.0133573999628424,0.6539632678031921,0.0515089035034179,848.1646728515625,1834.453369140625,0.0258929952979087,85.73950958251953,1.1004198789596558,9.025415420532228,0.0916909873485565,6.096132755279541
gat,IEEE118,UK,True,700,B,2,128,0.001,1.1141034364700315,336213632.0,10302.30859375,0.0865355506539344,1.1965922117233276,3569.6435546875,164.25765991210938,17902624.0,401845600.0,20146.69140625,925086080.0,725.2615356445312,14266.7197265625,53.09701919555664,26164.158203125
gat,IEEE118,IEEE24,True,1000,B,2,128,0.001,0.6398714184761047,240291.953125,201.69659423828125,0.0455317273736,0.9332799315452576,30.58683013916016,6.726128101348877,9793.583984375,553112.1875,20.55936813354492,398241.375,15.46510887145996,385.0695190429688,2.4131979942321777,403.8385314941406
gat,IEEE118,IEEE39,True,1000,B,2,128,0.001,0.5598686933517456,509033.0,254.41891479492188,0.0909694656729698,0.602774977684021,27.06478309631348,5.534372329711914,71411.515625,1508310.625,56.54441833496094,456353.3125,41.15095520019531,527.9793090820312,5.0955424308776855,443.4498901367188
gat,IEEE118,IEEE118,False,1000,B,2,128,0.001,0.0099952053278684,574.0159301757812,4.296946048736572,0.0045475326478481,0.0114114535972476,0.6317964196205139,0.0707621127367019,795.3350219726562,1338.8895263671875,0.0241673998534679,161.81471252441406,1.1345475912094116,7.362110614776611,0.0925297737121582,8.59859561920166
gat,IEEE118,UK,True,1000,B,2,128,0.001,1.2194039821624756,402772288.0,8217.703125,0.1427458375692367,2.335732936859131,1834.175537109375,30.182842254638672,48714072.0,1531134080.0,5319.072265625,31235700.0,1112.0867919921875,27054.345703125,25.02013397216797,4679.3583984375
gat,UK,IEEE24,True,0,B,2,128,0.001,0.2350744605064392,32431.326171875,42.955848693847656,0.1323432475328445,0.2704685628414154,64.30977630615234,0.22360560297966,82740.296875,46453.9921875,90.88553619384766,440.1304626464844,55.62607955932617,94.74813079833984,4.40738582611084,17.041784286499023
gat,UK,IEEE39,True,0,B,2,128,0.001,0.1289893090724945,27019.73046875,39.52060317993164,0.0878236964344978,0.0973002687096595,37.80412292480469,0.3762470185756683,66558.0234375,39301.43359375,110.32121276855467,2109.165283203125,39.39697265625,74.42546844482422,6.202397346496582,38.05759048461914
gat,UK,IEEE118,True,0,B,2,128,0.001,0.1036399006843566,61715.53125,53.49549102783203,0.0696994215250015,0.0694011077284812,10.965492248535156,0.569981575012207,186834.375,49521.703125,7.280007839202881,10498.759765625,39.37070083618164,76.44673919677734,1.5840269327163696,96.58049774169922
gat,UK,UK,False,0,B,2,128,0.001,0.0061562429182231,10265.8701171875,17.820362091064453,0.0014779573539271,0.0112816607579588,62.646034240722656,0.0579083710908889,5222.17529296875,35720.12109375,6.204991340637207,114.97771453857422,5.559075355529785,57.451416015625,0.6332566142082214,7.637696743011475
gat,UK,IEEE24,True,100,B,2,128,0.001,0.166523277759552,16274.3515625,29.410240173339844,0.1012506410479545,0.1602122336626052,7.042035102844238,0.2042367458343505,48429.390625,16299.7431640625,1.0897759199142456,367.18408203125,42.9137077331543,58.80710983276367,0.6434299945831299,15.276724815368652
gat,UK,IEEE39,True,100,B,2,128,0.001,0.1267694383859634,26097.7265625,37.17538833618164,0.0797137916088104,0.1062030047178268,5.732389450073242,0.4282660484313965,54833.24609375,46822.4296875,2.536600351333618,2732.698486328125,35.438804626464844,65.26370239257812,1.0118193626403809,46.98722076416016
gat,UK,IEEE118,True,100,B,2,128,0.001,0.105155810713768,63534.125,48.87760543823242,0.0719111040234565,0.066392958164215,3.420062065124512,0.5544500350952148,198879.625,45321.76953125,0.7081798911094666,9934.3916015625,40.60609436035156,60.300724029541016,0.5868929028511047,94.01671600341795
gat,UK,UK,False,100,B,2,128,0.001,0.0101840440183877,28093.43359375,20.44180679321289,0.0054542804136872,0.0121068218722939,24.499170303344727,0.0577938295900821,71121.7734375,41136.484375,0.9489793181419371,114.52330017089844,15.87977123260498,58.20643997192383,0.2692672610282898,7.41175651550293
gat,UK,IEEE24,True,300,B,2,128,0.001,0.182872012257576,19626.748046875,34.57573699951172,0.1078147962689399,0.1909039169549942,29.23377227783203,0.2217587232589721,54912.3671875,23142.96875,18.7806453704834,432.8899536132813,45.81769561767578,73.12516021728516,2.343624353408813,17.016462326049805
gat,UK,IEEE39,True,300,B,2,128,0.001,0.1382855623960495,31054.69140625,45.08005142211914,0.0888406261801719,0.1127632334828376,32.38334274291992,0.4666069149971008,68108.328125,52785.58984375,80.95133209228516,3243.89501953125,40.08970642089844,81.04146575927734,6.524958610534668,52.66407775878906
gat,UK,IEEE118,True,300,B,2,128,0.001,0.1020943373441696,59888.5546875,48.101863861083984,0.0695303231477737,0.0656421557068824,9.114523887634276,0.5369667410850525,185928.921875,44302.52734375,5.029717445373535,9317.7529296875,39.27204513549805,60.97106552124024,1.506818413734436,90.65750885009766
gat,UK,UK,False,300,B,2,128,0.001,0.0785741508007049,1672336.625,139.3420867919922,0.0517176799476146,0.0323630720376968,99.5650863647461,0.1619374006986618,6394486.5,293945.1875,15.673580169677734,899.1356811523438,352.81414794921875,182.38726806640625,1.2099796533584597,20.956871032714844
gat,UK,IEEE24,True,700,B,2,128,0.001,0.15321084856987,13776.306640625,26.866891860961918,0.098114438354969,0.1207489967346191,18.53805923461914,0.2031095474958419,45475.6875,9258.837890625,7.552128791809082,363.1422729492188,41.47746276855469,49.22657775878906,1.625951886177063,15.13757610321045
gat,UK,IEEE39,True,700,B,2,128,0.001,0.1373898535966873,30653.701171875,42.166160583496094,0.0898632779717445,0.1092860326170921,19.234601974487305,0.472086638212204,69685.3515625,49580.359375,28.559267044067383,3320.533447265625,40.615013122558594,72.23136138916016,3.144192934036255,52.674095153808594
gat,UK,IEEE118,True,700,B,2,128,0.001,0.1053960248827934,63824.7265625,48.91498565673828,0.0722657889127731,0.0659916773438453,5.844162940979004,0.5471621751785278,200846.3125,44775.5703125,2.067855834960937,9674.9443359375,40.9488410949707,61.19932174682617,0.8102803230285645,92.70150756835938
gat,UK,UK,False,700,B,2,128,0.001,0.045225441455841,554025.6875,56.482872009277344,0.0289070773869752,0.0278747696429491,65.14016723632812,0.0939719676971435,1997726.25,218066.734375,6.708907127380371,302.7802734375,110.55008697509766,102.19795989990234,0.8196973204612732,12.363757133483888
gat,UK,IEEE24,True,1000,B,2,128,0.001,0.1586966961622238,14780.5146484375,28.58795928955078,0.1017799600958824,0.1238027364015579,38.41970443725586,0.2182958722114563,48937.07421875,9733.0712890625,32.4376106262207,419.47601318359375,43.182987213134766,51.98539733886719,2.436271905899048,16.747182846069336
gat,UK,IEEE39,True,1000,B,2,128,0.001,0.1302025020122528,27530.384765625,39.03506851196289,0.0859815180301666,0.1023339703679084,24.308517456054688,0.4341129064559936,63795.07421875,43473.0390625,45.61394119262695,2807.8232421875,38.972267150878906,65.29861450195312,3.663660764694214,48.20573806762695
gat,UK,IEEE118,True,1000,B,2,128,0.001,0.101960189640522,59731.27734375,48.55828475952149,0.0697945803403854,0.0637336671352386,4.706940650939941,0.5511086583137512,187344.875,41763.85546875,1.341383934020996,9815.0126953125,39.46148300170898,60.86154174804688,0.5045286417007446,93.40559387207033
gat,UK,UK,False,1000,B,2,128,0.001,0.0067144394852221,12211.9169921875,20.77564239501953,0.0017941509140655,0.0120841432362794,40.81032943725586,0.0697629749774932,7695.654296875,40982.51171875,2.633263111114502,166.8710174560547,6.201116561889648,68.35368347167969,0.4574282765388489,8.090331077575684
gin,IEEE24,IEEE24,False,0,B,3,128,0.001,0.0091406740248203,49.035457611083984,1.8013818264007568,0.0025430882815271,0.0154288066551089,0.6517819762229919,0.0404665172100067,30.551767349243164,151.1659698486328,0.009335670620203,14.414770126342772,1.0280983448028564,3.977123975753784,0.0459897443652153,2.154315233230591
gin,IEEE24,IEEE39,True,0,B,3,128,0.001,0.1372322887182235,30583.43359375,39.051395416259766,0.0891128480434417,0.1116336435079574,2.4131150245666504,0.3730617165565491,68526.3515625,51733.33984375,0.4495072066783905,2073.603515625,40.21309280395508,76.2186279296875,0.4350162148475647,39.338809967041016
gin,IEEE24,IEEE118,True,0,B,3,128,0.001,0.1043742671608924,62593.2265625,59.33930587768555,0.0691468939185142,0.072644867002964,6.350552558898926,0.6151183247566223,183883.9375,54259.11328125,2.4417355060577397,12227.388671875,39.04656219482422,92.37232208251952,0.7077997326850891,105.23053741455078
gin,IEEE24,UK,True,0,B,3,128,0.001,0.1852089464664459,9291551.0,1126.0438232421875,0.0911792814731597,0.2322891503572464,1606.6741943359375,7.905968189239502,19875582.0,15143446.0,4081.4052734375,2143093.5,766.0751953125,2655.388671875,19.18267822265625,1063.528564453125
gin,IEEE24,IEEE24,False,100,B,3,128,0.001,0.0079198097810149,36.811485290527344,1.579695463180542,0.0014643853064626,0.0140453223139047,0.811489999294281,0.0366584993898868,10.130343437194824,125.27165222167967,0.0144712878391146,11.829474449157717,0.4544034302234649,3.79167366027832,0.0623420141637325,2.0103628635406494
gin,IEEE24,IEEE39,True,100,B,3,128,0.001,0.1450652629137039,34174.36328125,42.30888366699219,0.0891878753900528,0.1268973648548126,6.309844970703125,0.2843929827213287,68641.7890625,66847.5546875,3.073392629623413,1205.0419921875,40.25386047363281,99.3684310913086,0.8376402854919434,28.77558708190918
gin,IEEE24,IEEE118,True,100,B,3,128,0.001,0.1496515125036239,128677.53125,95.65766143798828,0.0700699388980865,0.1738156676292419,11.185107231140137,0.6869186758995056,188826.03125,310628.03125,7.57453441619873,15248.4990234375,39.56618118286133,226.81622314453125,1.2068270444869995,115.04141998291016
gin,IEEE24,UK,True,100,B,3,128,0.001,0.1851559728384018,9286237.0,1119.5380859375,0.0892041623592376,0.1543450653553009,1455.7373046875,18.25978279113769,19023822.0,6685783.5,3350.580810546875,11431998.0,747.7732543945312,1420.051025390625,17.24256134033203,2293.085693359375
gin,IEEE24,IEEE24,False,300,B,3,128,0.001,0.0079375971108675,36.97701644897461,1.71385657787323,0.0011935967486351,0.0141160460188984,0.584314227104187,0.0407729931175708,6.730210781097412,126.53640747070312,0.0075029800646007,14.633938789367676,0.376791775226593,3.872183322906494,0.0430413223803043,2.563410758972168
gin,IEEE24,IEEE39,True,300,B,3,128,0.001,0.1422972530126571,32882.640625,44.41749954223633,0.0893252119421958,0.1204892843961715,4.434906482696533,0.4021038115024566,68853.3515625,60266.66796875,1.518272042274475,2409.022216796875,40.318115234375,93.47210693359376,0.8993178009986877,42.98046112060547
gin,IEEE24,IEEE118,True,300,B,3,128,0.001,0.1033811569213867,61407.7578125,47.482521057128906,0.0696725398302078,0.0721533074975013,13.068910598754885,0.4088954031467438,186690.296875,53527.30078125,10.340806007385254,5403.07373046875,39.37693786621094,86.16157531738281,1.910446286201477,62.481101989746094
gin,IEEE24,UK,True,300,B,3,128,0.001,0.3368021845817566,30726568.0,2395.56005859375,0.0910167023539543,0.4604598581790924,1892.156982421875,35.656131744384766,19804768.0,59504580.0,5660.677734375,43591260.0,762.0284423828125,4325.54541015625,22.730663299560547,4471.93603515625
gin,IEEE24,IEEE24,False,700,B,3,128,0.001,0.0081468699499964,38.95249938964844,1.7812349796295166,0.001706211362034,0.0141194136813282,0.8483820557594299,0.04188759252429,13.752418518066406,126.59679412841795,0.0158169884234666,15.444964408874512,0.6272291541099548,3.694712400436402,0.0637835711240768,2.7392144203186035
gin,IEEE24,IEEE39,True,700,B,3,128,0.001,0.1414123773574829,32474.94921875,41.55355453491211,0.0894027352333068,0.1196334436535835,6.342718124389648,0.3183737099170685,68972.9140625,59413.55859375,3.105499505996704,1510.215087890625,40.3657341003418,92.0411605834961,1.2021960020065308,32.60512924194336
gin,IEEE24,IEEE118,True,700,B,3,128,0.001,0.10321956127882,61215.94140625,56.50889205932617,0.07005425542593,0.0666276440024375,2.799372673034668,0.5694459080696106,188741.515625,45642.73828125,0.4744572639465332,10479.037109375,39.61012649536133,90.85285186767578,0.36209836602211,95.21048736572266
gin,IEEE24,UK,True,700,B,3,128,0.001,0.293052464723587,23262432.0,1749.6409912109375,0.0894803032279014,0.4954026043415069,1030.375732421875,12.109430313110352,19141786.0,68878456.0,1678.592529296875,5027804.5,747.69287109375,4700.36669921875,13.05144500732422,1537.4534912109375
gin,IEEE24,IEEE24,False,1000,B,3,128,0.001,0.0080124335363507,37.677547454833984,1.6242529153823853,0.0014959493419155,0.0141900209710001,0.99420166015625,0.0373052693903446,10.571758270263672,127.86611938476562,0.0217214990407228,12.250574111938477,0.4604423642158508,3.707497596740722,0.083978846669197,2.2450931072235107
gin,IEEE24,IEEE39,True,1000,B,3,128,0.001,0.1374484598636627,30679.86328125,37.21141052246094,0.0876148790121078,0.1155501082539558,5.777744293212891,0.2652173936367035,66241.890625,55426.9609375,2.5768983364105225,1048.01708984375,39.4745979309082,81.97244262695312,1.0215102434158323,26.37709045410156
gin,IEEE24,IEEE118,True,1000,B,3,128,0.001,0.1242251843214035,88666.5546875,82.48712158203125,0.0724999830126762,0.1174364909529686,12.065191268920898,0.5756771564483643,202150.203125,141797.625,8.813410758972168,10709.6279296875,41.10182189941406,191.692626953125,1.5964112281799316,95.55764770507812
gin,IEEE24,UK,True,1000,B,3,128,0.001,0.2619881927967071,18592074.0,1874.6796875,0.0898297354578971,0.2733350396156311,1144.5860595703125,31.539430618286133,19291580.0,20968022.0,2071.337646484375,34106616.0,750.3416137695312,2720.927734375,13.223551750183104,4014.2265625
gin,IEEE39,IEEE24,True,0,B,3,128,0.001,0.1787052303552627,18742.53515625,40.54445266723633,0.1048281192779541,0.1413034349679947,2.9692091941833496,1.085823893547058,51912.1484375,12679.287109375,0.1937414109706878,10378.505859375,44.732513427734375,52.13639450073242,0.2269627153873443,65.08191680908203
gin,IEEE39,IEEE39,False,0,B,3,128,0.001,0.0150124803185462,365.997802734375,3.548612594604492,0.0013741055736318,0.0184512566775083,0.5478696227073669,0.0480372458696365,16.293603897094727,1413.293212890625,0.0231704842299222,34.38116455078125,0.4658755362033844,10.01407241821289,0.0946984142065048,3.619803905487061
gin,IEEE39,IEEE118,True,0,B,3,128,0.001,0.2336650639772415,313709.78125,109.08905029296876,0.1167468130588531,0.2644383311271667,1.6835278272628784,0.6011347770690918,524189.71875,718971.5,0.1715995818376541,11677.775390625,65.96117401123047,273.9917907714844,0.2441839873790741,96.1590805053711
gin,IEEE39,UK,True,0,B,3,128,0.001,0.9695024490356444,254602192.0,3949.624755859375,0.127540037035942,1.7811429500579834,985.3880004882812,50.99446105957031,38888452.0,890357376.0,1535.212890625,89161408.0,1041.9210205078125,8177.70703125,10.240886688232422,6568.630859375
gin,IEEE39,IEEE24,True,100,B,3,128,0.001,0.1753807216882705,18051.67578125,41.12939453125,0.1014235541224479,0.1598981618881225,7.491757869720459,0.9152969121932985,48594.9453125,16235.8984375,1.2334123849868774,7374.62646484375,43.04670715332031,63.26958465576172,0.5563299059867859,57.64495468139648
gin,IEEE39,IEEE39,False,100,B,3,128,0.001,0.0151463849470019,372.5559997558594,3.5748136043548584,0.0014842774253338,0.018606711179018,0.7482064962387085,0.0477431565523147,19.01109313964844,1437.2080078125,0.0432139113545417,33.961483001708984,0.5286442041397095,9.853095054626465,0.1273772716522216,3.790137529373169
gin,IEEE39,IEEE118,True,100,B,3,128,0.001,0.1003474220633506,57856.6015625,52.71689224243164,0.0674077644944191,0.0652381181716919,2.273468017578125,0.6322229504585266,174750.421875,43758.8203125,0.312934398651123,12916.8583984375,38.07341766357422,66.8480453491211,0.3085964322090149,105.63751220703124
gin,IEEE39,UK,True,100,B,3,128,0.001,0.1976361870765686,10580282.0,1262.5845947265625,0.0903937816619873,0.2001169323921203,2412.34521484375,18.344356536865234,19534608.0,11239178.0,9200.9560546875,11538142.0,761.6486206054688,2031.8184814453125,30.310508728027344,2226.561279296875
gin,IEEE39,IEEE24,True,300,B,3,128,0.001,0.1733686774969101,17639.857421875,40.40858459472656,0.1028798297047615,0.1220225691795349,6.929142475128174,1.1230703592300415,50000.453125,9455.1787109375,1.055114984512329,11102.7353515625,43.65081024169922,46.19831466674805,0.4933624863624573,71.29183959960938
gin,IEEE39,IEEE39,False,300,B,3,128,0.001,0.0159462671726942,412.9444580078125,3.6566877365112314,0.0015453189844265,0.0196162927895784,0.6962037086486816,0.0475814491510391,20.6069278717041,1597.40185546875,0.0374156534671783,33.73181915283203,0.5934150815010071,10.24929141998291,0.1229449287056922,3.661098718643189
gin,IEEE39,IEEE118,True,300,B,3,128,0.001,0.1026807352900505,60578.484375,56.60715103149414,0.0682656019926071,0.0660323426127433,2.4557313919067383,0.7516195774078369,179226.515625,44830.7734375,0.3651214838027954,18256.291015625,38.56581497192383,60.92377471923828,0.3304848372936249,126.60856628417967
gin,IEEE39,UK,True,300,B,3,128,0.001,0.2443504780530929,16173004.0,1638.017578125,0.0905238464474678,0.2211454212665558,2685.21142578125,30.24497413635254,19590864.0,13725329.0,11400.1630859375,31364428.0,767.6055908203125,1756.2392578125,36.74185562133789,3991.48388671875
gin,IEEE39,IEEE24,True,700,B,3,128,0.001,0.1796474754810333,18940.701171875,38.98778533935547,0.1066056787967681,0.1674797385931015,2.165646553039551,0.6959066987037659,53687.62109375,17812.05078125,0.1030661240220069,4263.02685546875,45.02386474609375,66.69681549072266,0.1834151446819305,44.04704666137695
gin,IEEE39,IEEE39,False,700,B,3,128,0.001,0.0154094872996211,385.6115112304688,3.7212822437286377,0.0015918213175609,0.018871571868658,0.5546994805335999,0.0531827919185161,21.86581039428711,1478.4154052734375,0.0237517785280942,42.14117813110352,0.5523610711097717,10.153485298156738,0.0995615795254707,4.079720497131348
gin,IEEE39,IEEE118,True,700,B,3,128,0.001,0.0911441370844841,47730.72265625,56.53043365478516,0.0607403330504894,0.0566999427974224,2.676602363586426,0.703154981136322,141890.328125,33054.30859375,0.4337538778781891,15977.8544921875,34.3028450012207,73.57984924316406,0.3142900168895721,117.92474365234376
gin,IEEE39,UK,True,700,B,3,128,0.001,0.3062016367912292,25396822.0,1979.44970703125,0.0956713557243347,0.3235650360584259,1054.4765625,38.30962753295898,21882224.0,29382588.0,1758.0367431640625,50320716.0,837.2974243164062,2524.272705078125,12.483985900878906,4543.74462890625
gin,IEEE39,IEEE24,True,1000,B,3,128,0.001,0.1853626519441604,20165.0,46.90159225463867,0.1015763208270073,0.138170838356018,5.156301498413086,1.4995664358139038,48741.44140625,12123.3369140625,0.5842751860618591,19794.634765625,43.127384185791016,53.5699462890625,0.4423475265502929,90.46669006347656
gin,IEEE39,IEEE39,False,1000,B,3,128,0.001,0.01480492670089,355.9476318359375,3.5702009201049805,0.001636205241084,0.0181210562586784,0.5363299250602722,0.050171609967947,23.10215759277344,1363.161865234375,0.0222046915441751,37.50425338745117,0.5061171650886536,9.65602970123291,0.0967357903718948,4.021920204162598
gin,IEEE39,IEEE118,True,1000,B,3,128,0.001,0.0931012406945228,49802.53125,56.765472412109375,0.0599407441914081,0.0677075907588005,5.571622371673584,0.6557161211967468,138179.21875,47134.3515625,1.8794856071472168,13894.6640625,33.838741302490234,80.83576965332031,0.6164403557777405,111.77093505859376
gin,IEEE39,UK,True,1000,B,3,128,0.001,0.479371964931488,62245732.0,3107.97998046875,0.0977392345666885,0.2079702466726303,2340.6904296875,79.0020980834961,22838390.0,12138619.0,8662.4755859375,213997248.0,865.5869140625,1598.914306640625,31.190792083740234,9936.228515625
gin,IEEE118,IEEE24,True,0,B,3,128,0.001,29.195009231567383,500231488.0,7305.74072265625,5.203136444091797,53.495079040527344,238.1777191162109,79.59809875488281,127892136.0,1817260032.0,1246.64599609375,55772672.0,2268.2958984375,21766.341796875,18.38776016235352,5169.93896484375
gin,IEEE118,IEEE39,True,0,B,3,128,0.001,5.760772705078125,53893336.0,2374.447265625,0.0892675071954727,6.9618120193481445,128.32081604003906,30.985424041748047,68764.421875,201198592.0,1271.085693359375,14304718.0,40.28423690795898,6621.19775390625,21.070016860961918,2815.23681640625
gin,IEEE118,IEEE118,False,0,B,3,128,0.001,0.0031972872093319,58.73592758178711,1.625537991523743,0.0009390134364366,0.0040442156605422,0.2383529096841812,0.0318906791508197,33.911109924316406,168.1633758544922,0.0034396678674966,32.865779876708984,0.4135764539241791,3.0492584705352783,0.0320793166756629,3.007237195968628
gin,IEEE118,UK,True,0,B,3,128,0.001,53.42989349365234,773273157632.0,376457.65625,2.9612836837768555,100.97308349609376,24177.9921875,2479.12353515625,20964651008.0,2861396656128.0,924260.8125,210730434560.0,26811.5,1135631.375,286.77301025390625,343101.03125
gin,IEEE118,IEEE24,True,100,B,3,128,0.001,10.297819137573242,62236384.0,3094.264892578125,0.1399585455656051,17.04315757751465,141.63426208496094,85.5318832397461,92536.3359375,184454592.0,440.8363952636719,64397968.0,60.4172248840332,7021.63330078125,12.409232139587402,5282.59912109375
gin,IEEE118,IEEE39,True,100,B,3,128,0.001,1.567703366279602,3991180.5,894.5160522460938,0.0891978293657302,0.8191550970077515,51.54364013671875,29.66361427307129,68657.109375,2785560.5,205.08355712890625,13110298.0,40.26153945922852,803.5875244140625,9.269396781921388,2724.9453125
gin,IEEE118,IEEE118,False,100,B,3,128,0.001,0.0032579828985035,60.987117767333984,1.6561791896820068,0.0011683718767017,0.0039531751535832,0.2428342401981353,0.0308557823300361,52.50016021728516,160.67745971679688,0.0035702236928045,30.767309188842773,0.4263281226158142,2.6392815113067627,0.0335747227072715,3.525531530380249
gin,IEEE118,UK,True,100,B,3,128,0.001,57.82476425170898,905716039680.0,410507.59375,0.1465167254209518,108.96537017822266,16075.484375,2910.837890625,51321812.0,3332298506240.0,408584.78125,290513911808.0,1254.1754150390625,1234247.625,229.73123168945312,406298.9375
gin,IEEE118,IEEE24,True,300,B,3,128,0.001,1.7133642435073853,1722872.75,567.4939575195312,0.0893997475504875,0.9254088401794434,68.76110076904297,26.77318382263184,37756.00390625,543821.9375,103.9026107788086,6309808.5,37.38846969604492,402.4484252929688,5.542579174041748,1824.59619140625
gin,IEEE118,IEEE39,True,300,B,3,128,0.001,0.51165771484375,425140.6875,286.8539123535156,0.0900092273950576,0.1114491149783134,25.20809364318848,10.294713020324709,69911.8984375,51562.45703125,49.05244827270508,1579039.25,40.64765167236328,74.90512084960938,5.111928939819336,1026.7508544921875
gin,IEEE118,IEEE118,False,300,B,3,128,0.001,0.0037973781581968,82.85298919677734,1.7218376398086548,0.0016448040260002,0.0043902611359953,0.3121317028999328,0.0300530176609754,104.04631042480467,198.1725616455078,0.005898633506149,29.18720817565918,0.8608487248420715,2.927238702774048,0.0465345010161399,3.0527284145355225
gin,IEEE118,UK,True,300,B,3,128,0.001,8.691864967346191,20463986688.0,72465.078125,0.1207483038306236,9.637319564819336,9631.0322265625,1275.1904296875,34856972.0,26066296832.0,146655.9375,55754641408.0,1034.4708251953125,109145.4453125,124.34952545166016,179556.0625
gin,IEEE118,IEEE24,True,700,B,3,128,0.001,14.171598434448242,117866800.0,4452.85107421875,0.566746175289154,23.32849884033203,329.1136474609375,118.85712432861328,1517366.875,345591456.0,2380.30517578125,124355928.0,250.18130493164065,9849.9658203125,30.71500587463379,7680.54248046875
gin,IEEE118,IEEE39,True,700,B,3,128,0.001,1.796311855316162,5240069.5,1050.553466796875,0.2105971276760101,1.6321967840194702,134.30108642578125,25.273534774780277,382720.625,11059243.0,1392.322021484375,9516919.0,96.99382781982422,1581.414306640625,23.498104095458984,2500.307861328125
gin,IEEE118,IEEE118,False,700,B,3,128,0.001,0.0037162855733186,79.35214233398438,1.619283676147461,0.0013458328321576,0.0045500355772674,0.2120836973190307,0.0328567251563072,69.6595458984375,212.8591766357422,0.0027232668362557,34.88710403442383,0.502500593662262,2.727346181869507,0.0295057594776153,3.217782020568848
gin,IEEE118,UK,True,700,B,3,128,0.001,87.00469970703125,2050452357120.0,691464.625,0.1903307884931564,146.56121826171875,199426.921875,7961.34521484375,86605544.0,6028440633344.0,62881316.0,2173220683776.0,1714.305908203125,1655992.375,2763.904052734375,1105388.25
gin,IEEE118,IEEE24,True,1000,B,3,128,0.001,4.91578483581543,14182069.0,1593.70556640625,0.0809391736984252,5.145650863647461,52.00839614868164,67.31122589111328,30947.880859375,16813960.0,59.44122314453125,39883304.0,33.49686050415039,2092.469482421875,4.38996696472168,4244.46630859375
gin,IEEE118,IEEE39,True,1000,B,3,128,0.001,1.7388395071029663,4910126.0,922.8836059570312,0.0893119871616363,0.353471040725708,21.080326080322266,35.760135650634766,68832.9765625,518666.25,34.303253173828125,19052972.0,40.30702590942383,336.30859375,3.5202996730804443,3311.398193359375
gin,IEEE118,IEEE118,False,1000,B,3,128,0.001,0.0035347517114132,71.78907012939453,1.527665138244629,0.001389474608004,0.0042226347140967,0.1736484766006469,0.0302522499114274,74.25054931640625,183.32846069335935,0.0018256502225995,29.575477600097656,0.4259895980358124,2.5074830055236816,0.0251825451850891,3.152005195617676
gin,IEEE118,UK,True,1000,B,3,128,0.001,11.567727088928224,36246024192.0,95593.6640625,0.0560070388019084,16.90531349182129,19103.548828125,1374.4140625,7499163.0,80207192064.0,577008.4375,64768839680.0,456.4876403808594,188819.8125,246.5621490478516,192851.78125
gin,UK,IEEE24,True,0,B,3,128,0.001,0.1515082418918609,13471.8212890625,23.498262405395508,0.0980907753109932,0.113457441329956,13.333099365234377,0.1702767759561538,45453.7578125,8174.38916015625,3.90663743019104,255.2271881103516,41.489532470703125,38.4079704284668,1.2329798936843872,12.862567901611328
gin,UK,IEEE39,True,0,B,3,128,0.001,0.1341015100479126,29203.908203125,36.8605842590332,0.0910955518484115,0.1022471562027931,15.54523754119873,0.3464241921901703,71609.6171875,43399.30859375,18.65414810180664,1788.0546875,41.17522811889648,68.19693756103516,2.5428974628448486,35.52728271484375
gin,UK,IEEE118,True,0,B,3,128,0.001,0.1040192916989326,62168.19921875,54.39423751831055,0.0695710182189941,0.0713690593838691,4.05922269821167,0.5605773329734802,186146.609375,52370.02734375,0.997611403465271,10155.1767578125,39.29359817504883,82.7237777709961,0.5530503988265991,95.00653839111328
gin,UK,UK,False,0,B,3,128,0.001,0.0052903532050549,7581.12548828125,17.61309242248535,0.0016285459278151,0.0092225782573223,21.46998786926269,0.0571951121091842,6340.56005859375,23871.05078125,0.7288155555725098,112.16278839111328,11.895445823669434,51.41605758666992,0.263709157705307,6.877161979675293
gin,UK,IEEE24,True,100,B,3,128,0.001,0.1644476801156997,15871.18359375,27.804248809814453,0.107487715780735,0.1151834428310394,25.48429298400879,0.2300247699022293,54579.69140625,8424.9931640625,14.272037506103516,465.7633361816406,45.84811019897461,45.33480453491211,2.3213789463043213,17.71269416809082
gin,UK,IEEE39,True,100,B,3,128,0.001,0.1312631070613861,27980.724609375,39.252079010009766,0.0885292291641235,0.1008990705013275,10.718209266662598,0.368196576833725,67631.703125,42262.453125,8.867987632751465,2019.8721923828125,39.93104934692383,75.99938201904297,2.1638662815093994,38.91402053833008
gin,UK,IEEE118,True,100,B,3,128,0.001,0.1086875647306442,67873.5,61.06116485595703,0.0689350441098213,0.0874813050031662,6.073815822601318,0.5576007962226868,182758.921875,78685.2421875,2.2335662841796875,10047.6201171875,38.92805862426758,109.79854583740234,0.94037127494812,94.57771301269533
gin,UK,UK,False,100,B,3,128,0.001,0.006839114241302,12669.6328125,18.945140838623047,0.0032494906336069,0.0094965538010001,25.12260055541992,0.0599313676357269,25243.998046875,25310.39453125,0.9978913068771362,123.1513900756836,16.098543167114258,51.80941390991211,0.2656814754009247,7.606927394866943
gin,UK,IEEE24,True,300,B,3,128,0.001,0.2270074784755706,30243.646484375,53.64313125610352,0.0975057408213615,0.3438470065593719,25.17998313903809,0.3316486775875091,44913.1796875,75079.25,13.933225631713867,968.216796875,41.30898284912109,148.55186462402344,2.1973865032196045,22.5142879486084
gin,UK,IEEE39,True,300,B,3,128,0.001,0.1379004269838333,30881.95703125,43.32133102416992,0.0831654146313667,0.1218008697032928,26.77605438232422,0.3844358921051025,59684.6328125,61585.8828125,55.34442138671875,2201.974365234375,37.33737564086914,90.30538177490234,4.733443737030029,40.909122467041016
gin,UK,IEEE118,True,300,B,3,128,0.001,0.1207556501030922,83782.8984375,77.24835968017578,0.0697628110647201,0.1156488806009292,6.087164878845215,0.5684228539466858,187174.359375,137513.609375,2.2433953285217285,10441.416015625,39.39634704589844,172.14830017089844,0.9084884524345398,96.54026794433594
gin,UK,UK,False,300,B,3,128,0.001,0.0072896322235465,14393.802734375,22.765439987182617,0.0031828309874981,0.0108560007065534,43.80370330810547,0.0900043696165084,24218.916015625,33075.51171875,3.033721446990967,277.7525939941406,10.794496536254885,68.79774475097656,0.4730185866355896,10.996499061584473
gin,UK,IEEE24,True,700,B,3,128,0.001,0.1675328314304351,16472.279296875,31.10802459716797,0.1046203300356864,0.1463929414749145,14.611919403076172,0.2541880309581756,51706.5546875,13609.107421875,4.691972255706787,568.7564086914062,44.51865005493164,59.591609954833984,1.1982030868530271,19.12363052368164
gin,UK,IEEE39,True,700,B,3,128,0.001,0.1333328038454055,28870.05859375,39.59749603271485,0.0900346785783767,0.1013587564229965,17.322040557861328,0.4379161894321441,69951.4375,42648.4140625,23.162145614624023,2857.23779296875,40.697940826416016,67.26760864257812,3.1468169689178467,47.277618408203125
gin,UK,IEEE118,True,700,B,3,128,0.001,0.103207342326641,61201.44140625,54.38991928100586,0.0693934261798858,0.0695295259356498,6.351419448852539,0.5535074472427368,185197.515625,49705.140625,2.4424023628234863,9900.6416015625,39.19475173950195,83.4413070678711,0.9663139581680298,93.95730590820312
gin,UK,UK,False,700,B,3,128,0.001,0.0083838049322366,19039.109375,24.107545852661133,0.0041711805388331,0.0110460454598069,33.468231201171875,0.0959354415535926,41595.421875,34243.68359375,1.7710041999816897,315.5651550292969,17.440811157226562,66.39147186279297,0.3581326305866241,12.239768028259276
gin,UK,IEEE24,True,1000,B,3,128,0.001,0.16380675137043,15747.7080078125,28.78926467895508,0.1058554500341415,0.1208634749054908,21.47905158996582,0.2956942021846771,52934.62890625,9276.40234375,10.138437271118164,769.6649780273438,45.08147811889648,46.82104110717773,1.8695051670074463,21.38503646850586
gin,UK,IEEE39,True,1000,B,3,128,0.001,0.1332275122404098,28824.478515625,42.47705459594727,0.0857769846916198,0.1083369404077529,41.65397644042969,0.4449012875556946,63491.93359375,48722.93359375,133.93482971191406,2949.115234375,38.60836410522461,77.38162994384766,6.436799049377441,47.48142623901367
gin,UK,IEEE118,True,1000,B,3,128,0.001,0.2605757415294647,390129.15625,159.5446014404297,0.0699026361107826,0.363962858915329,13.506516456604004,0.572204053401947,187925.4375,1361999.5,11.044913291931152,10580.7939453125,39.48955154418945,499.6276245117188,1.6716806888580322,97.38957977294922
gin,UK,UK,False,1000,B,3,128,0.001,0.004730399698019,6061.21923828125,15.650876998901367,0.001403999980539,0.0083281891420483,21.48589515686035,0.0438484959304332,4712.61328125,19465.609375,0.7298959493637085,65.92351531982422,6.35084867477417,50.70644378662109,0.1988357156515121,5.3473801612854
transformer,IEEE24,IEEE24,False,0,B,2,128,0.001,0.0133753502741456,104.99390411376952,2.4611949920654297,0.0017994364025071,0.0246941540390253,1.3199951648712158,0.0444638691842556,15.29630184173584,387.23779296875,0.03829001262784,17.403261184692383,0.5709850192070007,6.781270980834961,0.1039807349443435,2.388542890548706
transformer,IEEE24,IEEE39,True,0,B,2,128,0.001,0.1287358999252319,26913.671875,37.23461151123047,0.0805839896202087,0.1094715073704719,6.19167947769165,0.3538938760757446,56036.953125,49748.7890625,2.9593584537506104,1865.9951171875,35.773681640625,76.1187973022461,1.2582643032073977,35.78770065307617
transformer,IEEE24,IEEE118,True,0,B,2,128,0.001,0.1025775596499443,60456.80078125,47.84854888916016,0.0695148184895515,0.0675083994865417,2.7196624279022217,0.5313348174095154,185846.015625,46857.42578125,0.4478221535682678,9123.3203125,39.26071166992188,62.41388702392578,0.3868991732597351,89.33270263671875
transformer,IEEE24,UK,True,0,B,2,128,0.001,0.1146821454167366,3562508.75,536.7929077148438,0.0661880522966384,0.1109551787376403,499.7908935546875,3.060482978820801,10473378.0,3455111.0,394.939697265625,321152.15625,556.4031372070312,1147.44091796875,6.78590726852417,436.5415649414063
transformer,IEEE24,IEEE24,False,100,B,2,128,0.001,0.0116319116204977,79.406494140625,2.06714129447937,0.0011041277321055,0.0215560756623744,0.594052255153656,0.0436690226197242,5.759066581726074,295.0725402832031,0.0077551491558551,16.786609649658203,0.3267675936222076,5.618048667907715,0.0515577010810375,2.2721915245056152
transformer,IEEE24,IEEE39,True,100,B,2,128,0.001,0.128601998090744,26857.7109375,39.74345016479492,0.0815089046955108,0.1067158952355384,4.601281642913818,0.43526691198349,57330.671875,47275.765625,1.634324312210083,2822.771484375,36.37947082519531,78.9764404296875,0.8190361261367798,42.79883575439453
transformer,IEEE24,IEEE118,True,100,B,2,128,0.001,0.1019937172532081,59770.56640625,45.40055465698242,0.0694772079586982,0.0665564388036727,2.077549934387207,0.4941752851009369,185644.9375,45545.23828125,0.2613235414028168,7891.8427734375,39.23900985717773,61.10464477539063,0.3407413959503174,80.91783142089844
transformer,IEEE24,UK,True,100,B,2,128,0.001,0.1267940104007721,4354735.5,488.3014221191406,0.0789069160819053,0.089019738137722,306.04522705078125,3.004263401031494,14885306.0,2224024.0,148.08984375,309461.71875,660.2318725585938,885.7035522460938,3.73738956451416,403.5328369140625
transformer,IEEE24,IEEE24,False,300,B,2,128,0.001,0.0134747168049216,106.55973052978516,2.769357919692993,0.002096117241308,0.0245447922497987,1.0756707191467283,0.0509934239089489,20.756044387817383,382.5675659179688,0.0254272557795047,22.889928817749023,0.7585740089416504,6.868131637573242,0.0835915058851242,3.367133855819702
transformer,IEEE24,IEEE39,True,300,B,2,128,0.001,0.1311071515083313,27914.27734375,38.6328239440918,0.0822232142090797,0.1104594990611076,6.463292598724365,0.4227799773216247,58339.92578125,50650.82421875,3.224692344665528,2663.135498046875,36.61961364746094,75.97496032714844,1.2608880996704102,40.67584609985352
transformer,IEEE24,IEEE118,True,300,B,2,128,0.001,0.1026325896382331,60521.6875,48.96040725708008,0.0694557130336761,0.0673624500632286,2.951146364212036,0.5535197854042053,185530.09375,46655.03515625,0.5272992849349976,9901.0830078125,39.22675323486328,62.63311004638672,0.4803231358528137,93.50146484375
transformer,IEEE24,UK,True,300,B,2,128,0.001,0.144952192902565,5691331.0,597.729248046875,0.0878314897418022,0.1176208332180976,229.45372009277344,3.580971956253052,18442852.0,3882713.25,83.24234008789062,439675.96875,737.0138549804688,1137.2843017578125,3.00163197517395,513.6171264648438
transformer,IEEE24,IEEE24,False,700,B,2,128,0.001,0.0124823777005076,91.4425811767578,2.3945729732513428,0.0014922682894393,0.0230593122541904,0.5634899735450745,0.0446911118924617,10.519794464111328,337.66192626953125,0.0069777155295014,17.58159828186035,0.5756806135177612,6.604527473449707,0.0455177910625934,2.3525660037994385
transformer,IEEE24,IEEE39,True,700,B,2,128,0.001,0.0918724983930587,13707.0703125,32.93827438354492,0.0373263619840145,0.0977966710925102,9.809370040893556,0.4557362198829651,12022.8740234375,39703.47265625,7.427845478057861,3094.50732421875,13.501605987548828,71.02317810058594,1.1970665454864502,46.03123474121094
transformer,IEEE24,IEEE118,True,700,B,2,128,0.001,0.1019500270485878,59719.3671875,46.60303497314453,0.0693037956953048,0.0666842013597488,2.6690495014190674,0.5109695792198181,184719.40625,45720.265625,0.4313092827796936,8437.3583984375,39.1439094543457,61.86052322387695,0.4049067795276642,85.0028076171875
transformer,IEEE24,UK,True,700,B,2,128,0.001,0.1324103474617004,4749066.0,469.6160278320313,0.0825462117791175,0.094470702111721,180.8129425048828,2.4239089488983154,16290032.0,2504731.25,51.69077682495117,201448.28125,684.3521118164062,870.4132080078125,2.603377342224121,321.0953369140625
transformer,IEEE24,IEEE24,False,1000,B,2,128,0.001,0.0129864523187279,98.97711944580078,2.356109619140625,0.0013996829511597,0.0240477658808231,0.8199517726898193,0.0469552241265773,9.254921913146973,367.2306213378906,0.0147746596485376,19.408138275146484,0.3672011196613312,6.544368267059326,0.068838357925415,2.444030523300171
transformer,IEEE24,IEEE39,True,1000,B,2,128,0.001,0.1442082524299621,33771.7734375,44.36431884765625,0.0889145582914352,0.1251208335161209,4.41666841506958,0.3547375500202179,68221.7265625,64988.95703125,1.5058101415634155,1874.90283203125,40.08829879760742,101.2139663696289,0.8367048501968384,35.31831359863281
transformer,IEEE24,IEEE118,True,1000,B,2,128,0.001,0.1022315844893455,60049.67578125,45.82504653930664,0.0694945529103279,0.0672754719853401,2.025017023086548,0.4952472150325775,185737.671875,46534.63671875,0.2482749968767166,7926.11669921875,39.24877166748047,62.5964241027832,0.2924926280975342,81.16251373291016
transformer,IEEE24,UK,True,1000,B,2,128,0.001,0.1359277814626693,5004732.0,553.357177734375,0.0815061852335929,0.1187126711010932,292.56427001953125,2.300945520401001,15882130.0,3955132.25,135.33078002929688,181527.96875,691.6658325195312,1199.3438720703125,3.5620079040527344,318.85699462890625
transformer,IEEE39,IEEE24,True,0,B,2,128,0.001,0.1614498198032379,15297.7998046875,29.74552345275879,0.1018036678433418,0.131067082285881,4.3226637840271,0.3875491321086883,48959.875,10908.7919921875,0.4106235206127167,1322.1160888671875,43.22698593139648,49.1593017578125,0.3378428518772125,26.257963180541992
transformer,IEEE39,IEEE39,False,0,B,2,128,0.001,0.0221412423998117,796.1181640625,4.387689113616943,0.0103905331343412,0.0230278149247169,0.4679819047451019,0.0587766058743,931.6497192382812,2201.33349609375,0.0169059187173843,51.47228240966797,1.7440907955169678,11.262017250061035,0.0718020498752594,4.472845554351807
transformer,IEEE39,IEEE118,True,0,B,2,128,0.001,0.1031397059559822,61121.25390625,48.99884033203125,0.0700018405914306,0.0668079480528831,1.65682852268219,0.5600343942642212,188459.21875,45890.109375,0.1661998927593231,10135.5146484375,39.54728698730469,62.1982536315918,0.2868619561195373,93.96294403076172
transformer,IEEE39,UK,True,0,B,2,128,0.001,0.1482859402894973,5956132.0,578.3264770507812,0.0913572236895561,0.1099321320652961,73.02686309814453,3.739980697631836,19953240.0,3391690.0,8.431781768798828,479589.4375,767.0242309570312,1053.6884765625,0.9386308789253236,491.6546020507813
transformer,IEEE39,IEEE24,True,100,B,2,128,0.001,0.1618609428405761,15375.80859375,31.756250381469727,0.1019165590405464,0.1272040456533432,5.17896032333374,0.4952314794063568,49068.515625,10275.2236328125,0.5894215703010559,2158.900146484375,43.25594329833984,47.97526550292969,0.4067598581314087,35.38701629638672
transformer,IEEE39,IEEE39,False,100,B,2,128,0.001,0.0221583172678947,797.3465576171875,4.465116500854492,0.0101893441751599,0.0232450366020202,0.6107496023178101,0.0581479109823703,895.9204711914062,2243.059814453125,0.0287943314760923,50.377044677734375,1.7406178712844849,11.525754928588867,0.0992162302136421,4.494877815246582
transformer,IEEE39,IEEE118,True,100,B,2,128,0.001,0.1059493198990821,64496.6015625,50.03042984008789,0.0727710425853729,0.0649908334016799,2.733898162841797,0.5806008577346802,203664.625,43427.71875,0.4525226056575775,10893.6064453125,41.15422821044922,60.37584686279297,0.4195785820484161,98.17206573486328
transformer,IEEE39,UK,True,100,B,2,128,0.001,0.1461451202630996,5785394.0,559.5731811523438,0.0897515937685966,0.1103752255439758,127.91911315917967,3.6804046630859375,19258032.0,3419086.5,25.87169647216797,464431.96875,751.495361328125,993.4602661132812,1.6716736555099487,491.6652221679688
transformer,IEEE39,IEEE24,True,300,B,2,128,0.001,0.1581785231828689,14684.1513671875,31.847633361816406,0.0994414091110229,0.1173295378684997,5.878503799438477,0.6104087233543396,46714.1015625,8741.865234375,0.7594066858291626,3279.876953125,42.118072509765625,41.95402526855469,0.5132824182510376,42.80515670776367
transformer,IEEE39,IEEE39,False,300,B,2,128,0.001,0.0216460861265659,760.9083862304688,4.6331987380981445,0.0097858496010303,0.0228077620267868,0.7073131799697876,0.0622648485004901,826.3690795898438,2159.462890625,0.0386192798614501,57.76306915283203,1.972217321395874,11.56121063232422,0.1124060079455375,4.886961460113525
transformer,IEEE39,IEEE118,True,300,B,2,128,0.001,0.1057212352752685,64219.2109375,49.44938659667969,0.073073573410511,0.0630718469619751,1.914514780044556,0.573103129863739,205361.546875,40900.99609375,0.2219182699918747,10614.0703125,41.308876037597656,61.023738861083984,0.3008996844291687,95.1640396118164
transformer,IEEE39,UK,True,300,B,2,128,0.001,0.150578111410141,6141692.0,616.5994262695312,0.0895885080099105,0.1295205205678939,130.86306762695312,4.422337055206299,19188108.0,4708082.0,27.076229095458984,670555.3125,749.6746826171875,1162.6134033203125,1.625582933425903,552.4837646484375
transformer,IEEE39,IEEE24,True,700,B,2,128,0.001,0.1566076427698135,14393.9404296875,27.381200790405277,0.1008641645312309,0.1141764894127845,10.16218376159668,0.3745303452014923,48060.3828125,8278.330078125,2.269420623779297,1234.781494140625,42.7850456237793,41.12438583374024,0.5127097964286804,25.102670669555664
transformer,IEEE39,IEEE39,False,700,B,2,128,0.001,0.021417086943984,744.8938598632812,4.580404281616211,0.0095358444377779,0.0227335821837186,0.6224139928817749,0.057594034820795,784.6849365234375,2145.4384765625,0.0299046952277421,49.42189407348633,2.0602011680603027,11.572998046875,0.1025828793644905,4.585836887359619
transformer,IEEE39,IEEE118,True,700,B,2,128,0.001,0.1024477258324623,60303.86328125,48.68230056762695,0.0694983825087547,0.066358096897602,1.9915473461151123,0.5613436698913574,185758.09375,45274.1875,0.2401357889175415,10182.958984375,39.25378036499024,60.235469818115234,0.3302984535694122,94.90963745117188
transformer,IEEE39,UK,True,700,B,2,128,0.001,0.1543804854154586,6455787.0,698.83349609375,0.0895434394478797,0.1472737044095993,539.7548828125,4.06543493270874,19168806.0,6087195.5,460.624755859375,566689.25,749.8153686523438,1519.376953125,6.37877893447876,519.7628784179688
transformer,IEEE39,IEEE24,True,1000,B,2,128,0.001,0.1866500973701477,20446.08984375,38.12340927124024,0.1028855070471763,0.2173728495836258,4.006340980529785,0.4487434029579162,50005.97265625,30005.439453125,0.3527252972126007,1772.606201171875,43.713226318359375,74.17628479003906,0.3230581283569336,34.28105545043945
transformer,IEEE39,IEEE39,False,1000,B,2,128,0.001,0.0227366928011178,839.5145263671875,4.46972131729126,0.0108609469607472,0.0234939344227314,0.5211635231971741,0.0572115778923034,1017.9170532226562,2291.352294921875,0.0209666322916746,48.7677001953125,1.9362379312515257,11.369140625,0.0828717723488807,4.490636825561523
transformer,IEEE39,IEEE118,True,1000,B,2,128,0.001,0.1025983691215515,60481.33984375,49.31190490722656,0.0693949684500694,0.0669545009732246,1.7345750331878662,0.5734745264053345,185205.71875,46091.66015625,0.1821636855602264,10627.8310546875,39.192649841308594,61.04557037353516,0.2971318960189819,96.71228790283205
transformer,IEEE39,UK,True,1000,B,2,128,0.001,0.1507927924394607,6159216.0,586.5814208984375,0.0926511138677597,0.1138404980301857,143.79351806640625,3.73086166381836,20522436.0,3637143.25,32.69133377075195,477253.65625,777.7399291992188,1062.0294189453125,1.9886839389801023,504.5677490234375
transformer,IEEE118,IEEE24,True,0,B,2,128,0.001,1.4582113027572632,1247942.875,514.9136352539062,0.1089926436543464,1.1287896633148191,45.16300582885742,21.651203155517575,56118.7265625,809124.75,44.82357406616211,4126483.75,46.55019378662109,484.97015380859375,3.1886940002441406,1524.9456787109375
transformer,IEEE118,IEEE39,True,0,B,2,128,0.001,1.251747965812683,2544529.0,674.268310546875,0.0923292115330696,0.5783278346061707,29.73346328735352,24.186744689941406,73562.296875,1388444.5,68.2451171875,8716041.0,41.78731155395508,522.7630615234375,4.8724284172058105,2127.650634765625
transformer,IEEE118,IEEE118,False,0,B,2,128,0.001,0.0054951035417616,173.49710083007812,2.2077016830444336,0.0015741480747237,0.0073057576082646,0.4394206404685974,0.0392968654632568,95.29927825927734,548.7737426757812,0.0116905914619565,49.90363693237305,0.4421325027942657,4.266532897949219,0.0583693906664848,4.063772678375244
transformer,IEEE118,UK,True,0,B,2,128,0.001,1.301386833190918,458751104.0,10433.640625,0.0988438427448272,1.0244334936141968,2419.806640625,210.3498992919922,23357524.0,294533280.0,9257.9609375,1517104512.0,841.8153686523438,11162.01171875,32.712181091308594,29698.02734375
transformer,IEEE118,IEEE24,True,100,B,2,128,0.001,2.6225948333740234,4036604.5,536.6096801757812,0.083451971411705,4.8058247566223145,12.186830520629885,12.82140064239502,32899.30078125,14666457.0,3.263791561126709,1447061.5,34.760353088378906,1372.8450927734375,0.9360151886940002,737.897216796875
transformer,IEEE118,IEEE39,True,100,B,2,128,0.001,7.534629821777344,92192896.0,2300.914306640625,0.0894498974084854,9.409957885742188,29.58959579467773,8.667291641235352,69045.703125,367583232.0,67.5863037109375,1119260.75,40.37550354003906,8432.6318359375,3.610807180404663,727.0382080078125
transformer,IEEE118,IEEE118,False,100,B,2,128,0.001,0.004487722646445,115.71575164794922,2.124523401260376,0.0014577399706467,0.0057172272354364,0.3739723563194275,0.0373393893241882,81.7256851196289,336.07305908203125,0.0084674879908561,45.05580520629883,0.4877420663833618,4.075756072998047,0.0524177588522434,3.882177591323853
transformer,IEEE118,UK,True,100,B,2,128,0.001,2.255446195602417,1377936768.0,11175.0712890625,0.086714006960392,3.967120409011841,566.5769653320312,177.22134399414062,17976542.0,4416900608.0,507.5419006347656,1076869376.0,728.9374389648438,24125.64453125,7.815335273742676,19837.890625
transformer,IEEE118,IEEE24,True,300,B,2,128,0.001,0.7190786004066467,303463.53125,237.22210693359372,0.1127902120351791,0.7904469966888428,13.466104507446287,9.273335456848145,60097.48046875,396766.4375,3.9849674701690674,756986.375,48.27444076538086,301.8246459960937,1.1234509944915771,597.665771484375
transformer,IEEE118,IEEE39,True,300,B,2,128,0.001,0.4442251920700073,320464.53125,236.07179260253903,0.0894303247332573,0.4068518877029419,24.21138572692871,5.939694404602051,69015.4921875,687152.3125,45.25014114379883,525645.125,40.36986541748047,341.67901611328125,3.835358142852783,558.4029541015625
transformer,IEEE118,IEEE118,False,300,B,2,128,0.001,0.0074720690026879,320.7910461425781,4.68923807144165,0.0020133114885538,0.0091629512608051,0.7967400550842285,0.0903828889131546,155.8907470703125,863.2440795898438,0.038433413952589,263.9908752441406,0.716915488243103,6.744278907775879,0.1134139895439148,11.182343482971191
transformer,IEEE118,UK,True,300,B,2,128,0.001,0.7026426196098328,133731392.0,5099.0634765625,0.2304497510194778,0.5004860758781433,539.974609375,99.23745727539062,126963832.0,70299280.0,460.999755859375,337661984.0,1935.9986572265625,5111.00634765625,7.774933815002441,13341.47265625
transformer,IEEE118,IEEE24,True,700,B,2,128,0.001,9.661797523498535,54786012.0,1684.97412109375,0.087039478123188,18.538265228271484,26.03373336791992,9.950846672058104,35788.70703125,218236592.0,14.894083976745604,871638.0,36.137882232666016,6205.10498046875,1.8067047595977783,496.8468322753906
transformer,IEEE118,IEEE39,True,700,B,2,128,0.001,10.330463409423828,173305872.0,3167.433349609375,0.0899334773421287,12.894895553588867,27.092811584472656,13.92324447631836,69794.265625,690265344.0,56.66160202026367,2888320.25,40.657413482666016,11726.7939453125,4.311401844024658,897.9710693359375
transformer,IEEE118,IEEE118,False,700,B,2,128,0.001,0.0151012372225523,1310.2841796875,7.453007698059082,0.0053443936631083,0.0191127713769674,1.275815486907959,0.1093880832195282,1098.48779296875,3755.8662109375,0.0985488146543502,386.6842346191406,2.0583016872406006,13.338862419128418,0.1877624541521072,14.227105140686035
transformer,IEEE118,UK,True,700,B,2,128,0.001,5.558595657348633,8369403392.0,23384.29296875,0.2002580314874649,10.884658813476562,1407.5068359375,61.896366119384766,95875464.0,33250371584.0,3132.239990234375,131359432.0,1793.0999755859375,83936.1796875,18.13159942626953,7789.7626953125
transformer,IEEE118,IEEE24,True,1000,B,2,128,0.001,10.928144454956056,70088488.0,2567.66552734375,0.438101977109909,20.88265991210937,441.12347412109375,16.91538429260254,906700.5625,276924224.0,4276.2314453125,2518719.25,103.30746459960938,9061.421875,34.4587516784668,1071.4739990234375
transformer,IEEE118,IEEE39,True,1000,B,2,128,0.001,7.844996929168701,99944568.0,2598.984375,0.0902349576354026,9.766469955444336,258.9976501464844,15.841313362121582,70262.984375,395963904.0,5178.1220703125,3738925.25,40.79710388183594,8920.8427734375,37.43062973022461,1396.8673095703125
transformer,IEEE118,IEEE118,False,1000,B,2,128,0.001,0.0102093620225787,598.8770751953125,3.4726569652557373,0.0021849619224667,0.0143971843644976,0.6469752788543701,0.0499746017158031,183.60568237304688,2131.16943359375,0.0253425911068916,80.70772552490234,0.6874039173126221,6.926026344299316,0.0875226482748985,6.189675807952881
transformer,IEEE118,UK,True,1000,B,2,128,0.001,10.591958045959473,30389030912.0,57211.1796875,0.1848092675209045,20.736270904541016,16200.3642578125,152.37265014648438,81653552.0,120678006784.0,414957.46875,796058496.0,1613.902099609375,205155.46875,209.4251251220703,21865.86328125
transformer,UK,IEEE24,True,0,B,2,128,0.001,0.0802327916026115,3777.962158203125,18.25035858154297,0.0409319475293159,0.1027105823159217,26.804452896118164,0.2340332865715026,7914.76904296875,6699.1513671875,15.789005279541016,482.1379089355469,14.987797737121582,38.120235443115234,1.515080809593201,18.378318786621094
transformer,UK,IEEE39,True,0,B,2,128,0.001,0.1413653343915939,32453.341796875,40.74046325683594,0.0938364937901496,0.1115845814347267,16.64699935913086,0.3772459626197815,75983.703125,51687.8828125,21.39205741882324,2120.379638671875,42.54766082763672,77.99870300292969,2.828068256378174,39.58742904663086
transformer,UK,IEEE118,True,0,B,2,128,0.001,0.1028092056512832,60730.16796875,51.42764663696289,0.069331593811512,0.0680673718452453,5.314307689666748,0.5676964521408081,184867.59375,47636.59765625,1.7098931074142456,10414.748046875,39.15817642211914,70.1166000366211,0.5647218227386475,95.87109375
transformer,UK,UK,False,0,B,2,128,0.001,0.0063288249075412,10849.51953125,19.71082305908203,0.0011580603895708,0.0119433552026748,27.52828788757324,0.067785307765007,3206.195556640625,40033.1328125,1.1981536149978638,157.54405212402344,6.05668306350708,63.280181884765625,0.2817364633083343,9.224690437316896
transformer,UK,IEEE24,True,100,B,2,128,0.001,0.1555952280759811,14208.4384765625,25.015485763549805,0.102483369410038,0.1037809997797012,33.53779602050781,0.2004507035017013,49615.83203125,6839.51220703125,24.717803955078125,353.6969299316406,43.428409576416016,39.73157501220703,2.168812990188598,14.733135223388672
transformer,UK,IEEE39,True,100,B,2,128,0.001,0.152037501335144,37538.3359375,48.28653335571289,0.0926350131630897,0.1331831961870193,11.695297241210938,0.4061921834945678,74050.3828125,73634.1328125,10.558523178100586,2458.25830078125,41.78844451904297,106.3483428955078,1.469372034072876,43.53997421264648
transformer,UK,IEEE118,True,100,B,2,128,0.001,0.0989872440695762,56298.77734375,48.48479461669922,0.0681730285286903,0.059634905308485,3.444327116012573,0.5531756281852722,178740.765625,36564.85546875,0.7182645201683044,9888.775390625,38.4825325012207,61.14033508300781,0.5645025372505188,93.75177764892578
transformer,UK,UK,False,100,B,2,128,0.001,0.0064698443748056,11338.40625,17.98090171813965,0.0016748309135437,0.0117165939882397,52.38447952270508,0.0581168830394744,6706.09228515625,38527.390625,4.3386969566345215,115.80719757080078,7.501511096954346,57.253414154052734,0.5103479623794556,6.658322811126709
transformer,UK,IEEE24,True,300,B,2,128,0.001,0.2002929747104644,23544.26953125,35.483455657958984,0.0883736088871955,0.2989304363727569,8.1266450881958,0.2467856407165527,36894.24609375,56745.265625,1.451321005821228,536.1123657226562,36.451202392578125,87.16278839111328,0.6991973519325256,17.620647430419922
transformer,UK,IEEE39,True,300,B,2,128,0.001,0.1442885547876358,33809.390625,47.0322380065918,0.0830386728048324,0.133397102355957,5.342389106750488,0.3534810245037079,59502.84375,73870.8515625,2.20318865776062,1861.6436767578125,37.27919769287109,112.78089904785156,1.0068323612213137,37.062042236328125
transformer,UK,IEEE118,True,300,B,2,128,0.001,0.1024113520979881,60261.05078125,49.90937042236328,0.0686752125620842,0.0693794935941696,2.84328556060791,0.5609609484672546,181383.75,49490.87109375,0.4894593358039856,10169.0791015625,38.77559280395508,65.34379577636719,0.4952261745929718,95.02285766601562
transformer,UK,UK,False,300,B,2,128,0.001,0.0076725990511476,15945.912109375,20.275314331054688,0.00269166380167,0.0128308665007352,25.013071060180664,0.0867253690958023,17320.8515625,46203.921875,0.9892090559005736,257.8833312988281,6.928817272186279,63.926368713378906,0.2229274213314056,10.023140907287598
transformer,UK,IEEE24,True,700,B,2,128,0.001,0.1495636254549026,13128.2177734375,20.706897735595703,0.0893829092383384,0.1503757685422897,13.485491752624512,0.2151299118995666,37741.78515625,14359.6904296875,3.996450185775757,407.3968505859375,19.91865539550781,45.07978439331055,1.1483616828918457,16.6807918548584
transformer,UK,IEEE39,True,700,B,2,128,0.001,0.1366167068481445,30309.669921875,46.13184356689453,0.069715179502964,0.1360007524490356,9.35499095916748,0.4103631377220154,41940.3125,76782.6171875,6.755653381347656,2509.002197265625,30.90507125854492,107.43709564208984,1.5267690420150757,44.65841674804688
transformer,UK,IEEE118,True,700,B,2,128,0.001,0.1024819165468216,60344.12109375,48.62330627441406,0.0695533454418182,0.0666491761803627,3.62022876739502,0.5464968681335449,186052.0625,45672.25,0.7935013175010681,9651.431640625,39.29288482666016,62.04011535644531,0.6258039474487305,92.53440856933594
transformer,UK,UK,False,700,B,2,128,0.001,0.0079203331843018,16992.263671875,25.01499938964844,0.0017303492641076,0.0146761927753686,44.67540740966797,0.1022125855088234,7158.056640625,60449.6328125,3.1556668281555176,358.21160888671875,9.030556678771973,76.92630767822266,0.526050865650177,13.577078819274902
transformer,UK,IEEE24,True,1000,B,2,128,0.001,0.1540851145982742,13933.98046875,23.2119140625,0.1020078137516975,0.0987681373953819,5.095636367797852,0.2089115679264068,49156.4296875,6194.74072265625,0.5706077814102173,384.1855773925781,43.33421325683594,33.51902389526367,0.4672008156776428,15.527219772338867
transformer,UK,IEEE39,True,1000,B,2,128,0.001,0.1361930668354034,30121.984375,38.816184997558594,0.0904391631484031,0.1068725064396858,4.005080223083496,0.4088643491268158,70581.359375,47414.62890625,1.2382348775863647,2490.708251953125,40.87666702270508,68.9383544921875,0.6798149347305298,44.7698860168457
transformer,UK,IEEE118,True,1000,B,2,128,0.001,0.1020279675722122,59810.7109375,48.55796432495117,0.0693781599402427,0.0657555609941482,3.1210920810699463,0.5470370650291443,185116.015625,44455.73828125,0.5897783637046814,9670.5224609375,39.185035705566406,61.8719482421875,0.5512517690658569,92.6236343383789
transformer,UK,UK,False,1000,B,2,128,0.001,0.0064183711074292,11158.7099609375,20.298194885253903,0.0015479859430342,0.011739507317543,19.23783302307129,0.0814116299152374,5728.77294921875,38678.23046875,0.5851488709449768,227.2499542236328,6.394117832183838,64.30661010742188,0.2264740467071533,10.265576362609863
arma_gnn,IEEE24,IEEE24,False,0,B,8,128,0.001,0.0043699201196432,11.20729637145996,0.7696670889854431,0.0011550892377272,0.0075124795548617,0.8929753303527832,0.0174149814993143,6.30295991897583,35.83900833129883,0.01752345636487,2.669697999954224,0.3112066686153412,1.848566055297852,0.0664576813578605,0.8524378538131714
arma_gnn,IEEE24,IEEE39,True,0,B,8,128,0.001,0.11377814412117,21022.837890625,38.34352493286133,0.0719222873449325,0.0935313925147056,9.844276428222656,0.4583554565906524,44637.9140625,36315.76171875,7.4808030128479,3130.17919921875,31.9805965423584,67.73600006103516,1.5641896724700928,52.09331893920898
arma_gnn,IEEE24,IEEE118,True,0,B,8,128,0.001,0.1012922003865242,58951.1796875,45.01786422729492,0.0695618987083435,0.0638466402888298,3.8071770668029785,0.4911026656627655,186097.8125,41912.046875,0.8775700330734253,7794.01025390625,39.2883415222168,59.01866912841797,0.6175335049629211,81.14690399169922
arma_gnn,IEEE24,UK,True,0,B,8,128,0.001,0.1472396403551101,5872376.5,655.0223388671875,0.0885866060853004,0.1262693405151367,269.7339172363281,2.718400001525879,18761332.0,4474687.5,115.0337371826172,253371.453125,743.3544921875,1432.6727294921875,3.745496273040772,440.3165588378906
arma_gnn,IEEE39,IEEE24,True,0,B,8,128,0.001,0.1579085886478424,14634.0751953125,26.58839607238769,0.1011420488357544,0.1235574185848236,2.228491306304932,0.242132306098938,48325.56640625,9694.537109375,0.1091346740722656,516.0853881835938,42.92327499389648,45.13669967651367,0.2035352736711502,18.0900821685791
arma_gnn,IEEE39,IEEE39,False,0,B,8,128,0.001,0.0083422092720866,113.01492309570312,2.238710403442383,0.0020084066782146,0.0097959376871585,0.5590873956680298,0.0355885066092014,34.80809783935547,398.35693359375,0.0241290405392646,18.870519638061523,0.5506631731987,5.278902530670166,0.0935018509626388,3.031773567199707
arma_gnn,IEEE39,IEEE118,True,0,B,8,128,0.001,0.1012002900242805,58844.25390625,47.08370208740234,0.0686543956398963,0.0661050602793693,2.0539138317108154,0.5327880382537842,181273.859375,44929.56640625,0.2554112672805786,9173.2958984375,38.77804565429688,60.14308166503906,0.3069849908351898,89.10668182373047
arma_gnn,IEEE39,UK,True,0,B,8,128,0.001,0.1465096175670623,5814289.5,571.5463256835938,0.0899280607700347,0.1126600429415702,66.12879180908203,3.2457375526428223,19333838.0,3562104.75,6.914093494415283,361208.3125,753.8938598632812,1025.3265380859375,0.8835086226463318,506.0816345214844
arma_gnn,IEEE118,IEEE24,True,0,B,8,128,0.001,1.7400400638580322,1776938.25,637.010986328125,0.1123784109950065,1.5162352323532104,20.760948181152344,25.19575500488281,59659.44140625,1459898.25,9.4718599319458,5588185.5,48.08668899536133,680.053466796875,1.9488438367843628,1817.954833984375
arma_gnn,IEEE118,IEEE39,True,0,B,8,128,0.001,1.1735270023345947,2236453.25,552.8033447265625,0.1286702156066894,1.1722064018249512,34.753074645996094,14.421483993530272,142867.375,5704118.5,93.23243713378906,3098734.0,59.588260650634766,727.8037719726562,5.877866744995117,1417.9432373046875
arma_gnn,IEEE118,IEEE118,False,0,B,8,128,0.001,0.0030588086228817,53.75825119018555,1.2963870763778689,0.0009186728275381,0.0039597107097506,0.3451395630836487,0.025708669796586,32.457881927490234,161.20916748046875,0.0072121559642255,21.35873985290528,0.3343887329101562,2.4394774436950684,0.0483184345066547,2.36336350440979
arma_gnn,IEEE118,UK,True,0,B,8,128,0.001,1.4763436317443848,590390336.0,14833.3720703125,0.0963581949472427,1.3680055141448977,640.9080200195312,230.0223999023437,22197544.0,525221600.0,649.4495849609375,1814141568.0,823.9011840820312,18914.89453125,9.391399383544922,39585.30859375
arma_gnn,UK,IEEE24,True,0,B,8,128,0.001,0.152136281132698,13583.7412109375,30.40289306640625,0.0878226980566978,0.1659395545721054,13.368935585021973,0.2156546264886856,36435.69140625,17485.951171875,3.9276657104492174,409.3865966796875,37.75195693969727,66.32868957519531,0.9730783104896544,16.557838439941406
arma_gnn,UK,IEEE39,True,0,B,8,128,0.001,0.0706110671162605,8096.90576171875,26.869983673095703,0.0475326292216777,0.0495724752545356,11.69708251953125,0.4240327179431915,19496.6796875,10201.4423828125,10.56174659729004,2678.94091796875,21.66168594360352,37.49898910522461,2.0742979049682617,46.24496078491211
arma_gnn,UK,IEEE118,True,0,B,8,128,0.001,0.1023145169019699,60147.140625,48.18229293823242,0.0693495944142341,0.0669353157281875,2.6716315746307373,0.5438815355300903,184963.59375,46065.25390625,0.4321443140506744,9559.2763671875,39.1665153503418,61.10911178588867,0.4505241215229034,92.0030288696289
arma_gnn,UK,UK,False,0,B,8,128,0.001,0.0045207925140857,5535.96630859375,16.410856246948242,0.0016094618476927,0.0075219692662358,14.346447944641112,0.0456535033881664,6192.82763671875,15879.25,0.3254189193248749,71.46265411376953,9.315650939941406,50.24977493286133,0.1668868660926818,5.911113739013672
arma_gnn,IEEE24,IEEE24,False,100,B,8,128,0.001,0.0050778174772858,15.132404327392578,1.1907449960708618,0.0010059656342491,0.008675780147314,0.7074208855628967,0.0300340242683887,4.7805705070495605,47.797637939453125,0.0109975663945078,7.940413475036621,0.3315504491329193,2.801819562911988,0.0538668893277645,1.5757434368133545
arma_gnn,IEEE24,IEEE39,True,100,B,8,128,0.001,0.1109159886837005,19978.458984375,35.98163986206055,0.0633723363280296,0.1009446829557418,5.1822662353515625,0.4453641474246979,34655.84375,42300.66796875,2.073099136352539,2955.2548828125,27.862228393554688,69.72562408447266,0.5548858046531677,45.7838134765625
arma_gnn,IEEE24,IEEE118,True,100,B,8,128,0.001,0.1018094792962074,59554.8203125,46.10840606689453,0.0704901590943336,0.061901532113552,1.134129762649536,0.4889014363288879,191097.671875,39397.22265625,0.0778755471110344,7724.2978515625,39.85478973388672,63.45750427246094,0.1649977266788482,80.9563217163086
arma_gnn,IEEE24,UK,True,100,B,8,128,0.001,0.1450817286968231,5701509.0,495.9204711914063,0.089617408812046,0.1120705902576446,90.60796356201172,1.533202052116394,19200492.0,3524927.25,12.980361938476562,80599.015625,750.146484375,1011.375244140625,1.1674433946609497,220.9927215576172
arma_gnn,IEEE39,IEEE24,True,100,B,8,128,0.001,0.1597760915756225,14982.26171875,28.305084228515625,0.1002495661377906,0.1362352222204208,2.478358507156372,0.2751403152942657,47476.47265625,11786.0478515625,0.1349799036979675,666.3839111328125,42.4013671875,49.59320831298828,0.1715705692768097,21.05418586730957
arma_gnn,IEEE39,IEEE39,False,100,B,8,128,0.001,0.0081422738730907,107.66263580322266,2.2592592239379883,0.0029641885776072,0.008960130624473,0.7150839567184448,0.0379963479936122,75.82084655761719,333.27984619140625,0.039472509175539,21.51037979125977,0.7368203997612,5.166683673858643,0.1277736872434616,3.0057597160339355
arma_gnn,IEEE39,IEEE118,True,100,B,8,128,0.001,0.101117230951786,58747.6953125,46.808841705322266,0.0686480849981308,0.0660195052623748,2.006521224975586,0.5258713364601135,181240.515625,44813.33984375,0.2437604069709777,8936.6640625,38.77474212646485,60.18073272705078,0.3109980821609497,87.96888732910156
arma_gnn,IEEE39,UK,True,100,B,8,128,0.001,0.1472765207290649,5875318.5,600.469970703125,0.0898490995168685,0.1165875717997551,140.57289123535156,3.3576488494873047,19299900.0,3814796.25,31.24331855773925,386546.28125,752.7805786132812,1106.586181640625,2.064250469207764,540.4489135742188
arma_gnn,IEEE118,IEEE24,True,100,B,8,128,0.001,5.654027938842773,18761590.0,1308.46484375,0.1004411801695823,9.846273422241213,76.85274505615234,39.06515121459961,47658.1328125,61564892.0,129.79550170898438,13433681.0,42.62763595581055,2323.490966796875,7.274445056915283,2860.466064453125
arma_gnn,IEEE118,IEEE39,True,100,B,8,128,0.001,2.8213870525360107,12927036.0,1441.1463623046875,0.093967318534851,2.842694044113159,89.34405517578125,34.84025192260742,76195.734375,33545988.0,616.186279296875,18085350.0,42.58728790283203,2126.5341796875,16.794052124023438,3578.67041015625
arma_gnn,IEEE118,IEEE118,False,100,B,8,128,0.001,0.0030282523948699,52.68956756591797,1.300777554512024,0.0009398340480402,0.0039112325757741,0.2588275074958801,0.0245631709694862,33.97040939331055,157.28602600097656,0.0040559857152402,19.49778175354004,0.2717740535736084,2.488929986953736,0.0372960492968559,2.4051101207733154
arma_gnn,IEEE118,UK,True,100,B,8,128,0.001,2.454702377319336,1632157056.0,20186.720703125,0.0866963416337966,2.486936092376709,3939.565185546875,373.176513671875,17969218.0,1735785600.0,24538.6484375,4774847488.0,724.8931274414062,16056.67578125,61.45795822143555,63903.84375
arma_gnn,UK,IEEE24,True,100,B,8,128,0.001,0.1641420572996139,15812.2451171875,29.79371452331543,0.1012770906090736,0.1503046751022339,8.760393142700195,0.2252130210399627,48454.6953125,14346.1162109375,1.6865065097808838,446.4810485839844,42.98624420166016,57.73938751220703,0.6707162857055664,17.778518676757812
arma_gnn,UK,IEEE39,True,100,B,8,128,0.001,0.1247813254594802,25285.5703125,39.15280151367188,0.0872282832860946,0.0878593772649765,18.24612808227539,0.4786321520805359,65658.6015625,32044.724609375,25.6993465423584,3413.250732421875,39.571022033691406,61.58985137939453,2.3174610137939453,53.13288116455078
arma_gnn,UK,IEEE118,True,100,B,8,128,0.001,0.1023686155676841,60210.76171875,48.24147415161133,0.0693757012486457,0.066991738975048,2.577409267425537,0.5449488759040833,185102.875,46142.94140625,0.4022002816200256,9596.8330078125,39.1811637878418,61.138309478759766,0.4308329224586487,92.21556091308594
arma_gnn,UK,UK,False,100,B,8,128,0.001,0.0043673492036759,5166.5439453125,14.640960693359377,0.0018570825923234,0.0066404738463461,16.936450958251953,0.0362955443561077,8244.98828125,12375.564453125,0.4535225331783294,45.16869735717773,13.609564781188965,40.22626876831055,0.1876858025789261,4.540323257446289
arma_gnn,IEEE24,IEEE24,False,1000,B,8,128,0.001,0.0057807560078799,19.6120548248291,1.2444210052490234,0.0015082720201462,0.0097231213003396,0.7017523646354675,0.0294917691498994,10.746642112731934,60.034481048583984,0.0108220279216766,7.656278610229492,0.6186110973358154,2.676632165908813,0.0577227286994457,1.6247178316116333
arma_gnn,IEEE24,IEEE39,True,1000,B,8,128,0.001,0.1294620186090469,27218.1328125,38.77658081054688,0.0816787183284759,0.1077099591493606,4.5940680503845215,0.4591071009635925,57569.81640625,48160.62109375,1.629204273223877,3140.4541015625,36.61357498168945,69.21189880371094,0.7776857018470764,48.503173828125
arma_gnn,IEEE24,IEEE118,True,1000,B,8,128,0.001,0.1023443713784217,60182.25,45.62636566162109,0.0698350146412849,0.066264122724533,1.9000284671783447,0.4981938898563385,187562.0,45146.05078125,0.218572661280632,8020.71728515625,39.44758987426758,59.87901306152344,0.3313433825969696,82.84751892089844
arma_gnn,IEEE24,UK,True,1000,B,8,128,0.001,0.1445933878421783,5663190.5,509.86529541015625,0.0898768976330757,0.1071606129407882,156.45497131347656,1.855514645576477,19311844.0,3222828.75,38.70194625854492,118048.2890625,753.322509765625,1014.140869140625,2.111911058425904,269.8855895996094
arma_gnn,IEEE39,IEEE24,True,1000,B,8,128,0.001,0.1652154475450515,16019.7265625,28.651201248168945,0.1009972691535949,0.1563390046358108,2.319766998291016,0.2051097899675369,48187.30859375,15521.15625,0.1182577386498451,370.3299865722656,42.8381462097168,57.3783073425293,0.2258569151163101,14.162494659423828
arma_gnn,IEEE39,IEEE39,False,1000,B,8,128,0.001,0.0090298438444733,132.4140625,2.327582359313965,0.0041248127818107,0.0093412175774574,0.6079702973365784,0.0371611528098583,146.82008361816406,362.232421875,0.0285328608006238,20.575138092041016,0.7980185151100159,5.290634632110596,0.1017740964889526,3.119903087615967
arma_gnn,IEEE39,IEEE118,True,1000,B,8,128,0.001,0.0981871113181114,55392.30859375,46.20643997192383,0.0668013840913772,0.0632050633430481,1.932260513305664,0.5240375399589539,171620.578125,41073.9609375,0.2260513007640838,8874.4443359375,37.7333869934082,59.32591247558594,0.3129567205905914,87.4535140991211
arma_gnn,IEEE39,UK,True,1000,B,8,128,0.001,0.1470985412597656,5861126.5,605.2627563476562,0.0896249786019325,0.1188070550560951,79.3590087890625,2.8543083667755127,19203734.0,3961424.25,9.95741367340088,279339.75,750.5532836914062,1228.697265625,0.9915171265602112,440.8089599609375
arma_gnn,IEEE118,IEEE24,True,1000,B,8,128,0.001,2.618459701538086,4023885.75,1002.6256103515624,0.1222452148795127,3.646256446838379,209.3431854248047,29.34688377380371,70595.5234375,8442748.0,963.0714721679688,7581236.0,52.41748428344727,1630.320556640625,19.72914123535156,2308.035400390625
arma_gnn,IEEE118,IEEE39,True,1000,B,8,128,0.001,2.432988166809082,9612880.0,1439.1754150390625,0.1037369519472122,2.1067702770233154,218.2298889160156,36.5736198425293,92863.2578125,18425306.0,3676.284423828125,19929682.0,47.20780944824219,1979.763671875,42.781700134277344,3686.94873046875
arma_gnn,IEEE118,IEEE118,False,1000,B,8,128,0.001,0.0030727102421224,54.24799728393555,1.2904952764511108,0.0009499175939708,0.0039712968282401,0.2853301167488098,0.0249581299722194,34.7032585144043,162.15394592285156,0.0049291364848613,20.12984848022461,0.3138700425624847,2.40027928352356,0.0401061959564685,2.4077250957489014
arma_gnn,IEEE118,UK,True,1000,B,8,128,0.001,1.964568018913269,1045438400.0,18497.208984375,0.0984061062335968,2.9372260570526123,8975.310546875,225.0926513671875,23151102.0,2421260800.0,127365.8515625,1737214848.0,830.9654541015625,35059.76953125,135.87710571289062,37962.2109375
arma_gnn,UK,IEEE24,True,1000,B,8,128,0.001,0.1652647703886032,16029.294921875,29.77842140197754,0.1019559130072593,0.1516329050064087,4.862563610076904,0.215671569108963,49106.421875,14600.787109375,0.5196028351783752,409.4509582519531,43.28813934326172,59.001163482666016,0.3898273408412933,16.43455696105957
arma_gnn,UK,IEEE39,True,1000,B,8,128,0.001,0.1270124614238739,26197.8828125,38.990718841552734,0.0899102315306663,0.0877304300665855,13.409403800964355,0.4538337588310241,69758.1875,31950.740234375,13.880322456359863,3068.72509765625,40.63349533081055,63.383785247802734,1.9450982809066768,50.000484466552734
arma_gnn,UK,IEEE118,True,1000,B,8,128,0.001,0.1022594645619392,60082.43359375,48.08382797241211,0.0692578181624412,0.0671800822019577,1.9232439994812007,0.54083251953125,184474.375,46402.765625,0.2239465564489364,9452.3984375,39.11410903930664,61.46468734741211,0.3105514645576477,91.44598388671876
arma_gnn,UK,UK,False,1000,B,8,128,0.001,0.0042892200872302,4983.3447265625,14.65607738494873,0.0015501893358305,0.007098373491317,14.584702491760254,0.0369472354650497,5745.09326171875,14141.1435546875,0.3363172709941864,46.805274963378906,10.626672744750977,43.504337310791016,0.1173938736319542,4.375902652740479
arma_gnn,IEEE24,IEEE24,False,300,B,8,128,0.001,0.005377794150263,16.9731388092041,1.0742862224578855,0.0022843335755169,0.0078466571867465,0.7821065783500671,0.0216600466519594,24.65087890625,39.0983772277832,0.0134422732517123,4.129855632781982,0.8728390336036682,2.1406726837158203,0.0527349524199962,1.2308977842330933
arma_gnn,IEEE24,IEEE39,True,300,B,8,128,0.001,0.1138298586010932,21041.953125,40.841941833496094,0.0691455155611038,0.0969482585787773,24.457244873046875,0.5080914497375488,41257.703125,39017.58203125,46.17380905151367,3846.3447265625,30.98743057250977,73.24600982666016,3.342677354812622,55.791648864746094
arma_gnn,IEEE24,IEEE118,True,300,B,8,128,0.001,0.1005983278155326,58146.2890625,44.69557189941406,0.0692955255508422,0.0627446249127388,2.602285861968994,0.4795540869235992,184675.28125,40477.70703125,0.410001665353775,7431.75927734375,39.13557052612305,60.23229217529297,0.4024286270141601,79.01199340820312
arma_gnn,IEEE24,UK,True,300,B,8,128,0.001,0.1502707153558731,6116641.5,679.2411499023438,0.0900176018476486,0.1292384564876556,221.0093688964844,3.443363666534424,19372354.0,4687598.5,77.22810363769531,406533.875,754.1602783203125,1408.2025146484375,3.112595319747925,551.489501953125
arma_gnn,IEEE39,IEEE24,True,300,B,8,128,0.001,0.1599881947040558,15022.068359375,26.4292049407959,0.101438507437706,0.1328423917293548,3.306982517242432,0.1759231686592102,48609.27734375,11206.3125,0.240328162908554,272.4345397949219,43.04611587524414,50.21247100830078,0.2746237218379974,12.183613777160645
arma_gnn,IEEE39,IEEE39,False,300,B,8,128,0.001,0.0087247053161263,123.61614227294922,2.440037965774536,0.0027330114971846,0.0098353121429681,0.6313684582710266,0.0436690263450145,64.45548248291016,401.5657043457031,0.0307713393121957,28.41263198852539,0.8244038224220276,5.420078277587891,0.1064051985740661,3.409265518188477
arma_gnn,IEEE39,IEEE118,True,300,B,8,128,0.001,0.1013109982013702,58973.06640625,46.950191497802734,0.0688533633947372,0.0657382756471633,1.4999608993530271,0.5316371321678162,182326.0625,44432.3671875,0.1362183094024658,9133.7060546875,38.88612365722656,60.19044494628906,0.2424691170454025,88.48171997070312
arma_gnn,IEEE39,UK,True,300,B,8,128,0.001,0.1460017710924148,5774049.5,557.4898071289062,0.0898657590150833,0.1128198429942131,121.91024780273438,2.5151736736297607,19307056.0,3572217.25,23.49819564819336,216903.65625,752.6148071289062,1101.6727294921875,1.794879913330078,373.8768005371094
arma_gnn,IEEE118,IEEE24,True,300,B,8,128,0.001,1.6815344095230105,1659454.25,473.0338439941406,0.1213724613189697,2.756434202194214,53.575103759765625,14.072741508483888,69591.1171875,4824859.0,63.07640075683594,1743305.375,51.29255294799805,917.4600830078124,4.023677349090576,919.3591918945312
arma_gnn,IEEE118,IEEE39,True,300,B,8,128,0.001,1.8146461248397827,5347583.0,711.0576171875,0.0930627509951591,2.154348134994507,43.75583267211914,11.725726127624512,74735.8046875,19266912.0,147.7925567626953,2048537.375,42.30225372314453,1726.81640625,6.996775627136231,1068.1153564453125
arma_gnn,IEEE118,IEEE118,False,300,B,8,128,0.001,0.0029406249523162,49.684364318847656,1.3216103315353394,0.0006825425080023,0.003973594866693,0.3538095653057098,0.0239080060273408,17.91669464111328,162.34165954589844,0.007579050026834,18.471540451049805,0.2080900073051452,2.616919994354248,0.0508356541395187,2.410595655441284
arma_gnn,IEEE118,UK,True,300,B,8,128,0.001,0.978995442390442,259612544.0,9003.5224609375,0.0856315717101097,1.185334324836731,1095.5224609375,135.1851806640625,17530544.0,394319776.0,1897.5648193359373,626598080.0,714.7717895507812,13963.423828125,16.045467376708984,21319.849609375
arma_gnn,UK,IEEE24,True,300,B,8,128,0.001,0.1502026915550232,13240.646484375,26.955570220947266,0.0952693074941635,0.1233149170875549,6.406518459320068,0.2206717431545257,42876.5078125,9656.51953125,0.9019553661346436,428.6566162109375,40.66504669189453,49.27436447143555,0.5407648682594299,17.342111587524414
arma_gnn,UK,IEEE39,True,300,B,8,128,0.001,0.122700847685337,24449.4296875,33.35683822631836,0.0268910378217697,0.1463106572628021,10.95350742340088,0.4243568480014801,6240.107421875,88865.3125,9.261621475219728,2683.0380859375,11.438000679016112,73.90338134765625,1.743362307548523,46.34261703491211
arma_gnn,UK,IEEE118,True,300,B,8,128,0.001,0.102432757616043,60286.2421875,48.61441802978516,0.0693248137831687,0.0674737319350242,3.134509563446045,0.542296826839447,184831.4375,46809.31640625,0.5948600769042969,9503.650390625,39.1523666381836,63.07475662231445,0.534441351890564,91.69612121582033
arma_gnn,UK,UK,False,300,B,8,128,0.001,0.0045779342763125,5676.79736328125,14.675722122192385,0.0017311134142801,0.0074278349056839,11.73837661743164,0.0412356369197368,7164.380859375,15484.2900390625,0.217856302857399,58.30105209350586,11.868818283081056,41.79154586791992,0.1486258953809738,4.89390230178833
arma_gnn,IEEE24,IEEE24,False,700,B,8,128,0.001,0.0050737769342958,15.108333587646484,1.1320359706878662,0.0009983817581087,0.0087453806772828,0.8331494927406311,0.0284834560006856,4.708761215209961,48.56762313842773,0.0152541045099496,7.141697406768799,0.3167406320571899,2.349217176437378,0.06006471067667,1.8021211624145508
arma_gnn,IEEE24,IEEE39,True,700,B,8,128,0.001,0.1196097955107688,23233.09765625,35.65177536010742,0.0814670473337173,0.0897227451205253,9.121137619018556,0.3873734772205353,57271.81640625,33418.38671875,6.422122955322266,2235.754638671875,36.56159973144531,61.536563873291016,1.5046485662460327,43.00428009033203
arma_gnn,IEEE24,IEEE118,True,700,B,8,128,0.001,0.1012246087193489,58872.53515625,45.7601203918457,0.0695132240653038,0.0635681301355362,2.356775522232056,0.5008096694946289,185837.46875,41547.19140625,0.3362885117530823,8105.1640625,39.25952911376953,60.37236785888672,0.3387245833873749,83.06986999511719
arma_gnn,IEEE24,UK,True,700,B,8,128,0.001,0.147239089012146,5872330.5,608.7545776367188,0.0895455628633499,0.1194152981042862,196.952865600586,3.042802333831787,19169720.0,4002089.0,61.33080291748047,317452.28125,750.8438110351562,1219.2724609375,2.635408878326416,462.2669372558594
arma_gnn,IEEE39,IEEE24,True,700,B,8,128,0.001,0.1623400002717971,15466.9580078125,29.09627914428711,0.1011403501033783,0.1425964385271072,2.288737297058105,0.267816811800003,48323.94140625,12912.3935546875,0.1151152029633522,631.38134765625,42.91116714477539,53.01441192626953,0.220415249466896,20.23912811279297
arma_gnn,IEEE39,IEEE39,False,700,B,8,128,0.001,0.0084846643730998,116.90766143798828,2.2824957370758057,0.0032448151614516,0.0092741763219237,0.5033469796180725,0.0363647155463695,90.85668182373048,357.0516967773437,0.0195576045662164,19.70265769958496,0.8402335047721863,5.3067169189453125,0.0885451063513755,2.8944876194000244
arma_gnn,IEEE39,IEEE118,True,700,B,8,128,0.001,0.1012071743607521,58852.25390625,47.25449752807617,0.0686217993497848,0.0662931129336357,1.7746789455413818,0.5312824249267578,181101.734375,45185.55859375,0.1906844079494476,9121.5224609375,38.759063720703125,60.87914276123047,0.2820589244365692,89.09770965576172
arma_gnn,IEEE39,UK,True,700,B,8,128,0.001,0.1465286165475845,5815796.5,609.0349731445312,0.0897706970572471,0.1126329004764556,63.23323440551758,3.568267583847046,19266230.0,3560388.25,6.321859359741211,436561.875,751.8493041992188,1109.149169921875,0.8417384624481201,574.29931640625
arma_gnn,IEEE118,IEEE24,True,700,B,8,128,0.001,1.1617697477340698,792125.4375,300.1559753417969,0.151696503162384,1.9630848169326784,28.8184871673584,8.342100143432617,108708.75,2447189.0,18.250856399536133,612585.8125,65.83539581298828,616.1533203125,2.0817201137542725,516.553466796875
arma_gnn,IEEE118,IEEE39,True,700,B,8,128,0.001,0.5557254552841187,501526.875,243.0794677734375,0.0942496210336685,0.6469377875328064,36.6240463256836,3.5891048908233643,76654.2421875,1737422.375,103.54122161865234,191927.28125,42.85234069824219,603.1796875,6.132226943969727,320.153564453125
arma_gnn,IEEE118,IEEE118,False,700,B,8,128,0.001,0.0031166528351604,55.81068420410156,1.388738036155701,0.0008959753904491,0.0040721367113292,0.3452705144882202,0.0260135382413864,30.87383270263672,170.4933624267578,0.0072176288813352,21.86831283569336,0.2522684633731842,2.693232297897339,0.0501951947808265,2.559256792068481
arma_gnn,IEEE118,UK,True,700,B,8,128,0.001,0.5139302015304565,71543888.0,4875.29150390625,0.1052794456481933,0.6745359301567078,1426.6259765625,62.04201126098633,26498104.0,127695904.0,3217.913330078125,131978344.0,919.2116088867188,9021.8505859375,21.83357620239257,9538.271484375
arma_gnn,UK,IEEE24,True,700,B,8,128,0.001,0.1519989222288131,13559.224609375,30.82219696044922,0.0806459710001945,0.1903882920742035,12.118135452270508,0.2362909466028213,30724.0703125,23018.123046875,3.227100133895874,491.4849853515625,34.681331634521484,69.2829818725586,0.9073017239570618,18.417179107666016
arma_gnn,UK,IEEE39,True,700,B,8,128,0.001,0.0798293575644493,10349.0126953125,31.921127319335938,0.027238979935646,0.0872715041041374,23.60406494140625,0.4729775488376617,6402.6337890625,31617.333984375,43.00849914550781,3333.077880859375,11.400214195251465,60.27458190917969,3.6470232009887695,52.36268997192383
arma_gnn,UK,IEEE118,True,700,B,8,128,0.001,0.1022916585206985,60120.26953125,48.25901412963867,0.0693245679140091,0.0670288056135177,2.7635865211486816,0.5409497618675232,184830.140625,46194.0234375,0.4624041616916656,9456.4951171875,39.1518783569336,61.936222076416016,0.4691198468208313,91.47884368896484
arma_gnn,UK,UK,False,700,B,8,128,0.001,0.0038401077035814,3994.396240234375,13.966140747070312,0.0013984529068693,0.0063348650000989,14.513086318969728,0.0337805524468421,4675.44873046875,11262.6767578125,0.3330225050449371,39.12591171264648,8.98447036743164,42.873573303222656,0.1443902105093002,3.862126588821411
nnconv,IEEE24,IEEE24,False,0,B,2,128,0.001,0.0120904948562383,85.7910385131836,2.4535446166992188,0.0028178526554256,0.0212608128786087,1.7028145790100098,0.0459001921117305,37.510250091552734,287.0444030761719,0.0637199655175209,18.5457763671875,1.1181347370147705,5.692085266113281,0.1292667686939239,2.874689817428589
nnconv,IEEE24,IEEE39,True,0,B,2,128,0.001,0.2231537997722625,80869.0234375,91.87438201904295,0.0902082324028015,0.1410005986690521,74.09550476074219,3.380833625793457,70221.3828125,82531.9765625,423.8033447265625,170298.953125,40.78115463256836,108.56350708007812,11.21350383758545,206.9393768310547
nnconv,IEEE24,IEEE118,True,0,B,2,128,0.001,0.1024514436721801,60308.2421875,48.39814758300781,0.0695091634988784,0.0666201710700988,11.618414878845217,0.5500270128250122,185815.734375,45632.50390625,8.172772407531738,9776.5224609375,39.25730514526367,60.75175857543945,1.417056918144226,92.1664810180664
nnconv,IEEE24,UK,True,0,B,2,128,0.001,0.1470423489809036,5856649.5,589.859375,0.0902523472905159,0.1115275472402572,547.105224609375,3.669750690460205,19473528.0,3490850.0,473.255615234375,461746.96875,756.6492309570312,1089.7783203125,5.957279205322266,507.0527648925781
nnconv,IEEE39,IEEE24,True,0,B,2,128,0.001,0.154737651348114,14052.2470703125,27.73326110839844,0.0996572151780128,0.1151109263300895,43.64633560180664,0.3081109821796417,46917.078125,8414.38671875,41.86358642578125,835.6614379882812,42.12495422363281,43.64558410644531,3.466092824935913,21.696428298950195
nnconv,IEEE39,IEEE39,False,0,B,2,128,0.001,0.0225268956273794,824.0930786132812,4.6901140213012695,0.0106916958466172,0.0233185980468988,1.6119464635849,0.059334460645914,986.4387817382812,2257.279052734375,0.200577363371849,52.4539794921875,1.8762158155441284,11.622475624084473,0.2516150176525116,5.010149002075195
nnconv,IEEE39,IEEE118,True,0,B,2,128,0.001,0.1032955199480056,61306.06640625,49.89753723144531,0.0698942244052887,0.0668990090489387,5.315895080566406,0.5920396447181702,187880.203125,46015.29296875,1.710914969444275,11327.0810546875,39.48170852661133,61.04154586791992,0.5906096696853638,98.47628021240234
nnconv,IEEE39,UK,True,0,B,2,128,0.001,0.1465831249952316,5820124.5,522.62548828125,0.0898290500044822,0.1179406717419624,396.2279052734375,1.575501799583435,19291286.0,3903858.0,248.22422790527344,85107.6875,752.3243408203125,1111.537109375,5.980895042419434,220.65968322753903
nnconv,IEEE118,IEEE24,True,0,B,2,128,0.001,2.0226612091064453,2401044.0,680.4183349609375,0.1369474232196808,1.6724231243133545,278.3931579589844,29.6482048034668,88597.4375,1776158.5,1703.169921875,7737717.0,59.20764923095703,513.2322387695312,17.64811897277832,2131.58544921875
nnconv,IEEE118,IEEE39,True,0,B,2,128,0.001,6.105808734893799,60542448.0,1937.5008544921875,3.058313608169556,6.172756195068359,281.8171691894531,14.827898979187012,80712536.0,158175280.0,6130.77734375,3275847.25,1425.8663330078125,4978.11669921875,44.03048324584961,1301.9908447265625
nnconv,IEEE118,IEEE118,False,0,B,2,128,0.001,0.0049006333574652,137.9891357421875,1.7168495655059814,0.0014446042478084,0.0065328809432685,0.3680813610553741,0.0318991020321846,80.25946044921875,438.8057556152344,0.0082028219476342,32.88314437866211,0.4260269701480865,3.2380802631378174,0.0521296449005603,3.151161193847656
nnconv,IEEE118,UK,True,0,B,2,128,0.001,1.771226406097412,849791680.0,13342.7255859375,0.1136172488331794,2.609949827194214,3880.252685546875,206.10780334472656,30861440.0,1911750400.0,23805.32421875,1456531072.0,994.4441528320312,20499.095703125,36.6887092590332,31840.677734375
nnconv,UK,IEEE24,True,0,B,2,128,0.001,0.2935747504234314,50581.44140625,61.99386215209961,0.1057300865650177,0.4810794591903686,81.3969497680664,0.5224508047103882,52809.32421875,146968.078125,145.59857177734375,2402.74072265625,45.25590133666992,162.7940673828125,6.58699893951416,33.33846664428711
nnconv,UK,IEEE39,True,0,B,2,128,0.001,0.2611254751682281,110731.7265625,82.2981948852539,0.1263641268014907,0.2692424654960632,78.83169555664062,0.4999192655086517,137792.1875,300931.40625,479.7139892578125,3723.610107421875,57.6180534362793,204.85140991210932,15.3344087600708,51.38888931274414
nnconv,UK,IEEE118,True,0,B,2,128,0.001,0.1026108860969543,60496.09765625,48.94356918334961,0.0695500969886779,0.0673106014728546,15.835630416870115,0.5379315614700317,186034.671875,46583.24609375,15.182607650756836,9351.267578125,39.281192779541016,63.77299880981445,1.9344329833984373,90.78565979003906
nnconv,UK,UK,False,0,B,2,128,0.001,0.0108917290344834,32133.4921875,24.417369842529297,0.0055745225399732,0.0138886915519833,50.98202133178711,0.0543537102639675,74292.140625,54136.4140625,4.109492778778076,101.29530334472656,22.220474243164062,68.19554138183594,0.532471776008606,6.720996856689453
nnconv,IEEE24,IEEE24,False,100,B,2,128,0.001,0.0116926319897174,80.2376937866211,2.118797779083252,0.0015099346637725,0.0214676205068826,1.4619063138961792,0.044558722525835,10.770347595214844,292.6558837890625,0.0469656102359294,17.477588653564453,0.578464686870575,5.458622455596924,0.1098142266273498,2.328290700912476
nnconv,IEEE24,IEEE39,True,100,B,2,128,0.001,0.168243259191513,45967.29296875,74.30956268310547,0.0893618017435073,0.126288503408432,132.7967071533203,1.783460021018982,68909.78125,66207.625,1361.304443359375,47390.484375,40.36677932739258,100.59088134765624,20.02531623840332,136.2552947998047
nnconv,IEEE24,IEEE118,True,100,B,2,128,0.001,0.101804494857788,59548.984375,46.6580924987793,0.0693161711096763,0.0659407973289489,3.4190306663513184,0.5189601182937622,184785.359375,44706.5546875,0.7077527642250061,8703.3095703125,39.14714050292969,60.97420120239258,0.4901996254920959,86.02084350585938
nnconv,IEEE24,UK,True,100,B,2,128,0.001,0.148477703332901,5971547.0,598.1990356445312,0.0904948860406875,0.1173339039087295,438.63812255859375,3.597568988800049,19578330.0,3863793.25,304.205322265625,443761.09375,759.7439575195312,1141.8194580078125,4.11887264251709,487.1139221191406
nnconv,IEEE39,IEEE24,True,100,B,2,128,0.001,0.1655566990375518,16085.9736328125,34.39934539794922,0.1016051694750785,0.1487549841403961,42.86450958251953,0.4103929698467254,48769.12890625,14051.81640625,40.37723159790039,1482.5721435546875,43.093204498291016,61.76499938964844,3.1684110164642334,29.570781707763672
nnconv,IEEE39,IEEE39,False,100,B,2,128,0.001,0.0231575034558773,870.8775024414062,4.459757328033447,0.0112540405243635,0.023764856159687,1.4026577472686768,0.0555172897875309,1092.9339599609375,2344.502685546875,0.1518742442131042,45.92201614379883,2.0827887058258057,11.158886909484863,0.2174029797315597,4.379950046539307
nnconv,IEEE39,IEEE118,True,100,B,2,128,0.001,0.1034277901053428,61463.171875,50.36607360839844,0.0699284002184867,0.0669523179531097,12.273212432861328,0.6014729142189026,188063.984375,46088.65625,9.119943618774414,11690.9169921875,39.50109100341797,61.35046005249024,0.6838194727897644,99.92891693115234
nnconv,IEEE39,UK,True,100,B,2,128,0.001,0.1493406593799591,6041162.0,561.17626953125,0.0898476913571357,0.1305604875087738,506.7015686035156,1.5366075038909912,19299296.0,4783990.5,405.93695068359375,80957.4609375,752.328125,1260.93115234375,7.485933303833008,223.95974731445312
nnconv,IEEE118,IEEE24,True,100,B,2,128,0.001,2.1435818672180176,2696708.0,706.0496215820312,0.1832456886768341,1.699562668800354,233.68798828125,31.6048641204834,158628.421875,1834272.0,1200.0894775390625,8792733.0,81.05615234375,614.6907958984375,13.396733283996582,2115.0546875
nnconv,IEEE118,IEEE39,True,100,B,2,128,0.001,9.37905502319336,142853792.0,3962.04296875,1.7594541311264038,7.384640693664551,451.8981018066406,146.16375732421875,26713628.0,226380544.0,15763.8291015625,318305248.0,794.4298706054688,5988.76611328125,48.0737419128418,9016.900390625
nnconv,IEEE118,IEEE118,False,100,B,2,128,0.001,0.0048283524811267,133.94866943359375,1.7971234321594238,0.0014324651565402,0.0064052692614495,0.4062145352363586,0.0329278483986854,78.91626739501953,421.83013916015625,0.0099904835224151,35.03830337524414,0.6022923588752747,3.323631048202514,0.0577488020062446,3.2048206329345703
nnconv,IEEE118,UK,True,100,B,2,128,0.001,2.5097599029541016,1706194944.0,18629.837890625,0.1046923696994781,3.9952144622802734,2581.68115234375,260.0603942871094,26203402.0,4479680512.0,10538.025390625,2318885632.0,905.1476440429688,35320.4921875,37.408538818359375,38256.3046875
nnconv,UK,IEEE24,True,100,B,2,128,0.001,0.2310133576393127,31320.447265625,45.66372680664063,0.1061631739139556,0.3338993489742279,149.42274475097656,0.2919621467590332,53242.84375,70797.921875,490.6528015136719,750.3591918945312,45.31923294067383,106.42713165283205,10.811094284057615,20.09744453430176
nnconv,UK,IEEE39,True,100,B,2,128,0.001,0.3544172346591949,203987.359375,94.92605590820312,0.233720451593399,0.2858854234218597,122.18966674804688,0.5266824960708618,471379.1875,339284.75,1152.5230712890625,4132.97021484375,107.73815155029295,218.38656616210932,12.687485694885254,40.89201354980469
nnconv,UK,IEEE118,True,100,B,2,128,0.001,0.1030509620904922,61016.125,50.656036376953125,0.0694922804832458,0.0684502348303794,21.22022819519043,0.5600962042808533,185725.5,48174.0,27.26313209533692,10137.7509765625,39.247501373291016,66.86895751953125,1.6845844984054563,94.82310485839844
nnconv,UK,UK,False,100,B,2,128,0.001,0.0087689207866787,20828.43359375,19.94277572631836,0.004487229976803,0.011185404844582,29.426176071166992,0.0423841290175914,48137.58203125,35113.1875,1.3690574169158936,61.59386444091797,18.766075134277344,55.70703506469727,0.2855962216854095,5.012396812438965
nnconv,IEEE24,IEEE24,False,300,B,2,128,0.001,0.0119145298376679,83.31201171875,2.351603031158448,0.0016371037345379,0.0218302775174379,2.346848487854004,0.0450170449912548,12.660937309265137,302.6271667480469,0.1210350021719932,17.83898162841797,0.5727107524871826,5.936466693878174,0.1577476263046264,2.739486694335937
nnconv,IEEE24,IEEE39,True,300,B,2,128,0.001,0.152989000082016,38009.6640625,66.33659362792969,0.0878756344318389,0.1083311885595321,121.48836517333984,1.5445636510849,66636.7734375,48717.765625,1139.3314208984375,35544.796875,39.58242034912109,73.82974243164062,19.78026962280273,132.1539306640625
nnconv,IEEE24,IEEE118,True,300,B,2,128,0.001,0.102150022983551,59953.89453125,47.60958862304688,0.0693730935454368,0.0668699294328689,4.90150260925293,0.5203438997268677,185089.0,45975.29296875,1.4545681476593018,8749.7841796875,39.179969787597656,64.376953125,0.5513551235198975,86.33007049560547
nnconv,IEEE24,UK,True,300,B,2,128,0.001,0.1476077735424041,5901776.0,584.3006591796875,0.0903574451804161,0.114688329398632,1084.052734375,3.3934004306793213,19518904.0,3691520.75,1858.0394287109373,394821.875,757.896484375,1118.1119384765625,12.538302421569824,448.6561279296875
nnconv,IEEE39,IEEE24,True,300,B,2,128,0.001,0.1609412580728531,15201.5732421875,30.83302116394043,0.1008449122309684,0.1361326724290847,21.358009338378903,0.3346676230430603,48042.0390625,11768.3115234375,10.024492263793944,985.924072265625,42.80390167236328,56.10717391967773,1.5208520889282229,22.90016365051269
nnconv,IEEE39,IEEE39,False,300,B,2,128,0.001,0.0228527914732694,848.10986328125,4.658938884735107,0.011037852615118,0.0235259030014276,2.2816321849823,0.0537833422422409,1051.3472900390625,2297.59228515625,0.4018573462963104,43.09828567504883,2.309061050415039,11.753847122192385,0.3398658335208893,4.232981204986572
nnconv,IEEE39,IEEE118,True,300,B,2,128,0.001,0.10331342369318,61327.3203125,50.39850997924805,0.0698372572660446,0.0670845881104469,9.766057968139648,0.5954654812812805,187574.046875,46270.94140625,5.7744975090026855,11458.546875,39.44857406616211,61.74193954467773,0.7552056312561035,99.64832305908205
nnconv,IEEE39,UK,True,300,B,2,128,0.001,0.1475085020065307,5893840.5,524.34765625,0.0895446389913559,0.1247600987553596,318.1470642089844,1.046157717704773,19169320.0,4368358.0,160.0331268310547,37525.39453125,749.4050903320312,1200.856689453125,4.325532913208008,142.8033447265625
nnconv,IEEE118,IEEE24,True,300,B,2,128,0.001,1.3389854431152344,1052217.5,326.35015869140625,0.0951391607522964,0.815514326095581,184.14794921875,20.620723724365234,42759.4453125,422330.625,745.2030029296875,3743035.0,40.16446685791016,328.199951171875,11.671462059020996,925.3648071289062
nnconv,IEEE118,IEEE39,True,300,B,2,128,0.001,25.93305015563965,1092146176.0,7356.11474609375,3.1750388145446777,31.842430114746094,968.4794921875,69.7021484375,86991144.0,4209134336.0,72403.828125,72386360.0,1441.885498046875,23821.50390625,90.13290405273438,4070.9365234375
nnconv,IEEE118,IEEE118,False,300,B,2,128,0.001,0.0049027721397578,138.10960388183594,1.8328254222869875,0.0014997689286246,0.0064806281588971,0.3624370098114013,0.0324887260794639,86.50618743896484,431.8142700195313,0.0079531772062182,34.11000442504883,0.4411389231681824,3.2565042972564697,0.0466360263526439,3.587022542953491
nnconv,IEEE118,UK,True,300,B,2,128,0.001,1.7635661363601685,842457216.0,10054.2099609375,0.0860333293676376,3.198070287704468,982.892333984375,118.5320816040039,17695426.0,2870402816.0,1527.4464111328125,481728960.0,721.9383544921875,29521.509765625,13.246437072753906,9960.150390625
nnconv,UK,IEEE24,True,300,B,2,128,0.001,0.2354903370141983,32546.1796875,46.14965438842773,0.1052618399262428,0.3482019007205963,86.31392669677734,0.2790218293666839,52342.60546875,76993.0703125,163.72032165527344,685.3185424804688,44.795204162597656,110.48321533203124,7.573114395141602,21.7470760345459
nnconv,UK,IEEE39,True,300,B,2,128,0.001,0.2549602389335632,105564.640625,75.62130737304688,0.094100683927536,0.2874059975147247,59.23291778564453,0.4234768748283386,76412.1796875,342903.625,270.8363037109375,2671.92236328125,42.133392333984375,207.6304473876953,10.171263694763184,42.55012893676758
nnconv,UK,IEEE118,True,300,B,2,128,0.001,0.1031319126486778,61112.015625,50.55818176269531,0.0695236548781395,0.0689369067549705,15.648781776428224,0.5472630262374878,185893.265625,48861.45703125,14.826434135437012,9678.5126953125,39.26668548583984,68.35907745361328,2.036935567855835,92.5700225830078
nnconv,UK,UK,False,300,B,2,128,0.001,0.0097750993445515,25882.52734375,21.349822998046875,0.0050747422501444,0.0122194429859519,35.78672790527344,0.0399237908422946,61568.0703125,41905.3671875,2.024874448776245,54.65054321289063,19.80183792114257,60.47565078735352,0.3613518178462982,4.760448932647705
