model,n_pairs,mean_nrmse,std_nrmse,mmd_range,g_score
gcn,12,0.47321629027525586,0.45747991552652484,0.516485351594462,0.8420409297238096
arma_gnn,12,0.6603542224814495,0.9922519567532647,0.516485351594462,1.460317144942088
gat,12,0.1885870452970266,0.09022410135485018,0.516485351594462,0.26132657007697946
gin,12,3.5224884127577147,7.482767794048063,0.516485351594462,9.555166657311188
transformer,12,0.7360714549819628,1.0535496964675157,0.516485351594462,1.5854531955848135
nnconv,12,1.91146511460344,4.63810604121988,0.516485351594462,5.650750119953358
dc_pf,4,0.016710907220840423,0.005058064365121964,0.0,0.016710907220840423
